{
"type": "FeatureCollection",
"name": "situacion_provincias",
"crs": { "type": "name", "properties": { "name": "urn:ogc:def:crs:OGC:1.3:CRS84" } },
"xy_coordinate_resolution": 0.0001,
"features": [
{ "type": "Feature", "properties": { "prov": "A Coruña", "ccaa": "Galicia" }, "geometry": { "type": "MultiPolygon", "coordinates": [ [ [ [ -9.1731, 42.799 ], [ -9.1726, 42.7986 ], [ -9.173, 42.7981 ], [ -9.1731, 42.799 ] ] ], [ [ [ -9.1724, 42.7998 ], [ -9.1725, 42.8004 ], [ -9.1722, 42.8001 ], [ -9.1724, 42.7998 ] ] ], [ [ [ -9.1715, 42.8632 ], [ -9.1723, 42.8634 ], [ -9.172, 42.8636 ], [ -9.1715, 42.8632 ] ] ], [ [ [ -9.1837, 42.8772 ], [ -9.1836, 42.877 ], [ -9.1837, 42.877 ], [ -9.1837, 42.8772 ] ] ], [ [ [ -9.1847, 42.879 ], [ -9.1839, 42.8788 ], [ -9.1841, 42.8786 ], [ -9.1847, 42.879 ] ] ], [ [ [ -9.1824, 42.8786 ], [ -9.1824, 42.8785 ], [ -9.1829, 42.8792 ], [ -9.1824, 42.8786 ] ] ], [ [ [ -9.1851, 42.8796 ], [ -9.1849, 42.8791 ], [ -9.1855, 42.8792 ], [ -9.1851, 42.8796 ] ] ], [ [ [ -9.1841, 42.8792 ], [ -9.1846, 42.8792 ], [ -9.1849, 42.8797 ], [ -9.1841, 42.8792 ] ] ], [ [ [ -9.1839, 42.8794 ], [ -9.1841, 42.8798 ], [ -9.184, 42.8798 ], [ -9.1839, 42.8794 ] ] ], [ [ [ -9.187, 42.8801 ], [ -9.1868, 42.88 ], [ -9.1869, 42.8791 ], [ -9.187, 42.8801 ] ] ], [ [ [ -9.1838, 42.8805 ], [ -9.1838, 42.88 ], [ -9.1844, 42.8804 ], [ -9.1838, 42.8805 ] ] ], [ [ [ -9.1851, 42.8813 ], [ -9.1844, 42.88 ], [ -9.1859, 42.8797 ], [ -9.1851, 42.8813 ] ] ], [ [ [ -9.1876, 42.8811 ], [ -9.1872, 42.8802 ], [ -9.1877, 42.8809 ], [ -9.1876, 42.8811 ] ] ], [ [ [ -9.1864, 42.8821 ], [ -9.1861, 42.8817 ], [ -9.1869, 42.8814 ], [ -9.1864, 42.8821 ] ] ], [ [ [ -9.1848, 42.8824 ], [ -9.1844, 42.8816 ], [ -9.185, 42.8819 ], [ -9.1848, 42.8824 ] ] ], [ [ [ -9.1872, 42.8828 ], [ -9.187, 42.8826 ], [ -9.1875, 42.8822 ], [ -9.1872, 42.8828 ] ] ], [ [ [ -9.1873, 42.8834 ], [ -9.1873, 42.8832 ], [ -9.1877, 42.8832 ], [ -9.1873, 42.8834 ] ] ], [ [ [ -9.2888, 42.8895 ], [ -9.2887, 42.8893 ], [ -9.2896, 42.8893 ], [ -9.2888, 42.8895 ] ] ], [ [ [ -9.2983, 42.9221 ], [ -9.2976, 42.9212 ], [ -9.2986, 42.9217 ], [ -9.2983, 42.9221 ] ] ], [ [ [ -9.2968, 42.9264 ], [ -9.2965, 42.9258 ], [ -9.2969, 42.9258 ], [ -9.2968, 42.9264 ] ] ], [ [ [ -9.2336, 42.9406 ], [ -9.2333, 42.9268 ], [ -9.2624, 42.9197 ], [ -9.2622, 42.9067 ], [ -9.2557, 42.9093 ], [ -9.2733, 42.8801 ], [ -9.2819, 42.892 ], [ -9.2755, 42.9103 ], [ -9.2833, 42.92 ], [ -9.2979, 42.9231 ], [ -9.2912, 42.9314 ], [ -9.2895, 42.9372 ], [ -9.2924, 42.9397 ], [ -9.2819, 42.9431 ], [ -9.2814, 42.9466 ], [ -9.2845, 42.9523 ], [ -9.2836, 42.9531 ], [ -9.2836, 42.9551 ], [ -9.2788, 42.9567 ], [ -9.2772, 42.9587 ], [ -9.2762, 42.9627 ], [ -9.2745, 42.9618 ], [ -9.2729, 42.9616 ], [ -9.2684, 42.9636 ], [ -9.2612, 42.9732 ], [ -9.2572, 43.0024 ], [ -9.2664, 43.0119 ], [ -9.2775, 43.0106 ], [ -9.2795, 43.0172 ], [ -9.2827, 43.0204 ], [ -9.2808, 43.0254 ], [ -9.2853, 43.0382 ], [ -9.2855, 43.0383 ], [ -9.2854, 43.0384 ], [ -9.2872, 43.0436 ], [ -9.3015, 43.0488 ], [ -9.2929, 43.0588 ], [ -9.284, 43.0461 ], [ -9.271, 43.0447 ], [ -9.2676, 43.053 ], [ -9.2619, 43.0486 ], [ -9.2495, 43.0715 ], [ -9.2578, 43.0907 ], [ -9.2476, 43.0928 ], [ -9.2437, 43.0846 ], [ -9.2372, 43.091 ], [ -9.221, 43.0884 ], [ -9.2202, 43.114 ], [ -9.2121, 43.1019 ], [ -9.1984, 43.104 ], [ -9.1904, 43.0901 ], [ -9.1825, 43.0933 ], [ -9.1837, 43.1033 ], [ -9.1673, 43.1052 ], [ -9.1582, 43.1266 ], [ -9.1673, 43.1323 ], [ -9.1645, 43.1527 ], [ -9.1708, 43.1373 ], [ -9.1846, 43.1287 ], [ -9.1783, 43.1244 ], [ -9.1927, 43.1221 ], [ -9.1972, 43.1309 ], [ -9.2056, 43.1307 ], [ -9.2033, 43.1343 ], [ -9.2049, 43.1425 ], [ -9.2156, 43.1515 ], [ -9.214, 43.1619 ], [ -9.1993, 43.1544 ], [ -9.1955, 43.1624 ], [ -9.1924, 43.1606 ], [ -9.1874, 43.161 ], [ -9.1802, 43.1683 ], [ -9.1745, 43.1916 ], [ -9.1614, 43.1833 ], [ -9.1514, 43.1863 ], [ -9.1501, 43.1954 ], [ -9.1358, 43.1912 ], [ -9.1368, 43.1969 ], [ -9.1324, 43.1937 ], [ -9.1302, 43.1983 ], [ -9.1146, 43.1941 ], [ -9.1109, 43.1859 ], [ -9.1, 43.1874 ], [ -9.0983, 43.1899 ], [ -9.0985, 43.1931 ], [ -9.0933, 43.1887 ], [ -9.0864, 43.189 ], [ -9.0877, 43.1885 ], [ -9.0898, 43.1877 ], [ -9.0907, 43.1806 ], [ -9.0849, 43.1857 ], [ -9.0782, 43.1812 ], [ -9.0773, 43.1859 ], [ -9.0599, 43.1849 ], [ -9.0398, 43.1962 ], [ -9.036, 43.2063 ], [ -9.0324, 43.2156 ], [ -9.0228, 43.2136 ], [ -9.0099, 43.2246 ], [ -9.0129, 43.2334 ], [ -9.0042, 43.2311 ], [ -9.0037, 43.2253 ], [ -8.9993, 43.2229 ], [ -9.0036, 43.2202 ], [ -8.996, 43.2163 ], [ -8.9849, 43.2221 ], [ -8.9809, 43.2293 ], [ -8.9791, 43.2271 ], [ -8.9716, 43.2239 ], [ -8.9663, 43.2254 ], [ -8.9667, 43.2286 ], [ -8.9552, 43.2281 ], [ -8.9533, 43.2308 ], [ -8.9398, 43.2269 ], [ -8.9417, 43.2405 ], [ -8.9528, 43.2482 ], [ -8.9528, 43.2635 ], [ -8.9571, 43.2654 ], [ -8.9602, 43.2653 ], [ -8.9769, 43.262 ], [ -8.9774, 43.2627 ], [ -8.9789, 43.2651 ], [ -8.9814, 43.2652 ], [ -8.982, 43.2673 ], [ -8.9825, 43.269 ], [ -8.9849, 43.2681 ], [ -8.9837, 43.2705 ], [ -8.9854, 43.2725 ], [ -8.9913, 43.2747 ], [ -8.9859, 43.2768 ], [ -8.9848, 43.2823 ], [ -8.9626, 43.2867 ], [ -8.9568, 43.2937 ], [ -8.9277, 43.282 ], [ -8.9254, 43.2937 ], [ -8.9186, 43.2962 ], [ -8.917, 43.2956 ], [ -8.9178, 43.294 ], [ -8.9166, 43.2929 ], [ -8.9127, 43.2923 ], [ -8.9064, 43.2942 ], [ -8.9115, 43.303 ], [ -8.9066, 43.3061 ], [ -8.9118, 43.3209 ], [ -8.8845, 43.3202 ], [ -8.8755, 43.3125 ], [ -8.8706, 43.3235 ], [ -8.8599, 43.3169 ], [ -8.8483, 43.3196 ], [ -8.8492, 43.3357 ], [ -8.8412, 43.3453 ], [ -8.8371, 43.3442 ], [ -8.8321, 43.3443 ], [ -8.8268, 43.3285 ], [ -8.8062, 43.3267 ], [ -8.8017, 43.3219 ], [ -8.8072, 43.3236 ], [ -8.8091, 43.3239 ], [ -8.8098, 43.3232 ], [ -8.8025, 43.3135 ], [ -8.785, 43.3039 ], [ -8.7717, 43.2993 ], [ -8.7626, 43.3024 ], [ -8.7573, 43.2974 ], [ -8.7477, 43.2943 ], [ -8.7259, 43.2989 ], [ -8.7229, 43.2918 ], [ -8.7116, 43.29 ], [ -8.6386, 43.3074 ], [ -8.6072, 43.3223 ], [ -8.604, 43.3178 ], [ -8.5914, 43.3215 ], [ -8.5907, 43.3185 ], [ -8.59, 43.3156 ], [ -8.5682, 43.3118 ], [ -8.544, 43.3129 ], [ -8.5055, 43.3311 ], [ -8.5063, 43.334 ], [ -8.5153, 43.3374 ], [ -8.5182, 43.3415 ], [ -8.5147, 43.3378 ], [ -8.5054, 43.3343 ], [ -8.4996, 43.348 ], [ -8.5183, 43.3543 ], [ -8.5307, 43.3471 ], [ -8.5275, 43.3442 ], [ -8.5339, 43.3456 ], [ -8.5237, 43.3533 ], [ -8.4907, 43.361 ], [ -8.4878, 43.3527 ], [ -8.4751, 43.353 ], [ -8.4566, 43.3599 ], [ -8.4588, 43.3708 ], [ -8.4466, 43.3724 ], [ -8.4398, 43.3815 ], [ -8.4089, 43.3693 ], [ -8.4035, 43.3746 ], [ -8.4116, 43.385 ], [ -8.4008, 43.39 ], [ -8.3913, 43.3851 ], [ -8.3971, 43.3814 ], [ -8.3884, 43.3706 ], [ -8.3744, 43.3651 ], [ -8.3982, 43.3697 ], [ -8.3952, 43.3669 ], [ -8.404, 43.3636 ], [ -8.3878, 43.3615 ], [ -8.3944, 43.3605 ], [ -8.3851, 43.3538 ], [ -8.3819, 43.3546 ], [ -8.3789, 43.3519 ], [ -8.3863, 43.3513 ], [ -8.3812, 43.346 ], [ -8.387, 43.3395 ], [ -8.3561, 43.3435 ], [ -8.3469, 43.3488 ], [ -8.3522, 43.3563 ], [ -8.3394, 43.3671 ], [ -8.3451, 43.3715 ], [ -8.338, 43.3769 ], [ -8.3447, 43.3829 ], [ -8.3555, 43.3807 ], [ -8.3478, 43.3854 ], [ -8.3553, 43.3904 ], [ -8.3444, 43.3903 ], [ -8.3506, 43.3961 ], [ -8.3444, 43.3967 ], [ -8.3431, 43.3991 ], [ -8.3069, 43.4057 ], [ -8.297, 43.3979 ], [ -8.2965, 43.3852 ], [ -8.2672, 43.3845 ], [ -8.2599, 43.3697 ], [ -8.242, 43.3629 ], [ -8.2505, 43.3624 ], [ -8.2442, 43.3589 ], [ -8.2526, 43.355 ], [ -8.2511, 43.3504 ], [ -8.2088, 43.3278 ], [ -8.2137, 43.3398 ], [ -8.2016, 43.3356 ], [ -8.211, 43.3502 ], [ -8.2205, 43.3534 ], [ -8.2088, 43.3627 ], [ -8.2177, 43.3675 ], [ -8.2152, 43.3776 ], [ -8.223, 43.3869 ], [ -8.2059, 43.4091 ], [ -8.1756, 43.4121 ], [ -8.1737, 43.4199 ], [ -8.1982, 43.4266 ], [ -8.2158, 43.4179 ], [ -8.2332, 43.4293 ], [ -8.2442, 43.425 ], [ -8.2376, 43.4225 ], [ -8.2398, 43.4192 ], [ -8.2594, 43.4179 ], [ -8.2612, 43.4245 ], [ -8.2797, 43.4366 ], [ -8.2965, 43.4354 ], [ -8.3166, 43.445 ], [ -8.3027, 43.4468 ], [ -8.3126, 43.4543 ], [ -8.2704, 43.4635 ], [ -8.2712, 43.459 ], [ -8.2668, 43.4547 ], [ -8.2549, 43.4662 ], [ -8.2466, 43.4605 ], [ -8.2409, 43.4606 ], [ -8.2373, 43.4623 ], [ -8.2344, 43.4619 ], [ -8.2324, 43.4627 ], [ -8.2332, 43.4628 ], [ -8.2332, 43.4629 ], [ -8.2314, 43.4627 ], [ -8.2336, 43.4618 ], [ -8.2316, 43.4551 ], [ -8.2015, 43.4601 ], [ -8.1921, 43.4644 ], [ -8.1931, 43.4717 ], [ -8.1815, 43.4724 ], [ -8.1932, 43.4749 ], [ -8.1845, 43.4767 ], [ -8.1831, 43.483 ], [ -8.1755, 43.4768 ], [ -8.1696, 43.4805 ], [ -8.163, 43.4967 ], [ -8.17, 43.4985 ], [ -8.1523, 43.5041 ], [ -8.1607, 43.5027 ], [ -8.1552, 43.5057 ], [ -8.1598, 43.507 ], [ -8.1538, 43.5114 ], [ -8.1513, 43.5152 ], [ -8.1514, 43.5175 ], [ -8.1687, 43.5154 ], [ -8.1653, 43.5092 ], [ -8.174, 43.5044 ], [ -8.1724, 43.4978 ], [ -8.1941, 43.4895 ], [ -8.1976, 43.4857 ], [ -8.1946, 43.4863 ], [ -8.1936, 43.4856 ], [ -8.1893, 43.4858 ], [ -8.1862, 43.4849 ], [ -8.2005, 43.4772 ], [ -8.2062, 43.4767 ], [ -8.2115, 43.478 ], [ -8.2077, 43.4815 ], [ -8.2136, 43.484 ], [ -8.2334, 43.4714 ], [ -8.2373, 43.4769 ], [ -8.2314, 43.4814 ], [ -8.2418, 43.4772 ], [ -8.2399, 43.4738 ], [ -8.2486, 43.4762 ], [ -8.2522, 43.4853 ], [ -8.2428, 43.4902 ], [ -8.2473, 43.4933 ], [ -8.2593, 43.4877 ], [ -8.2588, 43.4737 ], [ -8.2662, 43.4677 ], [ -8.2977, 43.4609 ], [ -8.3171, 43.4706 ], [ -8.3411, 43.4584 ], [ -8.348, 43.4638 ], [ -8.3271, 43.4817 ], [ -8.3197, 43.498 ], [ -8.3323, 43.513 ], [ -8.3241, 43.5255 ], [ -8.3033, 43.5257 ], [ -8.2963, 43.535 ], [ -8.3036, 43.5468 ], [ -8.3139, 43.5462 ], [ -8.3146, 43.5553 ], [ -8.324, 43.5545 ], [ -8.3221, 43.5652 ], [ -8.31, 43.5695 ], [ -8.304, 43.5601 ], [ -8.2948, 43.5563 ], [ -8.2837, 43.5611 ], [ -8.2811, 43.5582 ], [ -8.2723, 43.5548 ], [ -8.2601, 43.5579 ], [ -8.2174, 43.5817 ], [ -8.2164, 43.5924 ], [ -8.2148, 43.5915 ], [ -8.2024, 43.5966 ], [ -8.1996, 43.5995 ], [ -8.2011, 43.6034 ], [ -8.1993, 43.6029 ], [ -8.1983, 43.6044 ], [ -8.1961, 43.6027 ], [ -8.1925, 43.6031 ], [ -8.1916, 43.6075 ], [ -8.1972, 43.6114 ], [ -8.1946, 43.6133 ], [ -8.1937, 43.6123 ], [ -8.1925, 43.6135 ], [ -8.1922, 43.6123 ], [ -8.1908, 43.6117 ], [ -8.1887, 43.613 ], [ -8.1884, 43.6211 ], [ -8.1829, 43.6217 ], [ -8.1801, 43.6219 ], [ -8.1813, 43.6151 ], [ -8.1737, 43.6125 ], [ -8.1555, 43.6153 ], [ -8.1226, 43.6439 ], [ -8.1137, 43.6406 ], [ -8.1109, 43.6479 ], [ -8.1011, 43.6479 ], [ -8.1033, 43.6523 ], [ -8.095, 43.6534 ], [ -8.098, 43.6566 ], [ -8.0946, 43.657 ], [ -8.0919, 43.6633 ], [ -8.0933, 43.6666 ], [ -8.0868, 43.6615 ], [ -8.0886, 43.6588 ], [ -8.0872, 43.6543 ], [ -8.0773, 43.6442 ], [ -8.0699, 43.6512 ], [ -8.0539, 43.6489 ], [ -8.0558, 43.6598 ], [ -8.0701, 43.6552 ], [ -8.0759, 43.6603 ], [ -8.0706, 43.674 ], [ -8.0758, 43.6829 ], [ -8.0666, 43.6826 ], [ -8.0654, 43.6912 ], [ -8.0684, 43.6958 ], [ -8.0634, 43.6975 ], [ -8.0641, 43.7041 ], [ -8.0578, 43.7048 ], [ -8.0484, 43.7137 ], [ -8.0447, 43.7106 ], [ -8.033, 43.7146 ], [ -8.0256, 43.7091 ], [ -8.0165, 43.7122 ], [ -8.0071, 43.7049 ], [ -8.0004, 43.7051 ], [ -7.9526, 43.7281 ], [ -7.9466, 43.7441 ], [ -7.9296, 43.7396 ], [ -7.9227, 43.7432 ], [ -7.9221, 43.7475 ], [ -7.917, 43.7495 ], [ -7.9045, 43.7699 ], [ -7.8892, 43.7631 ], [ -7.8877, 43.7649 ], [ -7.8806, 43.7652 ], [ -7.8756, 43.767 ], [ -7.8716, 43.7694 ], [ -7.8728, 43.7715 ], [ -7.8702, 43.7718 ], [ -7.87, 43.7721 ], [ -7.8702, 43.7727 ], [ -7.8708, 43.7732 ], [ -7.87, 43.774 ], [ -7.8634, 43.7661 ], [ -7.8593, 43.7635 ], [ -7.8663, 43.7448 ], [ -7.8621, 43.7341 ], [ -7.872, 43.7354 ], [ -7.8551, 43.7247 ], [ -7.8493, 43.7103 ], [ -7.8633, 43.7108 ], [ -7.876, 43.7233 ], [ -7.8766, 43.7131 ], [ -7.8694, 43.7072 ], [ -7.8799, 43.7005 ], [ -7.8776, 43.6878 ], [ -7.8907, 43.69 ], [ -7.892, 43.6848 ], [ -7.8713, 43.6804 ], [ -7.8719, 43.672 ], [ -7.8866, 43.6777 ], [ -7.9045, 43.6714 ], [ -7.874, 43.6618 ], [ -7.8431, 43.6725 ], [ -7.8609, 43.6831 ], [ -7.8683, 43.6981 ], [ -7.8561, 43.7042 ], [ -7.8604, 43.7068 ], [ -7.8398, 43.703 ], [ -7.834, 43.7111 ], [ -7.8354, 43.7058 ], [ -7.8272, 43.7012 ], [ -7.8353, 43.7027 ], [ -7.8388, 43.6962 ], [ -7.8207, 43.7007 ], [ -7.8195, 43.6965 ], [ -7.8153, 43.695 ], [ -7.813, 43.6978 ], [ -7.8178, 43.6962 ], [ -7.8177, 43.7006 ], [ -7.8253, 43.7011 ], [ -7.8296, 43.7101 ], [ -7.8113, 43.7152 ], [ -7.8126, 43.7266 ], [ -7.8008, 43.7224 ], [ -7.7937, 43.7363 ], [ -7.7908, 43.7339 ], [ -7.7811, 43.733 ], [ -7.774, 43.7346 ], [ -7.7721, 43.7399 ], [ -7.7702, 43.7382 ], [ -7.7573, 43.7402 ], [ -7.7543, 43.7417 ], [ -7.75, 43.7469 ], [ -7.7486, 43.7457 ], [ -7.7423, 43.7448 ], [ -7.7332, 43.7477 ], [ -7.7318, 43.7507 ], [ -7.7254, 43.7468 ], [ -7.7259, 43.7538 ], [ -7.7152, 43.7567 ], [ -7.7153, 43.7665 ], [ -7.6873, 43.7765 ], [ -7.6893, 43.7913 ], [ -7.6618, 43.7774 ], [ -7.6765, 43.7701 ], [ -7.6748, 43.7622 ], [ -7.6891, 43.7563 ], [ -7.6917, 43.7497 ], [ -7.6865, 43.7431 ], [ -7.7011, 43.7369 ], [ -7.6935, 43.7161 ], [ -7.7076, 43.7104 ], [ -7.7015, 43.7066 ], [ -7.7073, 43.7012 ], [ -7.6986, 43.6957 ], [ -7.7026, 43.6864 ], [ -7.7193, 43.6874 ], [ -7.691, 43.6541 ], [ -7.7018, 43.6437 ], [ -7.7168, 43.646 ], [ -7.7195, 43.6318 ], [ -7.7355, 43.6221 ], [ -7.7248, 43.613 ], [ -7.7308, 43.6106 ], [ -7.7223, 43.6081 ], [ -7.7304, 43.6025 ], [ -7.7202, 43.5983 ], [ -7.7179, 43.5834 ], [ -7.7488, 43.5777 ], [ -7.7438, 43.5702 ], [ -7.757, 43.5521 ], [ -7.7529, 43.55 ], [ -7.7603, 43.548 ], [ -7.748, 43.5419 ], [ -7.7552, 43.5318 ], [ -7.7445, 43.5304 ], [ -7.7497, 43.5194 ], [ -7.7444, 43.5119 ], [ -7.7588, 43.5085 ], [ -7.7619, 43.5023 ], [ -7.7571, 43.4982 ], [ -7.7683, 43.4876 ], [ -7.7801, 43.4489 ], [ -7.8073, 43.4373 ], [ -7.8103, 43.4283 ], [ -7.8054, 43.4266 ], [ -7.8231, 43.4007 ], [ -7.8819, 43.4075 ], [ -7.8989, 43.3898 ], [ -7.8851, 43.3754 ], [ -7.8817, 43.3542 ], [ -7.887, 43.3372 ], [ -7.9471, 43.286 ], [ -7.9219, 43.2695 ], [ -7.9614, 43.1898 ], [ -7.9502, 43.1773 ], [ -7.9371, 43.1118 ], [ -7.9168, 43.0883 ], [ -7.943, 43.0676 ], [ -7.9053, 42.9854 ], [ -7.9082, 42.9513 ], [ -7.9163, 42.9323 ], [ -7.9433, 42.9174 ], [ -7.9355, 42.9035 ], [ -7.9562, 42.8845 ], [ -7.9779, 42.8774 ], [ -7.9954, 42.8504 ], [ -8.0243, 42.8472 ], [ -8.0468, 42.8315 ], [ -8.0642, 42.8368 ], [ -8.0604, 42.8433 ], [ -8.0751, 42.8533 ], [ -8.1035, 42.8497 ], [ -8.1168, 42.8412 ], [ -8.1206, 42.8505 ], [ -8.1391, 42.8431 ], [ -8.1833, 42.8601 ], [ -8.2055, 42.8433 ], [ -8.2208, 42.8443 ], [ -8.206, 42.8322 ], [ -8.2073, 42.8252 ], [ -8.2257, 42.8256 ], [ -8.2352, 42.8329 ], [ -8.2457, 42.8276 ], [ -8.2546, 42.8367 ], [ -8.2769, 42.8216 ], [ -8.2742, 42.813 ], [ -8.2795, 42.8109 ], [ -8.2996, 42.8189 ], [ -8.293, 42.8289 ], [ -8.3103, 42.8304 ], [ -8.3151, 42.8458 ], [ -8.3253, 42.8312 ], [ -8.3297, 42.8421 ], [ -8.3397, 42.8406 ], [ -8.346, 42.8323 ], [ -8.3304, 42.8273 ], [ -8.3316, 42.7944 ], [ -8.3478, 42.7888 ], [ -8.3547, 42.7788 ], [ -8.3921, 42.7894 ], [ -8.3914, 42.7767 ], [ -8.3996, 42.7807 ], [ -8.4147, 42.7666 ], [ -8.4073, 42.754 ], [ -8.4704, 42.7437 ], [ -8.4942, 42.7567 ], [ -8.5338, 42.7518 ], [ -8.5565, 42.7606 ], [ -8.555, 42.7465 ], [ -8.5999, 42.7431 ], [ -8.6066, 42.7152 ], [ -8.6169, 42.7189 ], [ -8.624, 42.7143 ], [ -8.6509, 42.7292 ], [ -8.655, 42.7205 ], [ -8.6756, 42.7179 ], [ -8.6782, 42.7116 ], [ -8.7183, 42.706 ], [ -8.7239, 42.6904 ], [ -8.7317, 42.6879 ], [ -8.7273, 42.677 ], [ -8.7448, 42.6662 ], [ -8.747, 42.6508 ], [ -8.7492, 42.6515 ], [ -8.7562, 42.6474 ], [ -8.77, 42.6531 ], [ -8.7786, 42.6421 ], [ -8.7949, 42.6366 ], [ -8.8259, 42.6461 ], [ -8.8224, 42.6462 ], [ -8.8257, 42.6501 ], [ -8.8201, 42.6505 ], [ -8.8123, 42.6672 ], [ -8.829, 42.6664 ], [ -8.8409, 42.6859 ], [ -8.8446, 42.687 ], [ -8.84, 42.661 ], [ -8.852, 42.6652 ], [ -8.8611, 42.6464 ], [ -8.8377, 42.6323 ], [ -8.8589, 42.6266 ], [ -8.8622, 42.6159 ], [ -8.8574, 42.6064 ], [ -8.883, 42.6149 ], [ -8.8877, 42.6105 ], [ -8.8876, 42.6205 ], [ -8.8735, 42.6324 ], [ -8.9009, 42.6403 ], [ -8.8949, 42.6433 ], [ -8.8989, 42.6446 ], [ -8.9025, 42.6423 ], [ -8.9025, 42.6332 ], [ -8.9338, 42.6137 ], [ -8.9307, 42.6138 ], [ -8.9302, 42.6051 ], [ -8.9373, 42.6071 ], [ -8.9321, 42.5967 ], [ -8.9205, 42.594 ], [ -8.9199, 42.587 ], [ -8.9543, 42.5845 ], [ -8.958, 42.5812 ], [ -8.9561, 42.5794 ], [ -8.9585, 42.5784 ], [ -8.9631, 42.5725 ], [ -8.9624, 42.5692 ], [ -8.9777, 42.5689 ], [ -8.9883, 42.5658 ], [ -8.991, 42.5574 ], [ -8.987, 42.5602 ], [ -8.9887, 42.5547 ], [ -8.983, 42.5454 ], [ -8.9959, 42.5296 ], [ -9.0094, 42.5266 ], [ -9.0111, 42.5181 ], [ -9.0139, 42.5232 ], [ -9.0231, 42.5169 ], [ -9.0257, 42.5197 ], [ -9.0341, 42.5214 ], [ -9.0424, 42.5172 ], [ -9.0446, 42.524 ], [ -9.0414, 42.5234 ], [ -9.0395, 42.5302 ], [ -9.0413, 42.5364 ], [ -9.0297, 42.548 ], [ -9.0393, 42.5656 ], [ -9.0447, 42.5715 ], [ -9.0577, 42.5778 ], [ -9.0667, 42.5764 ], [ -9.075, 42.5722 ], [ -9.0739, 42.5664 ], [ -9.0914, 42.5765 ], [ -9.091, 42.578 ], [ -9.0895, 42.5774 ], [ -9.0819, 42.578 ], [ -9.0793, 42.5801 ], [ -9.0759, 42.5893 ], [ -9.0792, 42.5981 ], [ -9.0681, 42.5978 ], [ -9.0645, 42.6003 ], [ -9.059, 42.6112 ], [ -9.0612, 42.6176 ], [ -9.0405, 42.6374 ], [ -9.0369, 42.6489 ], [ -9.0418, 42.6691 ], [ -9.0287, 42.6852 ], [ -9.0338, 42.6952 ], [ -9.0242, 42.7079 ], [ -9.011, 42.7107 ], [ -9.0087, 42.727 ], [ -8.9964, 42.7276 ], [ -8.9909, 42.7405 ], [ -8.976, 42.745 ], [ -8.9687, 42.7412 ], [ -8.9542, 42.7485 ], [ -8.9528, 42.7593 ], [ -8.9486, 42.7657 ], [ -8.9491, 42.7601 ], [ -8.947, 42.7594 ], [ -8.9412, 42.7739 ], [ -8.9246, 42.7883 ], [ -8.9039, 42.7884 ], [ -8.9081, 42.7943 ], [ -8.8986, 42.7964 ], [ -8.8967, 42.8128 ], [ -8.9003, 42.807 ], [ -8.9042, 42.8138 ], [ -8.8794, 42.8161 ], [ -8.8757, 42.8289 ], [ -8.8878, 42.8157 ], [ -8.9008, 42.819 ], [ -8.8959, 42.8237 ], [ -8.8991, 42.829 ], [ -8.9088, 42.8252 ], [ -8.8995, 42.8256 ], [ -8.9053, 42.8177 ], [ -8.909, 42.7963 ], [ -8.9248, 42.7977 ], [ -8.9279, 42.8011 ], [ -8.9312, 42.8024 ], [ -8.9333, 42.8019 ], [ -8.9313, 42.8073 ], [ -8.9456, 42.7982 ], [ -8.951, 42.7825 ], [ -8.9631, 42.7786 ], [ -8.9748, 42.7914 ], [ -8.9786, 42.79 ], [ -8.9816, 42.7781 ], [ -9.0178, 42.781 ], [ -9.0163, 42.7948 ], [ -9.0114, 42.7949 ], [ -9.0202, 42.8007 ], [ -9.0216, 42.7944 ], [ -9.0281, 42.7988 ], [ -9.0462, 42.7859 ], [ -9.0639, 42.7869 ], [ -9.0479, 42.7697 ], [ -9.0588, 42.7582 ], [ -9.0756, 42.7571 ], [ -9.0806, 42.752 ], [ -9.0784, 42.7388 ], [ -9.0894, 42.7384 ], [ -9.0913, 42.7468 ], [ -9.1022, 42.7557 ], [ -9.1158, 42.7542 ], [ -9.1144, 42.7612 ], [ -9.1267, 42.7709 ], [ -9.1346, 42.7907 ], [ -9.1406, 42.7961 ], [ -9.1483, 42.7949 ], [ -9.1472, 42.7983 ], [ -9.1513, 42.7992 ], [ -9.1503, 42.8031 ], [ -9.1438, 42.8023 ], [ -9.1421, 42.8046 ], [ -9.141, 42.8033 ], [ -9.1401, 42.8065 ], [ -9.1224, 42.8069 ], [ -9.1076, 42.8217 ], [ -9.1119, 42.8426 ], [ -9.1217, 42.8473 ], [ -9.1293, 42.8435 ], [ -9.1326, 42.8475 ], [ -9.1382, 42.8498 ], [ -9.1456, 42.8672 ], [ -9.1502, 42.8722 ], [ -9.1455, 42.8767 ], [ -9.1477, 42.883 ], [ -9.1408, 42.8823 ], [ -9.1386, 42.8886 ], [ -9.1432, 42.8963 ], [ -9.1255, 42.9056 ], [ -9.1606, 42.9118 ], [ -9.1728, 42.9443 ], [ -9.1799, 42.9433 ], [ -9.1885, 42.9525 ], [ -9.1932, 42.9452 ], [ -9.1832, 42.9161 ], [ -9.2092, 42.9164 ], [ -9.2084, 42.9288 ], [ -9.2168, 42.9303 ], [ -9.2225, 42.9425 ], [ -9.2336, 42.9406 ] ] ], [ [ [ -9.2928, 42.94 ], [ -9.2926, 42.9402 ], [ -9.2925, 42.9401 ], [ -9.2928, 42.94 ] ] ], [ [ [ -9.2824, 42.9474 ], [ -9.2823, 42.9476 ], [ -9.2822, 42.9475 ], [ -9.2824, 42.9474 ] ] ], [ [ [ -9.2846, 42.9529 ], [ -9.2848, 42.9529 ], [ -9.2848, 42.953 ], [ -9.2846, 42.9529 ] ] ], [ [ [ -9.2844, 42.9532 ], [ -9.2845, 42.9534 ], [ -9.2843, 42.9534 ], [ -9.2844, 42.9532 ] ] ], [ [ [ -9.2833, 42.9553 ], [ -9.2835, 42.9554 ], [ -9.2834, 42.9555 ], [ -9.2833, 42.9553 ] ] ], [ [ [ -9.2798, 42.9569 ], [ -9.2797, 42.957 ], [ -9.2795, 42.9569 ], [ -9.2798, 42.9569 ] ] ], [ [ [ -9.2783, 42.9579 ], [ -9.2786, 42.958 ], [ -9.2783, 42.9581 ], [ -9.2783, 42.9579 ] ] ], [ [ [ -9.2783, 42.9599 ], [ -9.2783, 42.9601 ], [ -9.2782, 42.9601 ], [ -9.2783, 42.9599 ] ] ], [ [ [ -9.2772, 42.9611 ], [ -9.2773, 42.9612 ], [ -9.2772, 42.9612 ], [ -9.2772, 42.9611 ] ] ], [ [ [ -9.2748, 42.9621 ], [ -9.2748, 42.9622 ], [ -9.2746, 42.9622 ], [ -9.2748, 42.9621 ] ] ], [ [ [ -9.2771, 42.9621 ], [ -9.2774, 42.962 ], [ -9.2775, 42.9622 ], [ -9.2771, 42.9621 ] ] ], [ [ [ -9.2747, 42.9639 ], [ -9.275, 42.9632 ], [ -9.2753, 42.9637 ], [ -9.2747, 42.9639 ] ] ], [ [ [ -9.2743, 42.9644 ], [ -9.2744, 42.9645 ], [ -9.2743, 42.9646 ], [ -9.2743, 42.9644 ] ] ], [ [ [ -9.2613, 42.9789 ], [ -9.2611, 42.979 ], [ -9.2611, 42.9789 ], [ -9.2613, 42.9789 ] ] ], [ [ [ -9.2616, 42.9792 ], [ -9.2616, 42.9794 ], [ -9.2615, 42.9793 ], [ -9.2616, 42.9792 ] ] ], [ [ [ -9.2628, 42.9809 ], [ -9.2625, 42.9809 ], [ -9.2626, 42.9808 ], [ -9.2628, 42.9809 ] ] ], [ [ [ -9.2629, 42.9819 ], [ -9.263, 42.9819 ], [ -9.2629, 42.9821 ], [ -9.2629, 42.9819 ] ] ], [ [ [ -9.2623, 42.9842 ], [ -9.2622, 42.9843 ], [ -9.2621, 42.9842 ], [ -9.2623, 42.9842 ] ] ], [ [ [ -9.2619, 42.9844 ], [ -9.2619, 42.9846 ], [ -9.2618, 42.9845 ], [ -9.2619, 42.9844 ] ] ], [ [ [ -9.2616, 42.9847 ], [ -9.2618, 42.9848 ], [ -9.2617, 42.9849 ], [ -9.2616, 42.9847 ] ] ], [ [ [ -9.2607, 42.9917 ], [ -9.2608, 42.9917 ], [ -9.2608, 42.9918 ], [ -9.2607, 42.9917 ] ] ], [ [ [ -9.26, 42.9919 ], [ -9.26, 42.992 ], [ -9.2598, 42.992 ], [ -9.26, 42.9919 ] ] ], [ [ [ -9.2603, 42.9926 ], [ -9.2603, 42.9927 ], [ -9.2602, 42.9927 ], [ -9.2603, 42.9926 ] ] ], [ [ [ -9.2593, 42.993 ], [ -9.2596, 42.9932 ], [ -9.2595, 42.9932 ], [ -9.2593, 42.993 ] ] ], [ [ [ -9.2607, 42.9952 ], [ -9.2601, 42.9949 ], [ -9.2599, 42.994 ], [ -9.2607, 42.9952 ] ] ], [ [ [ -9.2615, 43.0001 ], [ -9.2617, 43.0001 ], [ -9.2616, 43.0004 ], [ -9.2615, 43.0001 ] ] ], [ [ [ -9.2725, 43.0093 ], [ -9.2724, 43.0092 ], [ -9.2726, 43.0091 ], [ -9.2725, 43.0093 ] ] ], [ [ [ -9.2798, 43.0132 ], [ -9.2796, 43.0131 ], [ -9.2797, 43.013 ], [ -9.2798, 43.0132 ] ] ], [ [ [ -9.2801, 43.0157 ], [ -9.2801, 43.0156 ], [ -9.2802, 43.0156 ], [ -9.2801, 43.0157 ] ] ], [ [ [ -9.2829, 43.0222 ], [ -9.2829, 43.022 ], [ -9.283, 43.0221 ], [ -9.2829, 43.0222 ] ] ], [ [ [ -9.2815, 43.0249 ], [ -9.2814, 43.025 ], [ -9.2814, 43.0249 ], [ -9.2815, 43.0249 ] ] ], [ [ [ -9.2668, 43.0533 ], [ -9.2668, 43.0527 ], [ -9.2674, 43.053 ], [ -9.2668, 43.0533 ] ] ], [ [ [ -9.2924, 43.0586 ], [ -9.2931, 43.0592 ], [ -9.2928, 43.0593 ], [ -9.2924, 43.0586 ] ] ], [ [ [ -9.2579, 43.0895 ], [ -9.2582, 43.0892 ], [ -9.2585, 43.0896 ], [ -9.2579, 43.0895 ] ] ], [ [ [ -9.2254, 43.1005 ], [ -9.2254, 43.0994 ], [ -9.226, 43.0994 ], [ -9.2254, 43.1005 ] ] ], [ [ [ -9.2135, 43.1097 ], [ -9.2146, 43.1094 ], [ -9.2147, 43.1097 ], [ -9.2135, 43.1097 ] ] ], [ [ [ -9.2148, 43.1105 ], [ -9.2149, 43.1103 ], [ -9.2152, 43.1105 ], [ -9.2148, 43.1105 ] ] ], [ [ [ -9.2162, 43.151 ], [ -9.2164, 43.1515 ], [ -9.2161, 43.1515 ], [ -9.2162, 43.151 ] ] ], [ [ [ -9.1984, 43.1612 ], [ -9.1982, 43.1607 ], [ -9.1988, 43.1607 ], [ -9.1984, 43.1612 ] ] ], [ [ [ -9.1973, 43.161 ], [ -9.1972, 43.1611 ], [ -9.1971, 43.1609 ], [ -9.1973, 43.161 ] ] ], [ [ [ -9.1979, 43.1612 ], [ -9.1981, 43.1614 ], [ -9.1978, 43.1615 ], [ -9.1979, 43.1612 ] ] ], [ [ [ -9.1967, 43.1615 ], [ -9.1965, 43.1617 ], [ -9.1963, 43.1616 ], [ -9.1967, 43.1615 ] ] ], [ [ [ -9.1992, 43.1614 ], [ -9.1992, 43.1615 ], [ -9.199, 43.1615 ], [ -9.1992, 43.1614 ] ] ], [ [ [ -9.1914, 43.1617 ], [ -9.1912, 43.1613 ], [ -9.1916, 43.1613 ], [ -9.1914, 43.1617 ] ] ], [ [ [ -9.1987, 43.1619 ], [ -9.1985, 43.162 ], [ -9.1984, 43.1618 ], [ -9.1987, 43.1619 ] ] ], [ [ [ -9.1951, 43.1628 ], [ -9.1954, 43.1628 ], [ -9.1952, 43.1631 ], [ -9.1951, 43.1628 ] ] ], [ [ [ -9.2144, 43.1644 ], [ -9.2123, 43.1625 ], [ -9.2134, 43.1626 ], [ -9.2144, 43.1644 ] ] ], [ [ [ -9.1878, 43.1701 ], [ -9.1851, 43.169 ], [ -9.1863, 43.1685 ], [ -9.1878, 43.1701 ] ] ], [ [ [ -9.1874, 43.1713 ], [ -9.1878, 43.1713 ], [ -9.1878, 43.1715 ], [ -9.1874, 43.1713 ] ] ], [ [ [ -9.1814, 43.1734 ], [ -9.1815, 43.173 ], [ -9.1818, 43.1731 ], [ -9.1814, 43.1734 ] ] ], [ [ [ -9.1922, 43.1733 ], [ -9.1923, 43.1731 ], [ -9.1926, 43.1731 ], [ -9.1922, 43.1733 ] ] ], [ [ [ -9.1807, 43.1779 ], [ -9.1808, 43.178 ], [ -9.1806, 43.178 ], [ -9.1807, 43.1779 ] ] ], [ [ [ -9.1802, 43.1803 ], [ -9.1804, 43.1807 ], [ -9.1802, 43.1806 ], [ -9.1802, 43.1803 ] ] ], [ [ [ -9.1877, 43.1826 ], [ -9.188, 43.1823 ], [ -9.1882, 43.1825 ], [ -9.1877, 43.1826 ] ] ], [ [ [ -9.1889, 43.1833 ], [ -9.1893, 43.1837 ], [ -9.1892, 43.1838 ], [ -9.1889, 43.1833 ] ] ], [ [ [ -9.1877, 43.1838 ], [ -9.1875, 43.1837 ], [ -9.1878, 43.1837 ], [ -9.1877, 43.1838 ] ] ], [ [ [ -9.184, 43.1838 ], [ -9.1844, 43.1834 ], [ -9.1846, 43.1836 ], [ -9.184, 43.1838 ] ] ], [ [ [ -9.1797, 43.1843 ], [ -9.1796, 43.1834 ], [ -9.18, 43.1834 ], [ -9.1797, 43.1843 ] ] ], [ [ [ -9.1876, 43.1841 ], [ -9.1879, 43.1844 ], [ -9.1877, 43.1844 ], [ -9.1876, 43.1841 ] ] ], [ [ [ -9.1897, 43.1846 ], [ -9.1898, 43.185 ], [ -9.1896, 43.185 ], [ -9.1897, 43.1846 ] ] ], [ [ [ -9.1756, 43.1888 ], [ -9.1754, 43.1889 ], [ -9.1753, 43.1888 ], [ -9.1756, 43.1888 ] ] ], [ [ [ -9.1758, 43.1897 ], [ -9.1761, 43.1899 ], [ -9.1756, 43.1899 ], [ -9.1758, 43.1897 ] ] ], [ [ [ -9.1461, 42.7364 ], [ -9.146, 42.7366 ], [ -9.1455, 42.7365 ], [ -9.1461, 42.7364 ] ] ], [ [ [ -9.1465, 42.7368 ], [ -9.1464, 42.7366 ], [ -9.1466, 42.7365 ], [ -9.1465, 42.7368 ] ] ], [ [ [ -9.1473, 42.7373 ], [ -9.1475, 42.7374 ], [ -9.1474, 42.7376 ], [ -9.1473, 42.7373 ] ] ], [ [ [ -9.1467, 42.7378 ], [ -9.1471, 42.7377 ], [ -9.1472, 42.738 ], [ -9.1467, 42.7378 ] ] ], [ [ [ -9.1467, 42.7391 ], [ -9.1465, 42.7388 ], [ -9.147, 42.7389 ], [ -9.1467, 42.7391 ] ] ], [ [ [ -9.1463, 42.7392 ], [ -9.1461, 42.7392 ], [ -9.1461, 42.739 ], [ -9.1463, 42.7392 ] ] ], [ [ [ -9.1464, 42.7919 ], [ -9.1465, 42.7917 ], [ -9.1466, 42.7918 ], [ -9.1464, 42.7919 ] ] ], [ [ [ -9.1518, 42.7924 ], [ -9.1517, 42.7923 ], [ -9.1519, 42.7923 ], [ -9.1518, 42.7924 ] ] ], [ [ [ -9.1462, 42.7926 ], [ -9.146, 42.7931 ], [ -9.1459, 42.793 ], [ -9.1462, 42.7926 ] ] ], [ [ [ -9.1482, 42.7939 ], [ -9.1489, 42.794 ], [ -9.1486, 42.7943 ], [ -9.1482, 42.7939 ] ] ], [ [ [ -9.146, 42.7943 ], [ -9.1459, 42.7943 ], [ -9.1461, 42.7941 ], [ -9.146, 42.7943 ] ] ], [ [ [ -9.1467, 42.794 ], [ -9.1469, 42.7938 ], [ -9.1472, 42.7941 ], [ -9.1467, 42.794 ] ] ], [ [ [ -9.144, 42.7951 ], [ -9.1441, 42.7947 ], [ -9.1442, 42.795 ], [ -9.144, 42.7951 ] ] ], [ [ [ -9.1518, 42.7959 ], [ -9.1515, 42.7958 ], [ -9.1516, 42.7956 ], [ -9.1518, 42.7959 ] ] ], [ [ [ -9.1505, 42.7959 ], [ -9.1507, 42.7964 ], [ -9.1505, 42.7964 ], [ -9.1505, 42.7959 ] ] ], [ [ [ -9.1498, 42.7965 ], [ -9.1496, 42.7965 ], [ -9.1497, 42.7964 ], [ -9.1498, 42.7965 ] ] ], [ [ [ -9.1498, 42.7966 ], [ -9.1499, 42.7968 ], [ -9.1497, 42.7969 ], [ -9.1498, 42.7966 ] ] ], [ [ [ -9.1509, 42.7969 ], [ -9.151, 42.7971 ], [ -9.1508, 42.7972 ], [ -9.1509, 42.7969 ] ] ], [ [ [ -9.153, 42.7977 ], [ -9.1532, 42.797 ], [ -9.1536, 42.7972 ], [ -9.153, 42.7977 ] ] ], [ [ [ -9.1689, 42.798 ], [ -9.1687, 42.798 ], [ -9.1687, 42.7978 ], [ -9.1689, 42.798 ] ] ], [ [ [ -9.1684, 42.7987 ], [ -9.1683, 42.7988 ], [ -9.1682, 42.7988 ], [ -9.1684, 42.7987 ] ] ], [ [ [ -9.168, 42.7987 ], [ -9.168, 42.7989 ], [ -9.1679, 42.7988 ], [ -9.168, 42.7987 ] ] ], [ [ [ -9.152, 42.7989 ], [ -9.1521, 42.799 ], [ -9.1518, 42.799 ], [ -9.152, 42.7989 ] ] ], [ [ [ -9.1696, 42.7996 ], [ -9.1689, 42.8001 ], [ -9.1688, 42.7981 ], [ -9.1696, 42.7996 ] ] ], [ [ [ -9.1684, 42.7993 ], [ -9.1682, 42.7993 ], [ -9.1683, 42.7991 ], [ -9.1684, 42.7993 ] ] ], [ [ [ -9.1689, 42.8003 ], [ -9.1686, 42.8003 ], [ -9.1687, 42.8001 ], [ -9.1689, 42.8003 ] ] ], [ [ [ -9.1715, 42.8001 ], [ -9.1718, 42.8001 ], [ -9.1717, 42.8008 ], [ -9.1715, 42.8001 ] ] ], [ [ [ -9.1707, 42.8013 ], [ -9.1696, 42.8014 ], [ -9.1701, 42.8004 ], [ -9.1707, 42.8013 ] ] ], [ [ [ -9.1511, 42.8015 ], [ -9.1511, 42.8016 ], [ -9.151, 42.8014 ], [ -9.1511, 42.8015 ] ] ], [ [ [ -9.1535, 42.8018 ], [ -9.1536, 42.8019 ], [ -9.1535, 42.8019 ], [ -9.1535, 42.8018 ] ] ], [ [ [ -9.1525, 42.8021 ], [ -9.1526, 42.8016 ], [ -9.1533, 42.8019 ], [ -9.1525, 42.8021 ] ] ], [ [ [ -9.1432, 42.804 ], [ -9.1436, 42.8029 ], [ -9.1436, 42.8039 ], [ -9.1432, 42.804 ] ] ], [ [ [ -9.1521, 42.8046 ], [ -9.152, 42.8046 ], [ -9.152, 42.8045 ], [ -9.1521, 42.8046 ] ] ], [ [ [ -9.1513, 42.8055 ], [ -9.1498, 42.8057 ], [ -9.1502, 42.8036 ], [ -9.1513, 42.8055 ] ] ], [ [ [ -9.1522, 42.8051 ], [ -9.1522, 42.8052 ], [ -9.152, 42.8052 ], [ -9.1522, 42.8051 ] ] ], [ [ [ -9.1524, 42.8054 ], [ -9.1524, 42.8055 ], [ -9.1521, 42.8055 ], [ -9.1524, 42.8054 ] ] ], [ [ [ -9.1492, 42.8069 ], [ -9.1496, 42.807 ], [ -9.1492, 42.8073 ], [ -9.1492, 42.8069 ] ] ], [ [ [ -9.1506, 42.8072 ], [ -9.1505, 42.8071 ], [ -9.1507, 42.8071 ], [ -9.1506, 42.8072 ] ] ], [ [ [ -9.1488, 42.8102 ], [ -9.1485, 42.8102 ], [ -9.1486, 42.8101 ], [ -9.1488, 42.8102 ] ] ], [ [ [ -9.1486, 42.8104 ], [ -9.1487, 42.8106 ], [ -9.1484, 42.8106 ], [ -9.1486, 42.8104 ] ] ], [ [ [ -9.1451, 42.8116 ], [ -9.145, 42.8115 ], [ -9.1451, 42.8113 ], [ -9.1451, 42.8116 ] ] ], [ [ [ -9.1491, 42.8119 ], [ -9.1492, 42.8121 ], [ -9.1489, 42.812 ], [ -9.1491, 42.8119 ] ] ], [ [ [ -9.1476, 42.8144 ], [ -9.1457, 42.8141 ], [ -9.1469, 42.8103 ], [ -9.1476, 42.8144 ] ] ], [ [ [ -9.1451, 42.8148 ], [ -9.145, 42.8147 ], [ -9.1452, 42.8147 ], [ -9.1451, 42.8148 ] ] ], [ [ [ -9.1449, 42.8149 ], [ -9.1449, 42.815 ], [ -9.1448, 42.815 ], [ -9.1449, 42.8149 ] ] ], [ [ [ -9.1453, 42.8149 ], [ -9.1455, 42.8144 ], [ -9.1458, 42.8155 ], [ -9.1453, 42.8149 ] ] ], [ [ [ -9.1465, 42.8156 ], [ -9.1462, 42.8148 ], [ -9.1467, 42.8148 ], [ -9.1465, 42.8156 ] ] ], [ [ [ -9.1438, 42.8155 ], [ -9.1439, 42.8156 ], [ -9.1436, 42.8158 ], [ -9.1438, 42.8155 ] ] ], [ [ [ -9.1472, 42.8158 ], [ -9.1471, 42.8157 ], [ -9.1473, 42.8157 ], [ -9.1472, 42.8158 ] ] ], [ [ [ -9.1455, 42.816 ], [ -9.1454, 42.8159 ], [ -9.1456, 42.8158 ], [ -9.1455, 42.816 ] ] ], [ [ [ -9.1443, 42.816 ], [ -9.1441, 42.8161 ], [ -9.1441, 42.8159 ], [ -9.1443, 42.816 ] ] ], [ [ [ -9.1473, 42.8165 ], [ -9.1471, 42.8165 ], [ -9.1472, 42.8164 ], [ -9.1473, 42.8165 ] ] ], [ [ [ -9.1454, 42.8165 ], [ -9.1457, 42.8167 ], [ -9.1454, 42.8168 ], [ -9.1454, 42.8165 ] ] ], [ [ [ -9.1458, 42.8175 ], [ -9.1461, 42.8165 ], [ -9.1464, 42.8165 ], [ -9.1458, 42.8175 ] ] ], [ [ [ -9.145, 42.8205 ], [ -9.1454, 42.8206 ], [ -9.1453, 42.8208 ], [ -9.145, 42.8205 ] ] ], [ [ [ -9.1458, 42.821 ], [ -9.1457, 42.8209 ], [ -9.1459, 42.8209 ], [ -9.1458, 42.821 ] ] ], [ [ [ -9.1455, 42.8598 ], [ -9.1461, 42.8595 ], [ -9.1461, 42.8598 ], [ -9.1455, 42.8598 ] ] ], [ [ [ -9.1463, 42.8611 ], [ -9.1465, 42.8612 ], [ -9.1464, 42.8614 ], [ -9.1463, 42.8611 ] ] ], [ [ [ -9.1465, 42.862 ], [ -9.1465, 42.8616 ], [ -9.1466, 42.8616 ], [ -9.1465, 42.862 ] ] ], [ [ [ -9.1692, 42.8619 ], [ -9.1693, 42.8622 ], [ -9.169, 42.8623 ], [ -9.1692, 42.8619 ] ] ], [ [ [ -9.1465, 42.8632 ], [ -9.1465, 42.862 ], [ -9.1468, 42.8623 ], [ -9.1465, 42.8632 ] ] ], [ [ [ -9.147, 42.8629 ], [ -9.1476, 42.8629 ], [ -9.1474, 42.8631 ], [ -9.147, 42.8629 ] ] ], [ [ [ -9.1469, 42.8633 ], [ -9.147, 42.8632 ], [ -9.147, 42.8635 ], [ -9.1469, 42.8633 ] ] ], [ [ [ -9.1699, 42.8631 ], [ -9.1709, 42.8635 ], [ -9.1706, 42.8638 ], [ -9.1699, 42.8631 ] ] ], [ [ [ -9.1703, 42.8644 ], [ -9.1693, 42.8642 ], [ -9.1694, 42.8638 ], [ -9.1703, 42.8644 ] ] ], [ [ [ -9.1699, 42.8655 ], [ -9.1683, 42.8658 ], [ -9.1686, 42.8643 ], [ -9.1704, 42.8652 ], [ -9.1699, 42.8655 ] ] ], [ [ [ -9.1456, 42.8658 ], [ -9.1459, 42.8652 ], [ -9.1459, 42.8656 ], [ -9.1456, 42.8658 ] ] ], [ [ [ -9.1699, 42.8669 ], [ -9.1689, 42.8672 ], [ -9.1688, 42.8664 ], [ -9.1699, 42.8669 ] ] ], [ [ [ -9.1483, 42.867 ], [ -9.1482, 42.8672 ], [ -9.148, 42.8671 ], [ -9.1483, 42.867 ] ] ], [ [ [ -9.1502, 42.8704 ], [ -9.1509, 42.8698 ], [ -9.1508, 42.8703 ], [ -9.1502, 42.8704 ] ] ], [ [ [ -9.1512, 42.87 ], [ -9.1514, 42.8701 ], [ -9.1513, 42.8704 ], [ -9.1512, 42.87 ] ] ], [ [ [ -9.1516, 42.8713 ], [ -9.1517, 42.8712 ], [ -9.1518, 42.8714 ], [ -9.1516, 42.8713 ] ] ], [ [ [ -9.1513, 42.8721 ], [ -9.1516, 42.872 ], [ -9.1512, 42.8727 ], [ -9.1513, 42.8721 ] ] ], [ [ [ -9.1509, 42.8741 ], [ -9.1512, 42.8733 ], [ -9.1514, 42.8734 ], [ -9.1509, 42.8741 ] ] ], [ [ [ -9.1469, 42.8775 ], [ -9.147, 42.8775 ], [ -9.1469, 42.8777 ], [ -9.1469, 42.8775 ] ] ], [ [ [ -9.1475, 42.8786 ], [ -9.1485, 42.8787 ], [ -9.1483, 42.8789 ], [ -9.1475, 42.8786 ] ] ], [ [ [ -9.1485, 42.8806 ], [ -9.1487, 42.8806 ], [ -9.1485, 42.8809 ], [ -9.1485, 42.8806 ] ] ], [ [ [ -9.1479, 42.8827 ], [ -9.148, 42.8828 ], [ -9.1479, 42.8831 ], [ -9.1479, 42.8827 ] ] ], [ [ [ -9.1475, 42.8836 ], [ -9.1472, 42.8838 ], [ -9.1472, 42.8837 ], [ -9.1475, 42.8836 ] ] ], [ [ [ -9.1441, 42.8846 ], [ -9.1449, 42.8837 ], [ -9.1449, 42.884 ], [ -9.1441, 42.8846 ] ] ], [ [ [ -9.1439, 42.8918 ], [ -9.144, 42.8919 ], [ -9.1439, 42.8921 ], [ -9.1439, 42.8918 ] ] ], [ [ [ -9.162, 42.8942 ], [ -9.1614, 42.8941 ], [ -9.1614, 42.8936 ], [ -9.162, 42.8942 ] ] ], [ [ [ -9.1573, 42.9109 ], [ -9.157, 42.9107 ], [ -9.1575, 42.9107 ], [ -9.1573, 42.9109 ] ] ], [ [ [ -9.1624, 42.9123 ], [ -9.1624, 42.9126 ], [ -9.1623, 42.9125 ], [ -9.1624, 42.9123 ] ] ], [ [ [ -9.1617, 42.9124 ], [ -9.1618, 42.9121 ], [ -9.1619, 42.9124 ], [ -9.1617, 42.9124 ] ] ], [ [ [ -9.1627, 42.9133 ], [ -9.1627, 42.9125 ], [ -9.1628, 42.9126 ], [ -9.1627, 42.9133 ] ] ], [ [ [ -9.1631, 42.9134 ], [ -9.163, 42.9128 ], [ -9.1632, 42.913 ], [ -9.1631, 42.9134 ] ] ], [ [ [ -9.1558, 43.1862 ], [ -9.1554, 43.186 ], [ -9.1555, 43.1859 ], [ -9.1558, 43.1862 ] ] ], [ [ [ -9.1534, 43.1876 ], [ -9.1535, 43.1878 ], [ -9.1531, 43.1875 ], [ -9.1534, 43.1876 ] ] ], [ [ [ -9.1515, 43.1944 ], [ -9.1519, 43.1943 ], [ -9.1519, 43.1946 ], [ -9.1515, 43.1944 ] ] ], [ [ [ -9.1446, 43.1954 ], [ -9.1446, 43.195 ], [ -9.1451, 43.1953 ], [ -9.1446, 43.1954 ] ] ], [ [ [ -9.1537, 43.1964 ], [ -9.1533, 43.1983 ], [ -9.1511, 43.1959 ], [ -9.1537, 43.1964 ] ] ], [ [ [ -9.0903, 42.5728 ], [ -9.0903, 42.5729 ], [ -9.0901, 42.573 ], [ -9.0903, 42.5728 ] ] ], [ [ [ -9.0927, 42.5737 ], [ -9.0927, 42.5738 ], [ -9.0926, 42.5739 ], [ -9.0927, 42.5737 ] ] ], [ [ [ -9.092, 42.5742 ], [ -9.0922, 42.5743 ], [ -9.0918, 42.5744 ], [ -9.092, 42.5742 ] ] ], [ [ [ -9.0931, 42.5757 ], [ -9.093, 42.5756 ], [ -9.0932, 42.5756 ], [ -9.0931, 42.5757 ] ] ], [ [ [ -9.0948, 42.5766 ], [ -9.0951, 42.5768 ], [ -9.095, 42.577 ], [ -9.0948, 42.5766 ] ] ], [ [ [ -9.0923, 42.5769 ], [ -9.0924, 42.577 ], [ -9.0921, 42.5769 ], [ -9.0923, 42.5769 ] ] ], [ [ [ -9.092, 42.5772 ], [ -9.0919, 42.5773 ], [ -9.0918, 42.5772 ], [ -9.092, 42.5772 ] ] ], [ [ [ -9.092, 42.5779 ], [ -9.0921, 42.5781 ], [ -9.0919, 42.5781 ], [ -9.092, 42.5779 ] ] ], [ [ [ -9.0912, 42.7374 ], [ -9.0915, 42.7375 ], [ -9.0912, 42.7377 ], [ -9.0912, 42.7374 ] ] ], [ [ [ -9.0903, 42.7384 ], [ -9.0904, 42.7385 ], [ -9.0901, 42.7386 ], [ -9.0903, 42.7384 ] ] ], [ [ [ -9.0912, 42.7431 ], [ -9.0912, 42.7422 ], [ -9.0914, 42.7422 ], [ -9.0912, 42.7431 ] ] ], [ [ [ -9.1301, 42.77 ], [ -9.1306, 42.7701 ], [ -9.1304, 42.7704 ], [ -9.1301, 42.77 ] ] ], [ [ [ -9.1293, 42.7719 ], [ -9.1298, 42.7721 ], [ -9.1297, 42.7724 ], [ -9.1293, 42.7719 ] ] ], [ [ [ -9.1317, 42.7773 ], [ -9.1318, 42.7774 ], [ -9.1311, 42.7775 ], [ -9.1317, 42.7773 ] ] ], [ [ [ -9.131, 42.7777 ], [ -9.1306, 42.778 ], [ -9.1306, 42.7778 ], [ -9.131, 42.7777 ] ] ], [ [ [ -9.1411, 42.7872 ], [ -9.1413, 42.7874 ], [ -9.141, 42.7875 ], [ -9.1411, 42.7872 ] ] ], [ [ [ -9.1425, 42.7879 ], [ -9.1426, 42.788 ], [ -9.1423, 42.7881 ], [ -9.1425, 42.7879 ] ] ], [ [ [ -9.1427, 42.7891 ], [ -9.1427, 42.789 ], [ -9.1428, 42.7891 ], [ -9.1427, 42.7891 ] ] ], [ [ [ -9.1413, 42.7893 ], [ -9.1412, 42.7892 ], [ -9.1414, 42.7891 ], [ -9.1413, 42.7893 ] ] ], [ [ [ -9.1381, 42.7895 ], [ -9.1387, 42.7898 ], [ -9.1385, 42.7899 ], [ -9.1381, 42.7895 ] ] ], [ [ [ -9.1353, 42.7903 ], [ -9.1351, 42.7902 ], [ -9.1352, 42.7901 ], [ -9.1353, 42.7903 ] ] ], [ [ [ -9.139, 42.7902 ], [ -9.139, 42.7901 ], [ -9.1396, 42.7901 ], [ -9.139, 42.7902 ] ] ], [ [ [ -9.136, 42.7907 ], [ -9.1357, 42.7905 ], [ -9.137, 42.7905 ], [ -9.136, 42.7907 ] ] ], [ [ [ -9.1405, 42.7915 ], [ -9.1403, 42.7916 ], [ -9.1402, 42.7914 ], [ -9.1405, 42.7915 ] ] ], [ [ [ -9.1432, 42.7931 ], [ -9.143, 42.7932 ], [ -9.143, 42.7931 ], [ -9.1432, 42.7931 ] ] ], [ [ [ -9.141, 42.7931 ], [ -9.1406, 42.7934 ], [ -9.1405, 42.7933 ], [ -9.141, 42.7931 ] ] ], [ [ [ -9.1432, 42.7934 ], [ -9.1431, 42.7936 ], [ -9.143, 42.7935 ], [ -9.1432, 42.7934 ] ] ], [ [ [ -9.1408, 42.7935 ], [ -9.1408, 42.7937 ], [ -9.1407, 42.7936 ], [ -9.1408, 42.7935 ] ] ], [ [ [ -9.1415, 42.7946 ], [ -9.142, 42.7943 ], [ -9.142, 42.7948 ], [ -9.1415, 42.7946 ] ] ], [ [ [ -9.1414, 42.8062 ], [ -9.1415, 42.8053 ], [ -9.1421, 42.8051 ], [ -9.1414, 42.8062 ] ] ], [ [ [ -9.139, 42.8069 ], [ -9.1398, 42.8068 ], [ -9.1396, 42.8074 ], [ -9.139, 42.8069 ] ] ], [ [ [ -9.1288, 42.8085 ], [ -9.1291, 42.8077 ], [ -9.1297, 42.808 ], [ -9.1288, 42.8085 ] ] ], [ [ [ -9.1384, 42.8097 ], [ -9.1372, 42.809 ], [ -9.1374, 42.8081 ], [ -9.1384, 42.8097 ] ] ], [ [ [ -9.1293, 42.8088 ], [ -9.1294, 42.809 ], [ -9.1291, 42.809 ], [ -9.1293, 42.8088 ] ] ], [ [ [ -9.1199, 42.8386 ], [ -9.1203, 42.8387 ], [ -9.1201, 42.8388 ], [ -9.1199, 42.8386 ] ] ], [ [ [ -9.12, 42.8394 ], [ -9.1202, 42.8395 ], [ -9.1201, 42.8396 ], [ -9.12, 42.8394 ] ] ], [ [ [ -9.1198, 42.8399 ], [ -9.1199, 42.8404 ], [ -9.1198, 42.8403 ], [ -9.1198, 42.8399 ] ] ], [ [ [ -9.118, 42.8403 ], [ -9.1181, 42.8404 ], [ -9.118, 42.8405 ], [ -9.118, 42.8403 ] ] ], [ [ [ -9.1179, 42.8408 ], [ -9.1182, 42.8408 ], [ -9.1182, 42.8409 ], [ -9.1179, 42.8408 ] ] ], [ [ [ -9.1295, 42.8424 ], [ -9.1297, 42.8424 ], [ -9.1296, 42.8426 ], [ -9.1295, 42.8424 ] ] ], [ [ [ -9.1171, 42.843 ], [ -9.1174, 42.8431 ], [ -9.1174, 42.8433 ], [ -9.1171, 42.843 ] ] ], [ [ [ -9.1291, 42.8432 ], [ -9.1295, 42.8434 ], [ -9.1294, 42.8435 ], [ -9.1291, 42.8432 ] ] ], [ [ [ -9.1307, 42.8441 ], [ -9.1307, 42.8437 ], [ -9.1312, 42.8442 ], [ -9.1307, 42.8441 ] ] ], [ [ [ -9.1179, 42.8443 ], [ -9.1182, 42.8445 ], [ -9.118, 42.8446 ], [ -9.1179, 42.8443 ] ] ], [ [ [ -9.1314, 42.8445 ], [ -9.1316, 42.8448 ], [ -9.1312, 42.8447 ], [ -9.1314, 42.8445 ] ] ], [ [ [ -9.1317, 42.8451 ], [ -9.1317, 42.8449 ], [ -9.1319, 42.845 ], [ -9.1317, 42.8451 ] ] ], [ [ [ -9.1327, 42.8462 ], [ -9.1323, 42.8458 ], [ -9.1324, 42.8447 ], [ -9.1327, 42.8462 ] ] ], [ [ [ -9.1354, 42.8477 ], [ -9.1353, 42.8464 ], [ -9.1355, 42.8463 ], [ -9.1354, 42.8477 ] ] ], [ [ [ -9.1376, 42.8487 ], [ -9.1377, 42.8486 ], [ -9.1377, 42.849 ], [ -9.1376, 42.8487 ] ] ], [ [ [ -9.1389, 42.8494 ], [ -9.1387, 42.8495 ], [ -9.1386, 42.8494 ], [ -9.1389, 42.8494 ] ] ], [ [ [ -9.1403, 42.8498 ], [ -9.1405, 42.8498 ], [ -9.1405, 42.85 ], [ -9.1403, 42.8498 ] ] ], [ [ [ -9.1395, 42.8523 ], [ -9.1396, 42.8519 ], [ -9.1404, 42.8523 ], [ -9.1395, 42.8523 ] ] ], [ [ [ -9.1404, 42.8538 ], [ -9.1407, 42.8529 ], [ -9.1411, 42.8531 ], [ -9.1404, 42.8538 ] ] ], [ [ [ -9.142, 42.8548 ], [ -9.1415, 42.8546 ], [ -9.1419, 42.8543 ], [ -9.142, 42.8548 ] ] ], [ [ [ -9.1429, 42.8555 ], [ -9.1431, 42.8556 ], [ -9.1429, 42.8557 ], [ -9.1429, 42.8555 ] ] ], [ [ [ -9.143, 42.856 ], [ -9.1424, 42.8561 ], [ -9.1429, 42.8558 ], [ -9.143, 42.856 ] ] ], [ [ [ -9.143, 42.8578 ], [ -9.1431, 42.8578 ], [ -9.143, 42.858 ], [ -9.143, 42.8578 ] ] ], [ [ [ -9.1419, 42.8826 ], [ -9.142, 42.8826 ], [ -9.142, 42.8828 ], [ -9.1419, 42.8826 ] ] ], [ [ [ -9.1419, 42.8832 ], [ -9.1419, 42.883 ], [ -9.142, 42.883 ], [ -9.1419, 42.8832 ] ] ], [ [ [ -9.1005, 43.1883 ], [ -9.1003, 43.1885 ], [ -9.1001, 43.1883 ], [ -9.1005, 43.1883 ] ] ], [ [ [ -9.0937, 43.1896 ], [ -9.0935, 43.1896 ], [ -9.0936, 43.1895 ], [ -9.0937, 43.1896 ] ] ], [ [ [ -9.0926, 43.1898 ], [ -9.0927, 43.1894 ], [ -9.0929, 43.1897 ], [ -9.0926, 43.1898 ] ] ], [ [ [ -9.0933, 43.1898 ], [ -9.0931, 43.1898 ], [ -9.0931, 43.1897 ], [ -9.0933, 43.1898 ] ] ], [ [ [ -9.1009, 43.1905 ], [ -9.1005, 43.1893 ], [ -9.1006, 43.1892 ], [ -9.1009, 43.1905 ] ] ], [ [ [ -9.0904, 43.1902 ], [ -9.0906, 43.1902 ], [ -9.0905, 43.1903 ], [ -9.0904, 43.1902 ] ] ], [ [ [ -9.1024, 43.1906 ], [ -9.1025, 43.1906 ], [ -9.1024, 43.1907 ], [ -9.1024, 43.1906 ] ] ], [ [ [ -9.1026, 43.1908 ], [ -9.1027, 43.1907 ], [ -9.1027, 43.1908 ], [ -9.1026, 43.1908 ] ] ], [ [ [ -9.099, 43.1917 ], [ -9.0991, 43.1917 ], [ -9.0991, 43.1918 ], [ -9.099, 43.1917 ] ] ], [ [ [ -9.0988, 43.1924 ], [ -9.0986, 43.1925 ], [ -9.0986, 43.1922 ], [ -9.0988, 43.1924 ] ] ], [ [ [ -9.1114, 43.1926 ], [ -9.1113, 43.1922 ], [ -9.1117, 43.1922 ], [ -9.1114, 43.1926 ] ] ], [ [ [ -9.0977, 43.194 ], [ -9.0974, 43.1938 ], [ -9.0971, 43.1935 ], [ -9.0976, 43.1929 ], [ -9.0977, 43.194 ] ] ], [ [ [ -9.0966, 43.1935 ], [ -9.0964, 43.1937 ], [ -9.0965, 43.1934 ], [ -9.0966, 43.1935 ] ] ], [ [ [ -9.1112, 43.1935 ], [ -9.1114, 43.1935 ], [ -9.1114, 43.1937 ], [ -9.1112, 43.1935 ] ] ], [ [ [ -9.1141, 43.1937 ], [ -9.1142, 43.1937 ], [ -9.1142, 43.1938 ], [ -9.1141, 43.1937 ] ] ], [ [ [ -9.0961, 43.1938 ], [ -9.0962, 43.1939 ], [ -9.0958, 43.194 ], [ -9.0961, 43.1938 ] ] ], [ [ [ -9.0973, 43.1943 ], [ -9.0972, 43.1943 ], [ -9.0974, 43.1938 ], [ -9.0973, 43.1943 ] ] ], [ [ [ -9.1146, 43.195 ], [ -9.1143, 43.1946 ], [ -9.1148, 43.1946 ], [ -9.1146, 43.195 ] ] ], [ [ [ -9.1157, 43.1973 ], [ -9.1149, 43.1979 ], [ -9.1142, 43.1966 ], [ -9.1157, 43.1973 ] ] ], [ [ [ -9.1339, 43.1973 ], [ -9.1338, 43.197 ], [ -9.1343, 43.197 ], [ -9.1339, 43.1973 ] ] ], [ [ [ -9.116, 43.197 ], [ -9.1162, 43.1968 ], [ -9.1164, 43.197 ], [ -9.116, 43.197 ] ] ], [ [ [ -9.135, 43.1971 ], [ -9.1354, 43.1973 ], [ -9.1352, 43.1974 ], [ -9.135, 43.1971 ] ] ], [ [ [ -9.137, 43.1978 ], [ -9.1369, 43.1974 ], [ -9.1374, 43.1975 ], [ -9.137, 43.1978 ] ] ], [ [ [ -9.1366, 43.1974 ], [ -9.137, 43.1978 ], [ -9.1371, 43.198 ], [ -9.1364, 43.1981 ], [ -9.1366, 43.1974 ] ] ], [ [ [ -9.1248, 43.1977 ], [ -9.1253, 43.1978 ], [ -9.1251, 43.198 ], [ -9.1248, 43.1977 ] ] ], [ [ [ -9.1378, 43.1986 ], [ -9.1379, 43.1985 ], [ -9.138, 43.1987 ], [ -9.1378, 43.1986 ] ] ], [ [ [ -9.1376, 43.1988 ], [ -9.1374, 43.1988 ], [ -9.1374, 43.1985 ], [ -9.1376, 43.1988 ] ] ], [ [ [ -9.1356, 43.1989 ], [ -9.1358, 43.199 ], [ -9.1353, 43.1992 ], [ -9.1356, 43.1989 ] ] ], [ [ [ -9.1378, 43.1992 ], [ -9.1374, 43.199 ], [ -9.1378, 43.1991 ], [ -9.1378, 43.1992 ] ] ], [ [ [ -9.1173, 43.2 ], [ -9.1176, 43.1986 ], [ -9.1179, 43.1989 ], [ -9.1173, 43.2 ] ] ], [ [ [ -9.1362, 43.2004 ], [ -9.136, 43.2 ], [ -9.137, 43.2006 ], [ -9.1362, 43.2004 ] ] ], [ [ [ -9.048, 42.505 ], [ -9.0482, 42.5052 ], [ -9.0478, 42.5052 ], [ -9.048, 42.505 ] ] ], [ [ [ -9.0544, 42.5076 ], [ -9.0542, 42.507 ], [ -9.0546, 42.507 ], [ -9.0544, 42.5076 ] ] ], [ [ [ -9.0487, 42.5075 ], [ -9.0485, 42.5076 ], [ -9.0485, 42.5074 ], [ -9.0487, 42.5075 ] ] ], [ [ [ -9.0525, 42.5075 ], [ -9.0528, 42.5076 ], [ -9.0525, 42.5076 ], [ -9.0525, 42.5075 ] ] ], [ [ [ -9.051, 42.5079 ], [ -9.0511, 42.508 ], [ -9.0509, 42.5081 ], [ -9.051, 42.5079 ] ] ], [ [ [ -9.0477, 42.5078 ], [ -9.0478, 42.5082 ], [ -9.0476, 42.5082 ], [ -9.0477, 42.5078 ] ] ], [ [ [ -9.052, 42.5083 ], [ -9.0521, 42.5084 ], [ -9.0519, 42.5086 ], [ -9.052, 42.5083 ] ] ], [ [ [ -9.0506, 42.5092 ], [ -9.0492, 42.5105 ], [ -9.0482, 42.5094 ], [ -9.0506, 42.5092 ] ] ], [ [ [ -9.0472, 42.5086 ], [ -9.0473, 42.5087 ], [ -9.0472, 42.5089 ], [ -9.0472, 42.5086 ] ] ], [ [ [ -9.048, 42.5096 ], [ -9.0478, 42.5097 ], [ -9.0478, 42.5095 ], [ -9.048, 42.5096 ] ] ], [ [ [ -9.0443, 42.5108 ], [ -9.0446, 42.5106 ], [ -9.0448, 42.511 ], [ -9.0443, 42.5108 ] ] ], [ [ [ -9.0492, 42.5108 ], [ -9.0494, 42.512 ], [ -9.0469, 42.5106 ], [ -9.0492, 42.5108 ] ] ], [ [ [ -9.0463, 42.5118 ], [ -9.0459, 42.5117 ], [ -9.0455, 42.5115 ], [ -9.0459, 42.5108 ], [ -9.0463, 42.5118 ] ] ], [ [ [ -9.0469, 42.5117 ], [ -9.0469, 42.5115 ], [ -9.0474, 42.5119 ], [ -9.0469, 42.5117 ] ] ], [ [ [ -9.0448, 42.512 ], [ -9.045, 42.5114 ], [ -9.0451, 42.5114 ], [ -9.0448, 42.512 ] ] ], [ [ [ -9.0459, 42.5117 ], [ -9.046, 42.5118 ], [ -9.0458, 42.5119 ], [ -9.0459, 42.5117 ] ] ], [ [ [ -9.0483, 42.5119 ], [ -9.0484, 42.5119 ], [ -9.0482, 42.512 ], [ -9.0483, 42.5119 ] ] ], [ [ [ -9.0475, 42.5121 ], [ -9.0477, 42.512 ], [ -9.0479, 42.5122 ], [ -9.0475, 42.5121 ] ] ], [ [ [ -9.0471, 42.518 ], [ -9.0472, 42.5176 ], [ -9.0476, 42.5177 ], [ -9.0471, 42.518 ] ] ], [ [ [ -9.0442, 42.5177 ], [ -9.0443, 42.5178 ], [ -9.0442, 42.518 ], [ -9.0442, 42.5177 ] ] ], [ [ [ -9.0485, 42.518 ], [ -9.0484, 42.5179 ], [ -9.0488, 42.5177 ], [ -9.0485, 42.518 ] ] ], [ [ [ -9.0461, 42.5184 ], [ -9.0453, 42.5186 ], [ -9.0455, 42.5178 ], [ -9.0461, 42.5184 ] ] ], [ [ [ -9.0485, 42.5186 ], [ -9.0483, 42.5182 ], [ -9.0486, 42.5182 ], [ -9.0485, 42.5186 ] ] ], [ [ [ -9.054, 42.5204 ], [ -9.0547, 42.5205 ], [ -9.0543, 42.5208 ], [ -9.054, 42.5204 ] ] ], [ [ [ -9.0446, 42.5246 ], [ -9.0446, 42.5248 ], [ -9.0445, 42.5248 ], [ -9.0446, 42.5246 ] ] ], [ [ [ -9.0448, 42.525 ], [ -9.0447, 42.5249 ], [ -9.0448, 42.5248 ], [ -9.0448, 42.525 ] ] ], [ [ [ -9.0528, 42.5249 ], [ -9.053, 42.5249 ], [ -9.053, 42.5251 ], [ -9.0528, 42.5249 ] ] ], [ [ [ -9.0444, 42.5312 ], [ -9.0444, 42.5313 ], [ -9.0443, 42.5313 ], [ -9.0444, 42.5312 ] ] ], [ [ [ -9.0468, 42.5321 ], [ -9.0466, 42.532 ], [ -9.0467, 42.5319 ], [ -9.0468, 42.5321 ] ] ], [ [ [ -9.0452, 42.5332 ], [ -9.0449, 42.5331 ], [ -9.0452, 42.533 ], [ -9.0452, 42.5332 ] ] ], [ [ [ -9.0475, 42.5346 ], [ -9.0478, 42.5346 ], [ -9.0477, 42.5348 ], [ -9.0475, 42.5346 ] ] ], [ [ [ -9.0502, 42.5362 ], [ -9.0503, 42.5363 ], [ -9.0501, 42.5363 ], [ -9.0502, 42.5362 ] ] ], [ [ [ -9.0739, 42.566 ], [ -9.0739, 42.5657 ], [ -9.0742, 42.5657 ], [ -9.0739, 42.566 ] ] ], [ [ [ -9.0803, 42.5663 ], [ -9.0801, 42.5663 ], [ -9.0801, 42.5662 ], [ -9.0803, 42.5663 ] ] ], [ [ [ -9.0805, 42.5667 ], [ -9.0803, 42.5666 ], [ -9.0803, 42.5665 ], [ -9.0805, 42.5667 ] ] ], [ [ [ -9.0484, 42.5669 ], [ -9.0481, 42.5669 ], [ -9.0482, 42.5668 ], [ -9.0484, 42.5669 ] ] ], [ [ [ -9.0459, 42.5705 ], [ -9.0462, 42.5702 ], [ -9.0467, 42.5708 ], [ -9.0459, 42.5705 ] ] ], [ [ [ -9.0709, 42.5719 ], [ -9.0711, 42.572 ], [ -9.0707, 42.5721 ], [ -9.0709, 42.5719 ] ] ], [ [ [ -9.0679, 42.5726 ], [ -9.0679, 42.5727 ], [ -9.0677, 42.5727 ], [ -9.0679, 42.5726 ] ] ], [ [ [ -9.0676, 42.5732 ], [ -9.0675, 42.5731 ], [ -9.0675, 42.573 ], [ -9.0676, 42.5732 ] ] ], [ [ [ -9.0658, 42.5739 ], [ -9.0656, 42.5738 ], [ -9.0658, 42.5737 ], [ -9.0658, 42.5739 ] ] ], [ [ [ -9.0665, 42.5752 ], [ -9.0664, 42.575 ], [ -9.0665, 42.575 ], [ -9.0665, 42.5752 ] ] ], [ [ [ -9.0895, 42.5785 ], [ -9.0893, 42.578 ], [ -9.0895, 42.5783 ], [ -9.0895, 42.5785 ] ] ], [ [ [ -9.0822, 42.5788 ], [ -9.0823, 42.579 ], [ -9.0821, 42.5789 ], [ -9.0822, 42.5788 ] ] ], [ [ [ -9.087, 42.5789 ], [ -9.0871, 42.5791 ], [ -9.0869, 42.5792 ], [ -9.087, 42.5789 ] ] ], [ [ [ -9.0818, 42.5795 ], [ -9.0818, 42.5796 ], [ -9.0815, 42.5795 ], [ -9.0818, 42.5795 ] ] ], [ [ [ -9.0826, 42.5798 ], [ -9.0828, 42.58 ], [ -9.0826, 42.5801 ], [ -9.0826, 42.5798 ] ] ], [ [ [ -9.0789, 42.5828 ], [ -9.0787, 42.5828 ], [ -9.0787, 42.5827 ], [ -9.0789, 42.5828 ] ] ], [ [ [ -9.078, 42.5871 ], [ -9.0781, 42.5873 ], [ -9.0779, 42.5873 ], [ -9.078, 42.5871 ] ] ], [ [ [ -9.0772, 42.5875 ], [ -9.0772, 42.5873 ], [ -9.0774, 42.5873 ], [ -9.0772, 42.5875 ] ] ], [ [ [ -9.0781, 42.5903 ], [ -9.0781, 42.5904 ], [ -9.0778, 42.5904 ], [ -9.0781, 42.5903 ] ] ], [ [ [ -9.0801, 42.5922 ], [ -9.0799, 42.5921 ], [ -9.08, 42.592 ], [ -9.0801, 42.5922 ] ] ], [ [ [ -9.0807, 42.5922 ], [ -9.0807, 42.5924 ], [ -9.0805, 42.5923 ], [ -9.0807, 42.5922 ] ] ], [ [ [ -9.0799, 42.5962 ], [ -9.0809, 42.5966 ], [ -9.0806, 42.5966 ], [ -9.0799, 42.5962 ] ] ], [ [ [ -9.0817, 42.5974 ], [ -9.0816, 42.5973 ], [ -9.0822, 42.5975 ], [ -9.0817, 42.5974 ] ] ], [ [ [ -9.0762, 42.5987 ], [ -9.0766, 42.5988 ], [ -9.0766, 42.599 ], [ -9.0762, 42.5987 ] ] ], [ [ [ -9.0722, 42.599 ], [ -9.0723, 42.5991 ], [ -9.0719, 42.5991 ], [ -9.0722, 42.599 ] ] ], [ [ [ -9.0775, 42.6001 ], [ -9.0773, 42.6 ], [ -9.0775, 42.6 ], [ -9.0775, 42.6001 ] ] ], [ [ [ -9.0771, 42.6002 ], [ -9.0771, 42.6001 ], [ -9.0773, 42.6001 ], [ -9.0771, 42.6002 ] ] ], [ [ [ -9.0628, 42.6096 ], [ -9.0629, 42.6097 ], [ -9.0628, 42.6098 ], [ -9.0628, 42.6096 ] ] ], [ [ [ -9.0637, 42.6098 ], [ -9.0637, 42.6097 ], [ -9.0639, 42.6097 ], [ -9.0637, 42.6098 ] ] ], [ [ [ -9.0646, 42.6097 ], [ -9.0647, 42.6098 ], [ -9.0643, 42.6099 ], [ -9.0646, 42.6097 ] ] ], [ [ [ -9.0631, 42.6099 ], [ -9.063, 42.6098 ], [ -9.0632, 42.6098 ], [ -9.0631, 42.6099 ] ] ], [ [ [ -9.0599, 42.6117 ], [ -9.06, 42.612 ], [ -9.0598, 42.612 ], [ -9.0599, 42.6117 ] ] ], [ [ [ -9.0638, 42.6198 ], [ -9.0636, 42.6196 ], [ -9.0649, 42.6195 ], [ -9.0638, 42.6198 ] ] ], [ [ [ -9.0618, 42.6199 ], [ -9.061, 42.6203 ], [ -9.0604, 42.6199 ], [ -9.0618, 42.6199 ] ] ], [ [ [ -9.0574, 42.6929 ], [ -9.0573, 42.6928 ], [ -9.0575, 42.6927 ], [ -9.0574, 42.6929 ] ] ], [ [ [ -9.0574, 42.6932 ], [ -9.0573, 42.6932 ], [ -9.0575, 42.693 ], [ -9.0574, 42.6932 ] ] ], [ [ [ -9.0817, 42.733 ], [ -9.0813, 42.733 ], [ -9.0815, 42.7326 ], [ -9.0817, 42.733 ] ] ], [ [ [ -9.0828, 42.733 ], [ -9.083, 42.7331 ], [ -9.0828, 42.7332 ], [ -9.0828, 42.733 ] ] ], [ [ [ -9.0826, 42.7333 ], [ -9.0831, 42.7333 ], [ -9.083, 42.7336 ], [ -9.0826, 42.7333 ] ] ], [ [ [ -9.0817, 42.7334 ], [ -9.082, 42.7337 ], [ -9.0819, 42.7338 ], [ -9.0817, 42.7334 ] ] ], [ [ [ -9.0818, 42.7342 ], [ -9.0816, 42.7342 ], [ -9.0816, 42.7341 ], [ -9.0818, 42.7342 ] ] ], [ [ [ -9.087, 42.738 ], [ -9.0869, 42.7379 ], [ -9.0869, 42.7377 ], [ -9.087, 42.738 ] ] ], [ [ [ -9.0811, 43.1848 ], [ -9.081, 43.1848 ], [ -9.081, 43.1847 ], [ -9.0811, 43.1848 ] ] ], [ [ [ -9.0778, 43.1853 ], [ -9.078, 43.1854 ], [ -9.0777, 43.1856 ], [ -9.0778, 43.1853 ] ] ], [ [ [ -9.0824, 43.1855 ], [ -9.0824, 43.1856 ], [ -9.0823, 43.1855 ], [ -9.0824, 43.1855 ] ] ], [ [ [ -9.0838, 43.1857 ], [ -9.0839, 43.1858 ], [ -9.0838, 43.1858 ], [ -9.0838, 43.1857 ] ] ], [ [ [ -9.0832, 43.1862 ], [ -9.0832, 43.1863 ], [ -9.083, 43.1863 ], [ -9.0832, 43.1862 ] ] ], [ [ [ -9.0846, 43.1863 ], [ -9.0847, 43.1863 ], [ -9.0846, 43.1866 ], [ -9.0846, 43.1863 ] ] ], [ [ [ -9.0892, 43.1874 ], [ -9.089, 43.1872 ], [ -9.0891, 43.1872 ], [ -9.0892, 43.1874 ] ] ], [ [ [ -9.0884, 43.1896 ], [ -9.0883, 43.1897 ], [ -9.0883, 43.1895 ], [ -9.0884, 43.1896 ] ] ], [ [ [ -9.0894, 43.1901 ], [ -9.0894, 43.1902 ], [ -9.0891, 43.1901 ], [ -9.0894, 43.1901 ] ] ], [ [ [ -9.0196, 42.4594 ], [ -9.0194, 42.4592 ], [ -9.0195, 42.459 ], [ -9.0196, 42.4594 ] ] ], [ [ [ -9.0192, 42.4597 ], [ -9.0191, 42.4598 ], [ -9.0189, 42.4597 ], [ -9.0192, 42.4597 ] ] ], [ [ [ -9.0153, 42.464 ], [ -9.0154, 42.4644 ], [ -9.0152, 42.4643 ], [ -9.0153, 42.464 ] ] ], [ [ [ -9.0189, 42.4709 ], [ -9.0186, 42.4708 ], [ -9.0188, 42.4707 ], [ -9.0189, 42.4709 ] ] ], [ [ [ -9.0188, 42.4715 ], [ -9.0187, 42.4715 ], [ -9.0187, 42.4713 ], [ -9.0188, 42.4715 ] ] ], [ [ [ -9.0203, 42.4736 ], [ -9.0206, 42.4736 ], [ -9.0206, 42.474 ], [ -9.0203, 42.4736 ] ] ], [ [ [ -9.0214, 42.4739 ], [ -9.0217, 42.4739 ], [ -9.0217, 42.4743 ], [ -9.0214, 42.4739 ] ] ], [ [ [ -9.0207, 42.4795 ], [ -9.0205, 42.4794 ], [ -9.0207, 42.4794 ], [ -9.0207, 42.4795 ] ] ], [ [ [ -9.0206, 42.4797 ], [ -9.0203, 42.4797 ], [ -9.0205, 42.4796 ], [ -9.0206, 42.4797 ] ] ], [ [ [ -9.0234, 42.481 ], [ -9.0237, 42.4811 ], [ -9.0236, 42.4812 ], [ -9.0234, 42.481 ] ] ], [ [ [ -9.0227, 42.4812 ], [ -9.0227, 42.4813 ], [ -9.0226, 42.4813 ], [ -9.0227, 42.4812 ] ] ], [ [ [ -9.0237, 42.4813 ], [ -9.0238, 42.4814 ], [ -9.0234, 42.4815 ], [ -9.0237, 42.4813 ] ] ], [ [ [ -9.0223, 42.4813 ], [ -9.0224, 42.4814 ], [ -9.0223, 42.4815 ], [ -9.0223, 42.4813 ] ] ], [ [ [ -9.025, 42.4818 ], [ -9.0249, 42.4817 ], [ -9.0251, 42.4816 ], [ -9.025, 42.4818 ] ] ], [ [ [ -9.0225, 42.4817 ], [ -9.0226, 42.4819 ], [ -9.0224, 42.482 ], [ -9.0225, 42.4817 ] ] ], [ [ [ -9.0229, 42.4819 ], [ -9.0228, 42.4818 ], [ -9.023, 42.4818 ], [ -9.0229, 42.4819 ] ] ], [ [ [ -9.0231, 42.4821 ], [ -9.0229, 42.4824 ], [ -9.0228, 42.482 ], [ -9.0231, 42.4821 ] ] ], [ [ [ -9.0196, 42.4842 ], [ -9.0195, 42.4844 ], [ -9.0193, 42.4843 ], [ -9.0196, 42.4842 ] ] ], [ [ [ -9.0189, 42.4849 ], [ -9.0188, 42.485 ], [ -9.0187, 42.4848 ], [ -9.0189, 42.4849 ] ] ], [ [ [ -9.0168, 42.485 ], [ -9.0168, 42.4853 ], [ -9.0167, 42.4853 ], [ -9.0168, 42.485 ] ] ], [ [ [ -9.0179, 42.4873 ], [ -9.0179, 42.4877 ], [ -9.0177, 42.4876 ], [ -9.0179, 42.4873 ] ] ], [ [ [ -9.0153, 42.4878 ], [ -9.0152, 42.4881 ], [ -9.015, 42.4879 ], [ -9.0153, 42.4878 ] ] ], [ [ [ -9.0253, 42.4882 ], [ -9.0257, 42.4886 ], [ -9.0253, 42.4886 ], [ -9.0253, 42.4882 ] ] ], [ [ [ -9.0151, 42.4884 ], [ -9.0154, 42.4885 ], [ -9.0151, 42.4888 ], [ -9.0151, 42.4884 ] ] ], [ [ [ -9.0258, 42.4889 ], [ -9.0259, 42.4891 ], [ -9.0255, 42.4893 ], [ -9.0258, 42.4889 ] ] ], [ [ [ -9.0156, 42.4915 ], [ -9.0156, 42.4918 ], [ -9.0154, 42.4918 ], [ -9.0156, 42.4915 ] ] ], [ [ [ -9.0179, 42.4927 ], [ -9.0178, 42.4925 ], [ -9.018, 42.4925 ], [ -9.0179, 42.4927 ] ] ], [ [ [ -9.0191, 42.4926 ], [ -9.0196, 42.4929 ], [ -9.0195, 42.493 ], [ -9.0191, 42.4926 ] ] ], [ [ [ -9.0251, 42.4926 ], [ -9.0252, 42.493 ], [ -9.025, 42.493 ], [ -9.0251, 42.4926 ] ] ], [ [ [ -9.0197, 42.4935 ], [ -9.0197, 42.4933 ], [ -9.0199, 42.4933 ], [ -9.0197, 42.4935 ] ] ], [ [ [ -9.0374, 42.5067 ], [ -9.0373, 42.5068 ], [ -9.0372, 42.5067 ], [ -9.0374, 42.5067 ] ] ], [ [ [ -9.0357, 42.5082 ], [ -9.0358, 42.5083 ], [ -9.0356, 42.5083 ], [ -9.0357, 42.5082 ] ] ], [ [ [ -9.0356, 42.5089 ], [ -9.0357, 42.5088 ], [ -9.0358, 42.509 ], [ -9.0356, 42.5089 ] ] ], [ [ [ -9.0441, 42.5113 ], [ -9.0441, 42.5115 ], [ -9.044, 42.5114 ], [ -9.0441, 42.5113 ] ] ], [ [ [ -9.0407, 42.5146 ], [ -9.0415, 42.5142 ], [ -9.0415, 42.5145 ], [ -9.0407, 42.5146 ] ] ], [ [ [ -9.0416, 42.515 ], [ -9.0415, 42.5149 ], [ -9.0416, 42.5148 ], [ -9.0416, 42.515 ] ] ], [ [ [ -9.0397, 42.5175 ], [ -9.0395, 42.5174 ], [ -9.0397, 42.5174 ], [ -9.0397, 42.5175 ] ] ], [ [ [ -9.0388, 42.5179 ], [ -9.0387, 42.5174 ], [ -9.0394, 42.5175 ], [ -9.0388, 42.5179 ] ] ], [ [ [ -9.0322, 42.5176 ], [ -9.0324, 42.5176 ], [ -9.0323, 42.5177 ], [ -9.0322, 42.5176 ] ] ], [ [ [ -9.0356, 42.5189 ], [ -9.0357, 42.5189 ], [ -9.0356, 42.519 ], [ -9.0356, 42.5189 ] ] ], [ [ [ -9.0353, 42.519 ], [ -9.0354, 42.5192 ], [ -9.0353, 42.5192 ], [ -9.0353, 42.519 ] ] ], [ [ [ -9.0417, 42.5248 ], [ -9.0417, 42.5246 ], [ -9.042, 42.5247 ], [ -9.0417, 42.5248 ] ] ], [ [ [ -9.0421, 42.5255 ], [ -9.0428, 42.5254 ], [ -9.0426, 42.5255 ], [ -9.0421, 42.5255 ] ] ], [ [ [ -9.0425, 42.5256 ], [ -9.043, 42.5258 ], [ -9.0429, 42.5259 ], [ -9.0425, 42.5256 ] ] ], [ [ [ -9.0425, 42.533 ], [ -9.0425, 42.5332 ], [ -9.042, 42.5329 ], [ -9.0425, 42.533 ] ] ], [ [ [ -9.0428, 42.5331 ], [ -9.0431, 42.5333 ], [ -9.0431, 42.5335 ], [ -9.0428, 42.5331 ] ] ], [ [ [ -9.0434, 42.5349 ], [ -9.0433, 42.5345 ], [ -9.0435, 42.5345 ], [ -9.0434, 42.5349 ] ] ], [ [ [ -9.0427, 42.5351 ], [ -9.043, 42.5345 ], [ -9.0433, 42.5351 ], [ -9.0427, 42.5351 ] ] ], [ [ [ -9.0413, 42.5604 ], [ -9.0413, 42.5605 ], [ -9.0412, 42.5604 ], [ -9.0413, 42.5604 ] ] ], [ [ [ -9.0414, 42.5608 ], [ -9.0414, 42.5609 ], [ -9.0413, 42.5608 ], [ -9.0412, 42.5607 ], [ -9.0414, 42.5607 ], [ -9.0414, 42.5608 ] ] ], [ [ [ -9.0409, 42.5608 ], [ -9.0411, 42.5608 ], [ -9.041, 42.5609 ], [ -9.0409, 42.5608 ] ] ], [ [ [ -9.0412, 42.5613 ], [ -9.0411, 42.5613 ], [ -9.0413, 42.5611 ], [ -9.0412, 42.5613 ] ] ], [ [ [ -9.0388, 42.5633 ], [ -9.0391, 42.5634 ], [ -9.0389, 42.5635 ], [ -9.0388, 42.5633 ] ] ], [ [ [ -9.044, 42.6616 ], [ -9.0437, 42.6621 ], [ -9.0418, 42.6612 ], [ -9.044, 42.6616 ] ] ], [ [ [ -9.0252, 42.708 ], [ -9.0251, 42.7081 ], [ -9.025, 42.708 ], [ -9.0252, 42.708 ] ] ], [ [ [ -9.0259, 42.7081 ], [ -9.026, 42.7081 ], [ -9.026, 42.7082 ], [ -9.0259, 42.7081 ] ] ], [ [ [ -9.019, 42.7098 ], [ -9.0191, 42.7101 ], [ -9.019, 42.71 ], [ -9.019, 42.7098 ] ] ], [ [ [ -9.0179, 42.7803 ], [ -9.0177, 42.7802 ], [ -9.0179, 42.7801 ], [ -9.0179, 42.7803 ] ] ], [ [ [ -9.0365, 43.2068 ], [ -9.036, 43.2063 ], [ -9.0373, 43.2057 ], [ -9.0365, 43.2068 ] ] ], [ [ [ -9.0408, 43.212 ], [ -9.0402, 43.2109 ], [ -9.0409, 43.2111 ], [ -9.0408, 43.212 ] ] ], [ [ [ -9.0387, 43.2141 ], [ -9.0386, 43.2135 ], [ -9.0393, 43.2137 ], [ -9.0387, 43.2141 ] ] ], [ [ [ -9.0329, 43.2171 ], [ -9.0315, 43.2163 ], [ -9.0327, 43.216 ], [ -9.0329, 43.2171 ] ] ], [ [ [ -9.0216, 43.218 ], [ -9.0218, 43.2181 ], [ -9.0215, 43.2184 ], [ -9.0216, 43.218 ] ] ], [ [ [ -9.0219, 43.2183 ], [ -9.0223, 43.2184 ], [ -9.0221, 43.2186 ], [ -9.0219, 43.2183 ] ] ], [ [ [ -9.0227, 43.2185 ], [ -9.0225, 43.2185 ], [ -9.0225, 43.2184 ], [ -9.0227, 43.2185 ] ] ], [ [ [ -9.0206, 43.2187 ], [ -9.0208, 43.2184 ], [ -9.0211, 43.2187 ], [ -9.0206, 43.2187 ] ] ], [ [ [ -9.021, 43.2189 ], [ -9.0212, 43.2188 ], [ -9.0213, 43.2189 ], [ -9.021, 43.2189 ] ] ], [ [ [ -9.0204, 43.2201 ], [ -9.0205, 43.2201 ], [ -9.0205, 43.2202 ], [ -9.0203, 43.2203 ], [ -9.0204, 43.2201 ] ] ], [ [ [ -9.021, 43.2228 ], [ -9.0208, 43.2228 ], [ -9.021, 43.2227 ], [ -9.021, 43.2228 ] ] ], [ [ [ -9.0207, 43.2232 ], [ -9.0207, 43.223 ], [ -9.0212, 43.2232 ], [ -9.0207, 43.2232 ] ] ], [ [ [ -9.0221, 43.2231 ], [ -9.0219, 43.2233 ], [ -9.0219, 43.2231 ], [ -9.0221, 43.2231 ] ] ], [ [ [ -9.0157, 43.2234 ], [ -9.0155, 43.2235 ], [ -9.0155, 43.2234 ], [ -9.0157, 43.2234 ] ] ], [ [ [ -9.0155, 43.2301 ], [ -9.0153, 43.2301 ], [ -9.0153, 43.23 ], [ -9.0155, 43.2301 ] ] ], [ [ [ -9.0158, 43.23 ], [ -9.016, 43.2302 ], [ -9.0158, 43.2303 ], [ -9.0158, 43.23 ] ] ], [ [ [ -9.0152, 43.2315 ], [ -9.0154, 43.2316 ], [ -9.0151, 43.2316 ], [ -9.0152, 43.2315 ] ] ], [ [ [ -9.0018, 42.4669 ], [ -9.0018, 42.4667 ], [ -9.002, 42.4667 ], [ -9.0018, 42.4669 ] ] ], [ [ [ -9.0014, 42.4673 ], [ -9.0011, 42.4672 ], [ -9.0011, 42.467 ], [ -9.0014, 42.4673 ] ] ], [ [ [ -9.0019, 42.4672 ], [ -9.0017, 42.4673 ], [ -9.0017, 42.4671 ], [ -9.0019, 42.4672 ] ] ], [ [ [ -9.0008, 42.4678 ], [ -9.0007, 42.4679 ], [ -9.0006, 42.4676 ], [ -9.0008, 42.4678 ] ] ], [ [ [ -8.9988, 42.4684 ], [ -8.999, 42.4687 ], [ -8.9987, 42.4687 ], [ -8.9988, 42.4684 ] ] ], [ [ [ -8.9995, 42.471 ], [ -8.9994, 42.471 ], [ -8.9994, 42.4709 ], [ -8.9995, 42.471 ] ] ], [ [ [ -9.0028, 42.4715 ], [ -9.0027, 42.4715 ], [ -9.0028, 42.4713 ], [ -9.0028, 42.4715 ] ] ], [ [ [ -9.0204, 42.4743 ], [ -9.0156, 42.4858 ], [ -9.004, 42.471 ], [ -8.9994, 42.4688 ], [ -9.0111, 42.4638 ], [ -9.0204, 42.4743 ] ] ], [ [ [ -9.0061, 42.4772 ], [ -9.006, 42.477 ], [ -9.0061, 42.477 ], [ -9.0061, 42.4772 ] ] ], [ [ [ -9.0094, 42.4834 ], [ -9.0093, 42.4834 ], [ -9.0094, 42.4832 ], [ -9.0094, 42.4834 ] ] ], [ [ [ -9.013, 42.4843 ], [ -9.0133, 42.4844 ], [ -9.0129, 42.4844 ], [ -9.013, 42.4843 ] ] ], [ [ [ -8.9927, 42.4859 ], [ -8.9925, 42.4851 ], [ -8.9928, 42.4855 ], [ -8.9927, 42.4859 ] ] ], [ [ [ -9.011, 42.4859 ], [ -9.0109, 42.4865 ], [ -9.0108, 42.4864 ], [ -9.011, 42.4859 ] ] ], [ [ [ -9.0143, 42.487 ], [ -9.0143, 42.4868 ], [ -9.0148, 42.4869 ], [ -9.0143, 42.487 ] ] ], [ [ [ -8.9951, 42.4871 ], [ -8.995, 42.4873 ], [ -8.9947, 42.4875 ], [ -8.9951, 42.4871 ] ] ], [ [ [ -9.0121, 42.4874 ], [ -9.0119, 42.4876 ], [ -9.0118, 42.4875 ], [ -9.0121, 42.4874 ] ] ], [ [ [ -8.9982, 42.4877 ], [ -8.9981, 42.4876 ], [ -8.9982, 42.4874 ], [ -8.9982, 42.4877 ] ] ], [ [ [ -8.9985, 42.4877 ], [ -8.9987, 42.4876 ], [ -8.9988, 42.4878 ], [ -8.9985, 42.4877 ] ] ], [ [ [ -8.9973, 42.4895 ], [ -8.9959, 42.4884 ], [ -8.996, 42.4876 ], [ -8.9973, 42.4895 ] ] ], [ [ [ -9.0146, 42.4894 ], [ -9.0145, 42.4893 ], [ -9.0146, 42.4892 ], [ -9.0146, 42.4894 ] ] ], [ [ [ -9.0, 42.4896 ], [ -8.9998, 42.4895 ], [ -9.0, 42.4894 ], [ -9.0, 42.4896 ] ] ], [ [ [ -8.9996, 42.4895 ], [ -8.9998, 42.4896 ], [ -8.9994, 42.4897 ], [ -8.9996, 42.4895 ] ] ], [ [ [ -8.998, 42.4897 ], [ -8.9992, 42.4895 ], [ -8.9987, 42.4898 ], [ -8.998, 42.4897 ] ] ], [ [ [ -9.0146, 42.4895 ], [ -9.0148, 42.4898 ], [ -9.0146, 42.49 ], [ -9.0146, 42.4895 ] ] ], [ [ [ -9.0144, 42.4902 ], [ -9.0143, 42.4902 ], [ -9.0144, 42.49 ], [ -9.0144, 42.4902 ] ] ], [ [ [ -9.0018, 42.4903 ], [ -9.0016, 42.4903 ], [ -9.0017, 42.4902 ], [ -9.0018, 42.4903 ] ] ], [ [ [ -9.0133, 42.4904 ], [ -9.0144, 42.4905 ], [ -9.0141, 42.4907 ], [ -9.0133, 42.4904 ] ] ], [ [ [ -9.0005, 42.4909 ], [ -9.0011, 42.4909 ], [ -9.001, 42.4911 ], [ -9.0005, 42.4909 ] ] ], [ [ [ -9.0028, 42.4916 ], [ -9.0025, 42.4923 ], [ -9.0016, 42.4911 ], [ -9.0028, 42.4916 ] ] ], [ [ [ -9.0059, 42.4927 ], [ -9.0046, 42.4928 ], [ -9.0049, 42.4924 ], [ -9.0059, 42.4927 ] ] ], [ [ [ -9.0048, 42.4938 ], [ -9.0052, 42.4932 ], [ -9.0055, 42.4938 ], [ -9.0048, 42.4938 ] ] ], [ [ [ -8.9974, 42.494 ], [ -8.9971, 42.494 ], [ -8.9971, 42.4939 ], [ -8.9974, 42.494 ] ] ], [ [ [ -8.999, 42.4939 ], [ -8.9993, 42.4943 ], [ -8.9991, 42.4943 ], [ -8.999, 42.4939 ] ] ], [ [ [ -9.0062, 42.4946 ], [ -9.0061, 42.4944 ], [ -9.0063, 42.4944 ], [ -9.0062, 42.4946 ] ] ], [ [ [ -8.9999, 42.4953 ], [ -8.9995, 42.495 ], [ -9.0001, 42.4949 ], [ -8.9999, 42.4953 ] ] ], [ [ [ -9.0082, 42.4976 ], [ -9.0081, 42.4975 ], [ -9.0082, 42.4973 ], [ -9.0082, 42.4976 ] ] ], [ [ [ -9.0059, 42.4976 ], [ -9.0063, 42.4974 ], [ -9.0067, 42.4978 ], [ -9.0059, 42.4976 ] ] ], [ [ [ -9.0027, 42.4976 ], [ -9.0028, 42.4976 ], [ -9.0026, 42.4979 ], [ -9.0027, 42.4976 ] ] ], [ [ [ -9.0152, 42.4981 ], [ -9.0146, 42.4981 ], [ -9.0146, 42.4974 ], [ -9.0152, 42.4981 ] ] ], [ [ [ -9.008, 42.498 ], [ -9.0079, 42.4979 ], [ -9.0081, 42.4978 ], [ -9.008, 42.498 ] ] ], [ [ [ -9.006, 42.4984 ], [ -9.0071, 42.4994 ], [ -9.0062, 42.5002 ], [ -9.006, 42.4984 ] ] ], [ [ [ -9.0076, 42.4983 ], [ -9.0076, 42.4981 ], [ -9.0077, 42.4981 ], [ -9.0076, 42.4983 ] ] ], [ [ [ -9.0133, 42.4985 ], [ -9.0132, 42.4983 ], [ -9.0133, 42.4982 ], [ -9.0133, 42.4985 ] ] ], [ [ [ -9.0144, 42.4986 ], [ -9.0144, 42.4983 ], [ -9.0149, 42.4982 ], [ -9.0144, 42.4986 ] ] ], [ [ [ -9.0092, 42.4988 ], [ -9.0092, 42.4989 ], [ -9.009, 42.4988 ], [ -9.0092, 42.4988 ] ] ], [ [ [ -9.0093, 42.4991 ], [ -9.0094, 42.4988 ], [ -9.0099, 42.4988 ], [ -9.0093, 42.4991 ] ] ], [ [ [ -9.0074, 42.4989 ], [ -9.0076, 42.499 ], [ -9.0073, 42.4993 ], [ -9.0074, 42.4989 ] ] ], [ [ [ -9.0081, 42.4999 ], [ -9.0082, 42.5001 ], [ -9.008, 42.5001 ], [ -9.0081, 42.4999 ] ] ], [ [ [ -9.0088, 42.4999 ], [ -9.009, 42.5001 ], [ -9.0088, 42.5001 ], [ -9.0088, 42.4999 ] ] ], [ [ [ -9.0091, 42.5056 ], [ -9.0089, 42.5055 ], [ -9.009, 42.5054 ], [ -9.0091, 42.5056 ] ] ], [ [ [ -9.0096, 42.5056 ], [ -9.0094, 42.5057 ], [ -9.0095, 42.5055 ], [ -9.0096, 42.5056 ] ] ], [ [ [ -9.0054, 42.5105 ], [ -9.0055, 42.5106 ], [ -9.0053, 42.5106 ], [ -9.0054, 42.5105 ] ] ], [ [ [ -9.005, 42.5109 ], [ -9.0047, 42.5107 ], [ -9.0053, 42.5109 ], [ -9.005, 42.5109 ] ] ], [ [ [ -9.0026, 42.5112 ], [ -9.0024, 42.5113 ], [ -9.0025, 42.5111 ], [ -9.0026, 42.5112 ] ] ], [ [ [ -9.0039, 42.5113 ], [ -9.004, 42.5112 ], [ -9.0041, 42.5115 ], [ -9.0039, 42.5113 ] ] ], [ [ [ -9.0077, 42.513 ], [ -9.0077, 42.5132 ], [ -9.0075, 42.5133 ], [ -9.0077, 42.513 ] ] ], [ [ [ -9.0103, 42.5143 ], [ -9.0102, 42.5144 ], [ -9.0102, 42.5143 ], [ -9.0103, 42.5143 ] ] ], [ [ [ -9.0064, 42.5148 ], [ -9.0061, 42.5143 ], [ -9.0071, 42.5137 ], [ -9.0064, 42.5148 ] ] ], [ [ [ -9.0078, 42.5154 ], [ -9.0071, 42.5153 ], [ -9.0076, 42.5144 ], [ -9.0078, 42.5154 ] ] ], [ [ [ -9.0117, 42.5152 ], [ -9.0116, 42.5151 ], [ -9.0117, 42.515 ], [ -9.0117, 42.5152 ] ] ], [ [ [ -9.0087, 42.5152 ], [ -9.0089, 42.5151 ], [ -9.0088, 42.5154 ], [ -9.0087, 42.5152 ] ] ], [ [ [ -9.0099, 42.5172 ], [ -9.0092, 42.5181 ], [ -9.0082, 42.5167 ], [ -9.0099, 42.5172 ] ] ], [ [ [ -8.9991, 42.5263 ], [ -8.9991, 42.5266 ], [ -8.9988, 42.5265 ], [ -8.9991, 42.5263 ] ] ], [ [ [ -8.9975, 42.5278 ], [ -8.9971, 42.5273 ], [ -8.9979, 42.5274 ], [ -8.9975, 42.5278 ] ] ], [ [ [ -8.9912, 42.5281 ], [ -8.9914, 42.528 ], [ -8.9917, 42.5283 ], [ -8.9912, 42.5281 ] ] ], [ [ [ -8.987, 42.5313 ], [ -8.9869, 42.5313 ], [ -8.987, 42.5312 ], [ -8.987, 42.5313 ] ] ], [ [ [ -8.9915, 42.5338 ], [ -8.9917, 42.5338 ], [ -8.9917, 42.534 ], [ -8.9915, 42.5338 ] ] ], [ [ [ -8.986, 42.5553 ], [ -8.986, 42.5552 ], [ -8.9866, 42.555 ], [ -8.986, 42.5553 ] ] ], [ [ [ -9.0038, 42.7357 ], [ -9.0041, 42.736 ], [ -9.0035, 42.7361 ], [ -9.0038, 42.7357 ] ] ], [ [ [ -8.9898, 42.7757 ], [ -8.9905, 42.7754 ], [ -8.9907, 42.7763 ], [ -8.9898, 42.7757 ] ] ], [ [ [ -8.991, 42.7772 ], [ -8.992, 42.7771 ], [ -8.992, 42.7776 ], [ -8.991, 42.7772 ] ] ], [ [ [ -8.9993, 42.7784 ], [ -8.9996, 42.7786 ], [ -8.9992, 42.7787 ], [ -8.9993, 42.7784 ] ] ], [ [ [ -8.9995, 42.7791 ], [ -8.9993, 42.779 ], [ -8.9994, 42.7789 ], [ -8.9995, 42.7791 ] ] ], [ [ [ -8.9868, 43.2235 ], [ -8.9868, 43.2238 ], [ -8.9867, 43.2237 ], [ -8.9868, 43.2235 ] ] ], [ [ [ -9.0111, 43.2254 ], [ -9.011, 43.2253 ], [ -9.0112, 43.2253 ], [ -9.0111, 43.2254 ] ] ], [ [ [ -9.0143, 43.2283 ], [ -9.0144, 43.2283 ], [ -9.0144, 43.2284 ], [ -9.0143, 43.2283 ] ] ], [ [ [ -9.0109, 43.2339 ], [ -9.0108, 43.2339 ], [ -9.0106, 43.2338 ], [ -9.0109, 43.2339 ] ] ], [ [ [ -9.0117, 43.2339 ], [ -9.0116, 43.234 ], [ -9.0116, 43.2338 ], [ -9.0117, 43.2339 ] ] ], [ [ [ -9.0082, 43.2342 ], [ -9.0083, 43.2341 ], [ -9.0084, 43.2342 ], [ -9.0082, 43.2342 ] ] ], [ [ [ -9.0089, 43.2349 ], [ -9.0093, 43.2348 ], [ -9.0089, 43.2351 ], [ -9.0085, 43.235 ], [ -9.0089, 43.2349 ] ] ], [ [ [ -9.0142, 43.2352 ], [ -9.0138, 43.2351 ], [ -9.0144, 43.2348 ], [ -9.0142, 43.2352 ] ] ], [ [ [ -8.9904, 43.2732 ], [ -8.9906, 43.2732 ], [ -8.9904, 43.2733 ], [ -8.9904, 43.2732 ] ] ], [ [ [ -8.9906, 43.2734 ], [ -8.9911, 43.2734 ], [ -8.9908, 43.2736 ], [ -8.9906, 43.2734 ] ] ], [ [ [ -8.9877, 43.2767 ], [ -8.9876, 43.2767 ], [ -8.9877, 43.2766 ], [ -8.9877, 43.2767 ] ] ], [ [ [ -8.9872, 43.2772 ], [ -8.9872, 43.2774 ], [ -8.987, 43.2773 ], [ -8.9872, 43.2772 ] ] ], [ [ [ -8.9843, 42.5335 ], [ -8.9843, 42.5334 ], [ -8.9845, 42.5335 ], [ -8.9843, 42.5335 ] ] ], [ [ [ -8.9829, 42.5363 ], [ -8.9828, 42.5362 ], [ -8.9829, 42.5362 ], [ -8.9829, 42.5363 ] ] ], [ [ [ -8.9813, 42.5399 ], [ -8.9814, 42.5396 ], [ -8.9818, 42.5398 ], [ -8.9813, 42.5399 ] ] ], [ [ [ -8.9408, 42.5501 ], [ -8.9403, 42.5518 ], [ -8.9383, 42.5491 ], [ -8.9408, 42.5501 ] ] ], [ [ [ -8.9699, 42.5662 ], [ -8.9691, 42.566 ], [ -8.9693, 42.5654 ], [ -8.9699, 42.5662 ] ] ], [ [ [ -8.9704, 42.5662 ], [ -8.9704, 42.5664 ], [ -8.9702, 42.5664 ], [ -8.9704, 42.5662 ] ] ], [ [ [ -8.972, 42.5669 ], [ -8.9721, 42.5672 ], [ -8.972, 42.5672 ], [ -8.972, 42.5669 ] ] ], [ [ [ -8.9658, 42.5672 ], [ -8.9657, 42.5672 ], [ -8.9657, 42.5671 ], [ -8.9658, 42.5672 ] ] ], [ [ [ -8.9651, 42.5672 ], [ -8.9655, 42.5671 ], [ -8.9654, 42.5674 ], [ -8.9651, 42.5672 ] ] ], [ [ [ -8.9656, 42.5677 ], [ -8.9656, 42.5679 ], [ -8.9654, 42.5678 ], [ -8.9656, 42.5677 ] ] ], [ [ [ -8.9642, 42.5685 ], [ -8.964, 42.5684 ], [ -8.9641, 42.5683 ], [ -8.9642, 42.5685 ] ] ], [ [ [ -8.9721, 42.5686 ], [ -8.9722, 42.5687 ], [ -8.972, 42.5688 ], [ -8.9721, 42.5686 ] ] ], [ [ [ -8.9627, 42.5687 ], [ -8.9626, 42.5686 ], [ -8.9628, 42.5686 ], [ -8.9627, 42.5687 ] ] ], [ [ [ -8.9627, 42.5689 ], [ -8.9626, 42.5688 ], [ -8.9627, 42.5688 ], [ -8.9627, 42.5689 ] ] ], [ [ [ -8.9591, 42.5696 ], [ -8.9589, 42.5697 ], [ -8.959, 42.5695 ], [ -8.9591, 42.5696 ] ] ], [ [ [ -8.9611, 42.5712 ], [ -8.9609, 42.5708 ], [ -8.9613, 42.5708 ], [ -8.9611, 42.5712 ] ] ], [ [ [ -8.9586, 42.5731 ], [ -8.9585, 42.5729 ], [ -8.9588, 42.5732 ], [ -8.9586, 42.5731 ] ] ], [ [ [ -8.9569, 42.5734 ], [ -8.9576, 42.5734 ], [ -8.9575, 42.5736 ], [ -8.9569, 42.5734 ] ] ], [ [ [ -8.9575, 42.5743 ], [ -8.9576, 42.5744 ], [ -8.9574, 42.5746 ], [ -8.9575, 42.5743 ] ] ], [ [ [ -8.9565, 42.5781 ], [ -8.9563, 42.5781 ], [ -8.9564, 42.578 ], [ -8.9565, 42.5781 ] ] ], [ [ [ -8.9579, 42.5784 ], [ -8.958, 42.5783 ], [ -8.9581, 42.5784 ], [ -8.9579, 42.5784 ] ] ], [ [ [ -8.955, 42.58 ], [ -8.955, 42.5801 ], [ -8.9547, 42.5801 ], [ -8.955, 42.58 ] ] ], [ [ [ -8.9547, 42.5806 ], [ -8.9545, 42.5806 ], [ -8.9546, 42.5805 ], [ -8.9547, 42.5806 ] ] ], [ [ [ -8.9434, 42.5806 ], [ -8.9433, 42.5808 ], [ -8.9431, 42.5808 ], [ -8.9434, 42.5806 ] ] ], [ [ [ -8.9562, 42.5812 ], [ -8.9566, 42.5813 ], [ -8.9565, 42.5815 ], [ -8.9562, 42.5812 ] ] ], [ [ [ -8.9341, 42.5826 ], [ -8.9339, 42.5826 ], [ -8.9347, 42.5813 ], [ -8.9341, 42.5826 ] ] ], [ [ [ -8.9177, 42.586 ], [ -8.9184, 42.5859 ], [ -8.9184, 42.5862 ], [ -8.9177, 42.586 ] ] ], [ [ [ -8.9195, 42.5877 ], [ -8.9193, 42.5875 ], [ -8.9194, 42.5875 ], [ -8.9195, 42.5877 ] ] ], [ [ [ -8.9186, 42.592 ], [ -8.9185, 42.5919 ], [ -8.9186, 42.5918 ], [ -8.9186, 42.592 ] ] ], [ [ [ -8.9177, 42.5958 ], [ -8.9179, 42.5956 ], [ -8.9181, 42.596 ], [ -8.9177, 42.5958 ] ] ], [ [ [ -8.9225, 42.5964 ], [ -8.9226, 42.5966 ], [ -8.9225, 42.5966 ], [ -8.9225, 42.5964 ] ] ], [ [ [ -8.8767, 42.6027 ], [ -8.8768, 42.6012 ], [ -8.8777, 42.6016 ], [ -8.8767, 42.6027 ] ] ], [ [ [ -8.8688, 42.605 ], [ -8.869, 42.6041 ], [ -8.8694, 42.6049 ], [ -8.8688, 42.605 ] ] ], [ [ [ -8.8676, 42.6068 ], [ -8.8676, 42.6062 ], [ -8.8681, 42.6063 ], [ -8.8676, 42.6068 ] ] ], [ [ [ -8.9173, 42.6206 ], [ -8.9173, 42.6207 ], [ -8.9172, 42.6207 ], [ -8.9173, 42.6206 ] ] ], [ [ [ -8.855, 42.6264 ], [ -8.855, 42.6258 ], [ -8.8557, 42.626 ], [ -8.855, 42.6264 ] ] ], [ [ [ -8.9665, 42.7754 ], [ -8.9663, 42.7764 ], [ -8.9633, 42.7764 ], [ -8.9665, 42.7754 ] ] ], [ [ [ -8.9612, 42.7749 ], [ -8.9614, 42.7752 ], [ -8.9608, 42.7755 ], [ -8.9612, 42.7749 ] ] ], [ [ [ -8.9781, 42.7841 ], [ -8.9781, 42.7831 ], [ -8.9787, 42.7833 ], [ -8.9781, 42.7841 ] ] ], [ [ [ -8.9311, 42.8015 ], [ -8.9312, 42.8016 ], [ -8.931, 42.8016 ], [ -8.9311, 42.8015 ] ] ], [ [ [ -8.9735, 43.2254 ], [ -8.9732, 43.2253 ], [ -8.9733, 43.2252 ], [ -8.9735, 43.2254 ] ] ], [ [ [ -8.9692, 43.2253 ], [ -8.9691, 43.2255 ], [ -8.9689, 43.2254 ], [ -8.9692, 43.2253 ] ] ], [ [ [ -8.9751, 43.2256 ], [ -8.9752, 43.2256 ], [ -8.9752, 43.2257 ], [ -8.9751, 43.2256 ] ] ], [ [ [ -8.9664, 43.229 ], [ -8.9668, 43.2291 ], [ -8.9667, 43.2294 ], [ -8.9664, 43.229 ] ] ], [ [ [ -8.9665, 43.2296 ], [ -8.9663, 43.2295 ], [ -8.9665, 43.2295 ], [ -8.9665, 43.2296 ] ] ], [ [ [ -8.9664, 43.2297 ], [ -8.9667, 43.2297 ], [ -8.9664, 43.2299 ], [ -8.9664, 43.2297 ] ] ], [ [ [ -8.9435, 43.2342 ], [ -8.9417, 43.2322 ], [ -8.9431, 43.2321 ], [ -8.9435, 43.2342 ] ] ], [ [ [ -8.9513, 43.2457 ], [ -8.9511, 43.2458 ], [ -8.951, 43.2456 ], [ -8.9513, 43.2457 ] ] ], [ [ [ -8.9512, 43.246 ], [ -8.951, 43.2463 ], [ -8.9509, 43.2461 ], [ -8.9512, 43.246 ] ] ], [ [ [ -8.9547, 43.2577 ], [ -8.9543, 43.2582 ], [ -8.9543, 43.2579 ], [ -8.9547, 43.2577 ] ] ], [ [ [ -8.9774, 43.2627 ], [ -8.9775, 43.2626 ], [ -8.9776, 43.2627 ], [ -8.9774, 43.2627 ] ] ], [ [ [ -8.9563, 43.2645 ], [ -8.9561, 43.2646 ], [ -8.9561, 43.2644 ], [ -8.9563, 43.2645 ] ] ], [ [ [ -8.9831, 43.2655 ], [ -8.9833, 43.2652 ], [ -8.9836, 43.2656 ], [ -8.9831, 43.2655 ] ] ], [ [ [ -8.9827, 43.2663 ], [ -8.9827, 43.2661 ], [ -8.9835, 43.266 ], [ -8.9827, 43.2663 ] ] ], [ [ [ -8.9824, 43.2673 ], [ -8.9822, 43.2675 ], [ -8.982, 43.2673 ], [ -8.9824, 43.2673 ] ] ], [ [ [ -8.9849, 43.2676 ], [ -8.9853, 43.2676 ], [ -8.9849, 43.2679 ], [ -8.9849, 43.2676 ] ] ], [ [ [ -8.9859, 43.2702 ], [ -8.9855, 43.2705 ], [ -8.9854, 43.2704 ], [ -8.9859, 43.2702 ] ] ], [ [ [ -8.9857, 43.2707 ], [ -8.9853, 43.271 ], [ -8.9852, 43.2709 ], [ -8.9857, 43.2707 ] ] ], [ [ [ -8.9837, 43.283 ], [ -8.984, 43.283 ], [ -8.9838, 43.2831 ], [ -8.9837, 43.283 ] ] ], [ [ [ -8.9798, 43.284 ], [ -8.9795, 43.2839 ], [ -8.9796, 43.2838 ], [ -8.9798, 43.284 ] ] ], [ [ [ -8.9621, 43.2905 ], [ -8.9621, 43.2894 ], [ -8.9624, 43.2896 ], [ -8.9621, 43.2905 ] ] ], [ [ [ -8.9169, 43.2936 ], [ -8.9172, 43.2939 ], [ -8.9168, 43.294 ], [ -8.9169, 43.2936 ] ] ], [ [ [ -8.9524, 43.2938 ], [ -8.9526, 43.2938 ], [ -8.9521, 43.2939 ], [ -8.9524, 43.2938 ] ] ], [ [ [ -8.9174, 43.294 ], [ -8.9173, 43.294 ], [ -8.9175, 43.2939 ], [ -8.9174, 43.294 ] ] ], [ [ [ -8.9113, 43.304 ], [ -8.9115, 43.3034 ], [ -8.9119, 43.3037 ], [ -8.9113, 43.304 ] ] ], [ [ [ -8.9096, 43.305 ], [ -8.9104, 43.3045 ], [ -8.9103, 43.3049 ], [ -8.9096, 43.305 ] ] ], [ [ [ -8.9091, 43.3062 ], [ -8.9081, 43.306 ], [ -8.9088, 43.3052 ], [ -8.9091, 43.3062 ] ] ], [ [ [ -8.914, 43.3066 ], [ -8.9138, 43.3066 ], [ -8.9138, 43.3065 ], [ -8.914, 43.3066 ] ] ], [ [ [ -8.9153, 43.3068 ], [ -8.9152, 43.3067 ], [ -8.9153, 43.3066 ], [ -8.9153, 43.3068 ] ] ], [ [ [ -8.8773, 43.3204 ], [ -8.8773, 43.3212 ], [ -8.8745, 43.3191 ], [ -8.8773, 43.3204 ] ] ], [ [ [ -8.8777, 43.3215 ], [ -8.8779, 43.3209 ], [ -8.8785, 43.3214 ], [ -8.8777, 43.3215 ] ] ], [ [ [ -8.9036, 43.3217 ], [ -8.9038, 43.3218 ], [ -8.9038, 43.3219 ], [ -8.9036, 43.3217 ] ] ], [ [ [ -8.8557, 43.3219 ], [ -8.8559, 43.3218 ], [ -8.8559, 43.3219 ], [ -8.8557, 43.3219 ] ] ], [ [ [ -8.9031, 43.3224 ], [ -8.9035, 43.3223 ], [ -8.9034, 43.3224 ], [ -8.9031, 43.3224 ] ] ], [ [ [ -8.8506, 43.3254 ], [ -8.8506, 43.3256 ], [ -8.8504, 43.3254 ], [ -8.8506, 43.3254 ] ] ], [ [ [ -8.8517, 43.3254 ], [ -8.8518, 43.3255 ], [ -8.8515, 43.3257 ], [ -8.8517, 43.3254 ] ] ], [ [ [ -8.8421, 42.6264 ], [ -8.8435, 42.6254 ], [ -8.8435, 42.6263 ], [ -8.8421, 42.6264 ] ] ], [ [ [ -8.8426, 42.6276 ], [ -8.8424, 42.6276 ], [ -8.8425, 42.6274 ], [ -8.8426, 42.6276 ] ] ], [ [ [ -8.8042, 42.637 ], [ -8.8039, 42.6371 ], [ -8.8039, 42.637 ], [ -8.8042, 42.637 ] ] ], [ [ [ -8.755, 42.6476 ], [ -8.7549, 42.6476 ], [ -8.755, 42.6475 ], [ -8.755, 42.6476 ] ] ], [ [ [ -8.7472, 42.6502 ], [ -8.7477, 42.6506 ], [ -8.7476, 42.6507 ], [ -8.7472, 42.6502 ] ] ], [ [ [ -8.7566, 43.3 ], [ -8.7565, 43.2997 ], [ -8.7573, 43.2993 ], [ -8.7566, 43.3 ] ] ], [ [ [ -8.7582, 43.3018 ], [ -8.7579, 43.3014 ], [ -8.7584, 43.3008 ], [ -8.7582, 43.3018 ] ] ], [ [ [ -8.7787, 43.3026 ], [ -8.7788, 43.3027 ], [ -8.7786, 43.3027 ], [ -8.7787, 43.3026 ] ] ], [ [ [ -8.7807, 43.3053 ], [ -8.7807, 43.3041 ], [ -8.7809, 43.3042 ], [ -8.7807, 43.3053 ] ] ], [ [ [ -8.796, 43.3128 ], [ -8.7962, 43.3125 ], [ -8.7964, 43.3128 ], [ -8.796, 43.3128 ] ] ], [ [ [ -8.5545, 43.3139 ], [ -8.555, 43.3139 ], [ -8.555, 43.314 ], [ -8.5545, 43.3139 ] ] ], [ [ [ -8.5538, 43.3147 ], [ -8.5544, 43.3147 ], [ -8.5543, 43.3148 ], [ -8.5538, 43.3147 ] ] ], [ [ [ -8.5667, 43.3155 ], [ -8.5673, 43.3155 ], [ -8.5668, 43.3157 ], [ -8.5667, 43.3155 ] ] ], [ [ [ -8.5599, 43.3159 ], [ -8.5604, 43.3158 ], [ -8.5605, 43.3162 ], [ -8.5599, 43.3159 ] ] ], [ [ [ -8.5737, 43.3164 ], [ -8.574, 43.3165 ], [ -8.5736, 43.3166 ], [ -8.5737, 43.3164 ] ] ], [ [ [ -8.584, 43.3172 ], [ -8.5842, 43.3174 ], [ -8.584, 43.3175 ], [ -8.584, 43.3172 ] ] ], [ [ [ -8.5905, 43.3184 ], [ -8.5907, 43.3185 ], [ -8.5904, 43.3187 ], [ -8.5905, 43.3184 ] ] ], [ [ [ -8.5998, 43.3199 ], [ -8.6, 43.32 ], [ -8.5998, 43.3202 ], [ -8.5998, 43.3199 ] ] ], [ [ [ -8.5959, 43.3206 ], [ -8.5962, 43.3206 ], [ -8.5961, 43.3208 ], [ -8.5959, 43.3206 ] ] ], [ [ [ -8.5903, 43.3212 ], [ -8.5901, 43.3209 ], [ -8.5906, 43.3208 ], [ -8.5903, 43.3212 ] ] ], [ [ [ -8.5953, 43.3214 ], [ -8.5949, 43.3213 ], [ -8.5952, 43.3209 ], [ -8.5953, 43.3214 ] ] ], [ [ [ -8.5916, 43.3216 ], [ -8.592, 43.3216 ], [ -8.5918, 43.3218 ], [ -8.5916, 43.3216 ] ] ], [ [ [ -8.6069, 43.3228 ], [ -8.6074, 43.3228 ], [ -8.6074, 43.3229 ], [ -8.6069, 43.3228 ] ] ], [ [ [ -8.6054, 43.3228 ], [ -8.6053, 43.3231 ], [ -8.6052, 43.3231 ], [ -8.6054, 43.3228 ] ] ], [ [ [ -8.5211, 43.3255 ], [ -8.5218, 43.3251 ], [ -8.522, 43.3253 ], [ -8.5211, 43.3255 ] ] ], [ [ [ -8.52, 43.3268 ], [ -8.5204, 43.3266 ], [ -8.5205, 43.3271 ], [ -8.52, 43.3268 ] ] ], [ [ [ -8.5186, 43.3285 ], [ -8.5184, 43.3284 ], [ -8.5185, 43.3282 ], [ -8.5186, 43.3285 ] ] ], [ [ [ -8.8495, 43.3288 ], [ -8.8494, 43.3288 ], [ -8.8494, 43.3286 ], [ -8.8495, 43.3288 ] ] ], [ [ [ -8.8494, 43.3289 ], [ -8.8493, 43.3288 ], [ -8.8494, 43.3288 ], [ -8.8494, 43.3289 ] ] ], [ [ [ -8.8496, 43.329 ], [ -8.8495, 43.3291 ], [ -8.8495, 43.3289 ], [ -8.8496, 43.329 ] ] ], [ [ [ -8.8503, 43.3357 ], [ -8.8504, 43.336 ], [ -8.8496, 43.3359 ], [ -8.8503, 43.3357 ] ] ], [ [ [ -8.836, 43.3448 ], [ -8.836, 43.3444 ], [ -8.8363, 43.3445 ], [ -8.836, 43.3448 ] ] ], [ [ [ -8.8346, 43.345 ], [ -8.8346, 43.3452 ], [ -8.8344, 43.3452 ], [ -8.8346, 43.345 ] ] ], [ [ [ -8.8333, 43.3454 ], [ -8.8333, 43.3455 ], [ -8.8331, 43.3455 ], [ -8.8333, 43.3454 ] ] ], [ [ [ -8.8396, 43.3464 ], [ -8.8395, 43.3456 ], [ -8.8399, 43.3456 ], [ -8.8396, 43.3464 ] ] ], [ [ [ -8.3507, 43.3491 ], [ -8.3493, 43.3487 ], [ -8.35, 43.3477 ], [ -8.3507, 43.3491 ] ] ], [ [ [ -8.8341, 43.3505 ], [ -8.8347, 43.3501 ], [ -8.8347, 43.3505 ], [ -8.8341, 43.3505 ] ] ], [ [ [ -8.8357, 43.3525 ], [ -8.8357, 43.3526 ], [ -8.8354, 43.3526 ], [ -8.8357, 43.3525 ] ] ], [ [ [ -8.8339, 43.3528 ], [ -8.834, 43.353 ], [ -8.8338, 43.353 ], [ -8.8339, 43.3528 ] ] ], [ [ [ -8.8348, 43.3561 ], [ -8.8315, 43.3547 ], [ -8.8315, 43.353 ], [ -8.8348, 43.3561 ] ] ], [ [ [ -8.8352, 43.3559 ], [ -8.8358, 43.356 ], [ -8.8356, 43.3562 ], [ -8.8352, 43.3559 ] ] ], [ [ [ -8.8328, 43.3563 ], [ -8.8327, 43.3562 ], [ -8.8334, 43.3561 ], [ -8.8328, 43.3563 ] ] ], [ [ [ -8.4742, 43.3566 ], [ -8.4747, 43.3569 ], [ -8.474, 43.358 ], [ -8.4742, 43.3566 ] ] ], [ [ [ -8.8488, 43.362 ], [ -8.836, 43.3603 ], [ -8.8363, 43.3577 ], [ -8.8468, 43.3567 ], [ -8.8488, 43.362 ] ] ], [ [ [ -8.8357, 43.3594 ], [ -8.8341, 43.3622 ], [ -8.8308, 43.3573 ], [ -8.8357, 43.3594 ] ] ], [ [ [ -8.8499, 43.3617 ], [ -8.8496, 43.3617 ], [ -8.8497, 43.3615 ], [ -8.8499, 43.3617 ] ] ], [ [ [ -8.844, 43.3623 ], [ -8.8443, 43.3619 ], [ -8.8446, 43.3622 ], [ -8.844, 43.3623 ] ] ], [ [ [ -8.3475, 43.3623 ], [ -8.3479, 43.3619 ], [ -8.3482, 43.3621 ], [ -8.3475, 43.3623 ] ] ], [ [ [ -8.8488, 43.3621 ], [ -8.8492, 43.3622 ], [ -8.8491, 43.3626 ], [ -8.8488, 43.3621 ] ] ], [ [ [ -8.8429, 43.3626 ], [ -8.8429, 43.3628 ], [ -8.8422, 43.3629 ], [ -8.8429, 43.3626 ] ] ], [ [ [ -8.8388, 43.3631 ], [ -8.8388, 43.3632 ], [ -8.8382, 43.3632 ], [ -8.8388, 43.3631 ] ] ], [ [ [ -8.8383, 43.3638 ], [ -8.8382, 43.3643 ], [ -8.8378, 43.3641 ], [ -8.8383, 43.3638 ] ] ], [ [ [ -8.4536, 43.3778 ], [ -8.4502, 43.3774 ], [ -8.4523, 43.3758 ], [ -8.4536, 43.3778 ] ] ], [ [ [ -8.4511, 43.3801 ], [ -8.4481, 43.3791 ], [ -8.4493, 43.378 ], [ -8.4511, 43.3801 ] ] ], [ [ [ -8.4483, 43.3822 ], [ -8.4461, 43.3818 ], [ -8.4477, 43.3796 ], [ -8.4483, 43.3822 ] ] ], [ [ [ -8.4495, 43.3818 ], [ -8.45, 43.3819 ], [ -8.4499, 43.382 ], [ -8.4495, 43.3818 ] ] ], [ [ [ -8.4373, 43.3817 ], [ -8.4371, 43.3824 ], [ -8.4367, 43.3824 ], [ -8.4373, 43.3817 ] ] ], [ [ [ -8.4473, 43.3827 ], [ -8.447, 43.3834 ], [ -8.4455, 43.3821 ], [ -8.4473, 43.3827 ] ] ], [ [ [ -8.4366, 43.3831 ], [ -8.4364, 43.3827 ], [ -8.4366, 43.3827 ], [ -8.4366, 43.3831 ] ] ], [ [ [ -8.4135, 43.3842 ], [ -8.4135, 43.3844 ], [ -8.4128, 43.3845 ], [ -8.4135, 43.3842 ] ] ], [ [ [ -8.4116, 43.3879 ], [ -8.4112, 43.3875 ], [ -8.4117, 43.3875 ], [ -8.4116, 43.3879 ] ] ], [ [ [ -8.4068, 43.3887 ], [ -8.4066, 43.3885 ], [ -8.408, 43.3887 ], [ -8.4068, 43.3887 ] ] ], [ [ [ -8.4127, 43.389 ], [ -8.4141, 43.3892 ], [ -8.4138, 43.3893 ], [ -8.4127, 43.389 ] ] ], [ [ [ -8.3441, 43.3987 ], [ -8.344, 43.399 ], [ -8.3437, 43.3989 ], [ -8.3441, 43.3987 ] ] ], [ [ [ -8.2507, 43.3668 ], [ -8.2517, 43.3669 ], [ -8.2517, 43.3671 ], [ -8.2507, 43.3668 ] ] ], [ [ [ -8.2215, 43.3753 ], [ -8.2225, 43.375 ], [ -8.2221, 43.3757 ], [ -8.2215, 43.3753 ] ] ], [ [ [ -8.3422, 43.376 ], [ -8.3403, 43.3754 ], [ -8.3418, 43.3752 ], [ -8.3422, 43.376 ] ] ], [ [ [ -8.2238, 43.3857 ], [ -8.2233, 43.3855 ], [ -8.2246, 43.3846 ], [ -8.2238, 43.3857 ] ] ], [ [ [ -8.2833, 43.3868 ], [ -8.283, 43.3867 ], [ -8.284, 43.3867 ], [ -8.2833, 43.3868 ] ] ], [ [ [ -8.3388, 43.4006 ], [ -8.3394, 43.4007 ], [ -8.3394, 43.4008 ], [ -8.3388, 43.4006 ] ] ], [ [ [ -8.3395, 43.401 ], [ -8.34, 43.4011 ], [ -8.3395, 43.4013 ], [ -8.3395, 43.401 ] ] ], [ [ [ -8.3344, 43.4015 ], [ -8.3346, 43.4015 ], [ -8.3344, 43.4018 ], [ -8.3341, 43.4017 ], [ -8.3344, 43.4015 ] ] ], [ [ [ -8.3274, 43.4039 ], [ -8.3274, 43.4037 ], [ -8.3276, 43.4037 ], [ -8.3274, 43.4039 ] ] ], [ [ [ -8.3271, 43.4043 ], [ -8.3275, 43.4044 ], [ -8.3273, 43.4047 ], [ -8.3271, 43.4043 ] ] ], [ [ [ -8.3266, 43.4048 ], [ -8.3269, 43.4046 ], [ -8.327, 43.4049 ], [ -8.3266, 43.4048 ] ] ], [ [ [ -8.3357, 43.407 ], [ -8.3354, 43.407 ], [ -8.3365, 43.4058 ], [ -8.3357, 43.407 ] ] ], [ [ [ -8.3367, 43.4067 ], [ -8.3363, 43.4071 ], [ -8.3362, 43.407 ], [ -8.3367, 43.4067 ] ] ], [ [ [ -8.2629, 43.4193 ], [ -8.2608, 43.4186 ], [ -8.2641, 43.4178 ], [ -8.2629, 43.4193 ] ] ], [ [ [ -8.2127, 43.4185 ], [ -8.2128, 43.4186 ], [ -8.2125, 43.4188 ], [ -8.2127, 43.4185 ] ] ], [ [ [ -8.2694, 43.4289 ], [ -8.2697, 43.4291 ], [ -8.2697, 43.4293 ], [ -8.2694, 43.4289 ] ] ], [ [ [ -8.2314, 43.4622 ], [ -8.2315, 43.4622 ], [ -8.2314, 43.4623 ], [ -8.2314, 43.4622 ] ] ], [ [ [ -8.2333, 43.4624 ], [ -8.2334, 43.4624 ], [ -8.2334, 43.4625 ], [ -8.2333, 43.4624 ] ] ], [ [ [ -8.3408, 43.5105 ], [ -8.3406, 43.5104 ], [ -8.3416, 43.5105 ], [ -8.3408, 43.5105 ] ] ], [ [ [ -8.335, 43.5107 ], [ -8.3353, 43.5108 ], [ -8.3348, 43.5111 ], [ -8.335, 43.5107 ] ] ], [ [ [ -8.3382, 43.511 ], [ -8.3405, 43.5119 ], [ -8.336, 43.5107 ], [ -8.3382, 43.511 ] ] ], [ [ [ -8.3328, 43.5109 ], [ -8.3331, 43.511 ], [ -8.333, 43.5114 ], [ -8.3328, 43.5109 ] ] ], [ [ [ -8.333, 43.5126 ], [ -8.3331, 43.5128 ], [ -8.3328, 43.5128 ], [ -8.333, 43.5126 ] ] ], [ [ [ -8.3263, 43.5296 ], [ -8.3246, 43.5279 ], [ -8.3263, 43.5285 ], [ -8.3263, 43.5296 ] ] ], [ [ [ -8.3047, 43.5403 ], [ -8.3057, 43.5405 ], [ -8.3056, 43.5406 ], [ -8.3047, 43.5403 ] ] ], [ [ [ -8.3052, 43.5423 ], [ -8.305, 43.5423 ], [ -8.305, 43.5421 ], [ -8.3052, 43.5423 ] ] ], [ [ [ -8.3067, 43.544 ], [ -8.3065, 43.5439 ], [ -8.3066, 43.5438 ], [ -8.3067, 43.544 ] ] ], [ [ [ -8.3117, 43.5451 ], [ -8.3115, 43.5452 ], [ -8.3116, 43.545 ], [ -8.3117, 43.5451 ] ] ], [ [ [ -8.3153, 43.5505 ], [ -8.3152, 43.5502 ], [ -8.3158, 43.5499 ], [ -8.3153, 43.5505 ] ] ], [ [ [ -8.2773, 43.559 ], [ -8.2777, 43.5584 ], [ -8.2778, 43.5587 ], [ -8.2773, 43.559 ] ] ], [ [ [ -8.2804, 43.5588 ], [ -8.2805, 43.5588 ], [ -8.2804, 43.5591 ], [ -8.2804, 43.5588 ] ] ], [ [ [ -8.2825, 43.5614 ], [ -8.2831, 43.5614 ], [ -8.2829, 43.5616 ], [ -8.2825, 43.5614 ] ] ], [ [ [ -8.3014, 43.5616 ], [ -8.3022, 43.5615 ], [ -8.3021, 43.5617 ], [ -8.3014, 43.5616 ] ] ], [ [ [ -8.3027, 43.5617 ], [ -8.3031, 43.5618 ], [ -8.3027, 43.5619 ], [ -8.3027, 43.5617 ] ] ], [ [ [ -8.3037, 43.5621 ], [ -8.3036, 43.5619 ], [ -8.3037, 43.5618 ], [ -8.3037, 43.5621 ] ] ], [ [ [ -8.3012, 43.562 ], [ -8.3015, 43.5624 ], [ -8.3013, 43.5624 ], [ -8.3012, 43.562 ] ] ], [ [ [ -8.2426, 43.5686 ], [ -8.2424, 43.5684 ], [ -8.2429, 43.5685 ], [ -8.2426, 43.5686 ] ] ], [ [ [ -8.2431, 43.5685 ], [ -8.2432, 43.5685 ], [ -8.2433, 43.5686 ], [ -8.2431, 43.5685 ] ] ], [ [ [ -8.307, 43.5689 ], [ -8.3074, 43.569 ], [ -8.3072, 43.5692 ], [ -8.307, 43.5689 ] ] ], [ [ [ -8.3079, 43.569 ], [ -8.3084, 43.5693 ], [ -8.3082, 43.5695 ], [ -8.3079, 43.569 ] ] ], [ [ [ -8.2391, 43.5715 ], [ -8.239, 43.5716 ], [ -8.239, 43.5714 ], [ -8.2391, 43.5715 ] ] ], [ [ [ -8.2387, 43.5716 ], [ -8.2385, 43.5716 ], [ -8.2386, 43.5714 ], [ -8.2387, 43.5716 ] ] ], [ [ [ -8.2368, 43.5723 ], [ -8.2371, 43.5722 ], [ -8.2372, 43.5725 ], [ -8.2368, 43.5723 ] ] ], [ [ [ -8.2359, 43.5728 ], [ -8.2362, 43.5724 ], [ -8.2365, 43.5726 ], [ -8.2359, 43.5728 ] ] ], [ [ [ -8.2376, 43.5726 ], [ -8.2379, 43.5726 ], [ -8.2377, 43.5729 ], [ -8.2376, 43.5726 ] ] ], [ [ [ -8.231, 43.5747 ], [ -8.2309, 43.5746 ], [ -8.231, 43.5746 ], [ -8.231, 43.5747 ] ] ], [ [ [ -8.228, 43.5763 ], [ -8.2279, 43.5762 ], [ -8.228, 43.5762 ], [ -8.228, 43.5763 ] ] ], [ [ [ -8.2288, 43.5761 ], [ -8.2289, 43.5763 ], [ -8.2287, 43.5764 ], [ -8.2288, 43.5761 ] ] ], [ [ [ -8.2292, 43.5763 ], [ -8.2293, 43.5762 ], [ -8.2294, 43.5763 ], [ -8.2292, 43.5763 ] ] ], [ [ [ -8.2305, 43.5762 ], [ -8.2307, 43.5765 ], [ -8.2306, 43.5766 ], [ -8.2305, 43.5762 ] ] ], [ [ [ -8.2309, 43.5766 ], [ -8.231, 43.5765 ], [ -8.2311, 43.5767 ], [ -8.2309, 43.5766 ] ] ], [ [ [ -8.2287, 43.5781 ], [ -8.2284, 43.5781 ], [ -8.2285, 43.578 ], [ -8.2287, 43.5781 ] ] ], [ [ [ -8.218, 43.584 ], [ -8.2183, 43.5841 ], [ -8.2182, 43.5843 ], [ -8.218, 43.584 ] ] ], [ [ [ -8.2198, 43.5856 ], [ -8.2196, 43.5856 ], [ -8.2196, 43.5855 ], [ -8.2198, 43.5856 ] ] ], [ [ [ -8.2201, 43.5868 ], [ -8.22, 43.5868 ], [ -8.2201, 43.5866 ], [ -8.2201, 43.5868 ] ] ], [ [ [ -8.2171, 43.5917 ], [ -8.2168, 43.5917 ], [ -8.2169, 43.5916 ], [ -8.2171, 43.5917 ] ] ], [ [ [ -8.2171, 43.5921 ], [ -8.2172, 43.5922 ], [ -8.217, 43.5923 ], [ -8.2171, 43.5921 ] ] ], [ [ [ -8.2136, 43.5925 ], [ -8.2134, 43.5925 ], [ -8.2135, 43.5924 ], [ -8.2136, 43.5925 ] ] ], [ [ [ -8.2124, 43.5931 ], [ -8.2124, 43.593 ], [ -8.213, 43.5932 ], [ -8.2124, 43.5931 ] ] ], [ [ [ -8.2148, 43.5936 ], [ -8.2154, 43.5939 ], [ -8.2151, 43.594 ], [ -8.2148, 43.5936 ] ] ], [ [ [ -8.2101, 43.5946 ], [ -8.2106, 43.5948 ], [ -8.2104, 43.5949 ], [ -8.2101, 43.5946 ] ] ], [ [ [ -8.2113, 43.5951 ], [ -8.2113, 43.5953 ], [ -8.211, 43.5952 ], [ -8.2113, 43.5951 ] ] ], [ [ [ -8.2097, 43.595 ], [ -8.2105, 43.5953 ], [ -8.2104, 43.5954 ], [ -8.2097, 43.595 ] ] ], [ [ [ -8.2097, 43.5961 ], [ -8.2095, 43.5954 ], [ -8.2108, 43.5957 ], [ -8.2097, 43.5961 ] ] ], [ [ [ -8.2023, 43.598 ], [ -8.2024, 43.5983 ], [ -8.2023, 43.5983 ], [ -8.2023, 43.598 ] ] ], [ [ [ -8.1959, 43.6038 ], [ -8.1961, 43.6034 ], [ -8.1967, 43.6038 ], [ -8.1959, 43.6038 ] ] ], [ [ [ -8.1997, 43.6037 ], [ -8.1998, 43.6036 ], [ -8.1999, 43.604 ], [ -8.1997, 43.6037 ] ] ], [ [ [ -8.1961, 43.6086 ], [ -8.1959, 43.6086 ], [ -8.196, 43.6084 ], [ -8.1961, 43.6086 ] ] ], [ [ [ -8.1954, 43.6093 ], [ -8.1953, 43.6094 ], [ -8.1953, 43.6091 ], [ -8.1954, 43.6093 ] ] ], [ [ [ -8.1986, 43.6104 ], [ -8.1986, 43.6109 ], [ -8.1984, 43.6106 ], [ -8.1986, 43.6104 ] ] ], [ [ [ -8.1978, 43.6109 ], [ -8.1982, 43.6105 ], [ -8.1983, 43.6111 ], [ -8.1978, 43.6109 ] ] ], [ [ [ -8.1975, 43.6127 ], [ -8.197, 43.6126 ], [ -8.1976, 43.6116 ], [ -8.1975, 43.6127 ] ] ], [ [ [ -8.1921, 43.6064 ], [ -8.1919, 43.6064 ], [ -8.1919, 43.6063 ], [ -8.1921, 43.6064 ] ] ], [ [ [ -8.1953, 43.6089 ], [ -8.1952, 43.609 ], [ -8.195, 43.6089 ], [ -8.1953, 43.6089 ] ] ], [ [ [ -8.1913, 43.6137 ], [ -8.1906, 43.6127 ], [ -8.1914, 43.6122 ], [ -8.1913, 43.6137 ] ] ], [ [ [ -8.194, 43.6142 ], [ -8.1943, 43.6131 ], [ -8.1945, 43.6136 ], [ -8.194, 43.6142 ] ] ], [ [ [ -8.1538, 43.6176 ], [ -8.1542, 43.6177 ], [ -8.154, 43.6182 ], [ -8.1538, 43.6176 ] ] ], [ [ [ -8.1898, 43.618 ], [ -8.19, 43.6179 ], [ -8.19, 43.6183 ], [ -8.1898, 43.618 ] ] ], [ [ [ -8.1537, 43.6184 ], [ -8.1536, 43.6184 ], [ -8.1536, 43.6183 ], [ -8.1537, 43.6184 ] ] ], [ [ [ -8.1822, 43.6221 ], [ -8.1829, 43.6217 ], [ -8.1828, 43.6221 ], [ -8.1822, 43.6221 ] ] ], [ [ [ -8.181, 43.6225 ], [ -8.1816, 43.6223 ], [ -8.1814, 43.6227 ], [ -8.181, 43.6225 ] ] ], [ [ [ -8.1481, 43.6237 ], [ -8.1485, 43.6225 ], [ -8.1487, 43.6232 ], [ -8.1481, 43.6237 ] ] ], [ [ [ -8.1442, 43.6275 ], [ -8.1444, 43.6276 ], [ -8.1442, 43.6277 ], [ -8.1442, 43.6275 ] ] ], [ [ [ -8.1427, 43.6299 ], [ -8.1431, 43.6301 ], [ -8.1426, 43.6301 ], [ -8.1427, 43.6299 ] ] ], [ [ [ -8.1417, 43.632 ], [ -8.1419, 43.6321 ], [ -8.1416, 43.6324 ], [ -8.1417, 43.632 ] ] ], [ [ [ -8.1369, 43.6353 ], [ -8.137, 43.6355 ], [ -8.1367, 43.6356 ], [ -8.1369, 43.6353 ] ] ], [ [ [ -8.1352, 43.6357 ], [ -8.1358, 43.636 ], [ -8.1353, 43.6361 ], [ -8.1352, 43.6357 ] ] ], [ [ [ -8.1323, 43.6379 ], [ -8.1323, 43.6381 ], [ -8.1322, 43.638 ], [ -8.1323, 43.6379 ] ] ], [ [ [ -8.1212, 43.644 ], [ -8.121, 43.6446 ], [ -8.1209, 43.6445 ], [ -8.1212, 43.644 ] ] ], [ [ [ -8.1213, 43.6447 ], [ -8.1215, 43.6447 ], [ -8.1212, 43.645 ], [ -8.1213, 43.6447 ] ] ], [ [ [ -8.1216, 43.6455 ], [ -8.1213, 43.6455 ], [ -8.1214, 43.6453 ], [ -8.1216, 43.6455 ] ] ], [ [ [ -8.1096, 43.649 ], [ -8.1091, 43.6488 ], [ -8.1092, 43.648 ], [ -8.1096, 43.649 ] ] ], [ [ [ -8.0822, 43.6518 ], [ -8.0823, 43.6519 ], [ -8.0822, 43.6521 ], [ -8.0822, 43.6518 ] ] ], [ [ [ -8.0831, 43.6532 ], [ -8.0829, 43.6532 ], [ -8.0829, 43.6531 ], [ -8.0831, 43.6532 ] ] ], [ [ [ -8.0866, 43.6575 ], [ -8.0865, 43.6574 ], [ -8.0867, 43.6573 ], [ -8.0866, 43.6575 ] ] ], [ [ [ -8.0873, 43.6594 ], [ -8.087, 43.6597 ], [ -8.0869, 43.6596 ], [ -8.0873, 43.6594 ] ] ], [ [ [ -8.0939, 43.6605 ], [ -8.0945, 43.66 ], [ -8.0948, 43.6603 ], [ -8.0939, 43.6605 ] ] ], [ [ [ -8.0939, 43.6641 ], [ -8.0944, 43.6642 ], [ -8.0944, 43.6644 ], [ -8.0939, 43.6641 ] ] ], [ [ [ -8.0915, 43.6666 ], [ -8.0903, 43.6658 ], [ -8.0909, 43.6659 ], [ -8.0915, 43.6666 ] ] ], [ [ [ -8.0924, 43.6666 ], [ -8.0924, 43.6668 ], [ -8.0923, 43.6667 ], [ -8.0924, 43.6666 ] ] ], [ [ [ -8.0927, 43.6667 ], [ -8.0929, 43.6669 ], [ -8.0926, 43.6669 ], [ -8.0927, 43.6667 ] ] ], [ [ [ -8.0919, 43.6669 ], [ -8.092, 43.6667 ], [ -8.0923, 43.667 ], [ -8.0919, 43.6669 ] ] ], [ [ [ -8.0931, 43.6674 ], [ -8.0932, 43.6676 ], [ -8.093, 43.6676 ], [ -8.0931, 43.6674 ] ] ], [ [ [ -8.0929, 43.6675 ], [ -8.093, 43.6676 ], [ -8.093, 43.6677 ], [ -8.0927, 43.6676 ], [ -8.0929, 43.6675 ] ] ], [ [ [ -8.0761, 43.6696 ], [ -8.0761, 43.6691 ], [ -8.0767, 43.6689 ], [ -8.0761, 43.6696 ] ] ], [ [ [ -8.0753, 43.6733 ], [ -8.0754, 43.6735 ], [ -8.0752, 43.6735 ], [ -8.0753, 43.6733 ] ] ], [ [ [ -8.0761, 43.6736 ], [ -8.0763, 43.6737 ], [ -8.0762, 43.6738 ], [ -8.0761, 43.6736 ] ] ], [ [ [ -8.0689, 43.6891 ], [ -8.0691, 43.6892 ], [ -8.0688, 43.6893 ], [ -8.0689, 43.6891 ] ] ], [ [ [ -8.0662, 43.6912 ], [ -8.0664, 43.6913 ], [ -8.0662, 43.6915 ], [ -8.0662, 43.6912 ] ] ], [ [ [ -8.0676, 43.6969 ], [ -8.0677, 43.6971 ], [ -8.0674, 43.6973 ], [ -8.0676, 43.6969 ] ] ], [ [ [ -8.0654, 43.7013 ], [ -8.0659, 43.7013 ], [ -8.0658, 43.7016 ], [ -8.0654, 43.7013 ] ] ], [ [ [ -8.0665, 43.702 ], [ -8.0663, 43.7014 ], [ -8.0669, 43.7015 ], [ -8.0665, 43.702 ] ] ], [ [ [ -8.0643, 43.7022 ], [ -8.0647, 43.7023 ], [ -8.0646, 43.7025 ], [ -8.0643, 43.7022 ] ] ], [ [ [ -8.0089, 43.7075 ], [ -8.0086, 43.7075 ], [ -8.0086, 43.7074 ], [ -8.0089, 43.7075 ] ] ], [ [ [ -8.0089, 43.708 ], [ -8.0088, 43.7076 ], [ -8.0092, 43.7076 ], [ -8.0089, 43.708 ] ] ], [ [ [ -8.0101, 43.7091 ], [ -8.0106, 43.7093 ], [ -8.0105, 43.7095 ], [ -8.0101, 43.7091 ] ] ], [ [ [ -8.057, 43.7093 ], [ -8.0573, 43.7094 ], [ -8.0572, 43.7096 ], [ -8.057, 43.7093 ] ] ], [ [ [ -8.01, 43.7098 ], [ -8.0098, 43.7094 ], [ -8.0104, 43.7096 ], [ -8.01, 43.7098 ] ] ], [ [ [ -8.0091, 43.7095 ], [ -8.0096, 43.7094 ], [ -8.0097, 43.7099 ], [ -8.0091, 43.7095 ] ] ], [ [ [ -8.0531, 43.7103 ], [ -8.0529, 43.7097 ], [ -8.0537, 43.7096 ], [ -8.0531, 43.7103 ] ] ], [ [ [ -8.0136, 43.711 ], [ -8.0135, 43.7109 ], [ -8.0136, 43.7108 ], [ -8.0136, 43.711 ] ] ], [ [ [ -8.0139, 43.7109 ], [ -8.0144, 43.7111 ], [ -8.0143, 43.7113 ], [ -8.0139, 43.7109 ] ] ], [ [ [ -8.0144, 43.7116 ], [ -8.0148, 43.7118 ], [ -8.0147, 43.7119 ], [ -8.0144, 43.7116 ] ] ], [ [ [ -8.0512, 43.7121 ], [ -8.0513, 43.7118 ], [ -8.052, 43.7119 ], [ -8.0512, 43.7121 ] ] ], [ [ [ -8.0155, 43.7121 ], [ -8.0155, 43.7122 ], [ -8.0151, 43.7122 ], [ -8.0155, 43.7121 ] ] ], [ [ [ -7.9901, 43.7122 ], [ -7.9902, 43.7122 ], [ -7.9899, 43.7124 ], [ -7.9901, 43.7122 ] ] ], [ [ [ -8.0146, 43.7122 ], [ -8.0148, 43.7124 ], [ -8.0147, 43.7125 ], [ -8.0146, 43.7122 ] ] ], [ [ [ -8.0175, 43.7123 ], [ -8.0177, 43.7125 ], [ -8.0175, 43.7125 ], [ -8.0175, 43.7123 ] ] ], [ [ [ -8.016, 43.7124 ], [ -8.016, 43.7126 ], [ -8.0157, 43.7125 ], [ -8.016, 43.7124 ] ] ], [ [ [ -8.0231, 43.7124 ], [ -8.023, 43.7127 ], [ -8.0228, 43.7127 ], [ -8.0231, 43.7124 ] ] ], [ [ [ -8.0221, 43.7124 ], [ -8.0222, 43.7127 ], [ -8.0216, 43.7127 ], [ -8.0221, 43.7124 ] ] ], [ [ [ -8.0193, 43.7126 ], [ -8.0191, 43.7127 ], [ -8.0191, 43.7125 ], [ -8.0193, 43.7126 ] ] ], [ [ [ -8.0166, 43.7126 ], [ -8.0166, 43.7127 ], [ -8.0163, 43.7125 ], [ -8.0166, 43.7126 ] ] ], [ [ [ -8.0163, 43.7127 ], [ -8.0162, 43.7129 ], [ -8.0161, 43.7128 ], [ -8.0163, 43.7127 ] ] ], [ [ [ -8.0167, 43.7128 ], [ -8.0167, 43.7127 ], [ -8.0171, 43.7129 ], [ -8.0167, 43.7128 ] ] ], [ [ [ -8.0165, 43.7128 ], [ -8.0167, 43.7128 ], [ -8.0165, 43.7131 ], [ -8.0165, 43.7128 ] ] ], [ [ [ -8.0173, 43.7137 ], [ -8.0173, 43.7129 ], [ -8.0177, 43.7133 ], [ -8.0173, 43.7137 ] ] ], [ [ [ -8.0302, 43.7135 ], [ -8.0301, 43.7136 ], [ -8.03, 43.7135 ], [ -8.0302, 43.7135 ] ] ], [ [ [ -8.0304, 43.7137 ], [ -8.0307, 43.7138 ], [ -8.0306, 43.7141 ], [ -8.0304, 43.7137 ] ] ], [ [ [ -8.0404, 43.714 ], [ -8.0405, 43.7141 ], [ -8.0401, 43.7142 ], [ -8.0404, 43.714 ] ] ], [ [ [ -8.0469, 43.7141 ], [ -8.0475, 43.7143 ], [ -8.0472, 43.7144 ], [ -8.0469, 43.7141 ] ] ], [ [ [ -8.041, 43.7144 ], [ -8.0409, 43.7141 ], [ -8.0416, 43.7142 ], [ -8.041, 43.7144 ] ] ], [ [ [ -8.0381, 43.7143 ], [ -8.0383, 43.7143 ], [ -8.0383, 43.7145 ], [ -8.0381, 43.7143 ] ] ], [ [ [ -8.0318, 43.7148 ], [ -8.0322, 43.715 ], [ -8.0322, 43.7152 ], [ -8.0318, 43.7148 ] ] ], [ [ [ -8.0473, 43.715 ], [ -8.0481, 43.7151 ], [ -8.048, 43.7153 ], [ -8.0473, 43.715 ] ] ], [ [ [ -8.0478, 43.7158 ], [ -8.0475, 43.7158 ], [ -8.0474, 43.7156 ], [ -8.0478, 43.7158 ] ] ], [ [ [ -7.9893, 43.7125 ], [ -7.9888, 43.712 ], [ -7.9891, 43.7119 ], [ -7.9893, 43.7125 ] ] ], [ [ [ -7.9897, 43.7124 ], [ -7.9899, 43.7125 ], [ -7.9897, 43.7128 ], [ -7.9897, 43.7124 ] ] ], [ [ [ -7.9889, 43.7128 ], [ -7.9889, 43.7126 ], [ -7.9893, 43.7126 ], [ -7.9889, 43.7128 ] ] ], [ [ [ -7.8213, 43.7153 ], [ -7.8213, 43.715 ], [ -7.8214, 43.715 ], [ -7.8213, 43.7153 ] ] ], [ [ [ -7.9761, 43.7188 ], [ -7.9762, 43.719 ], [ -7.9759, 43.719 ], [ -7.9761, 43.7188 ] ] ], [ [ [ -7.9791, 43.7189 ], [ -7.9792, 43.7191 ], [ -7.9789, 43.719 ], [ -7.9791, 43.7189 ] ] ], [ [ [ -7.979, 43.7194 ], [ -7.9794, 43.7195 ], [ -7.979, 43.7197 ], [ -7.979, 43.7194 ] ] ], [ [ [ -7.9755, 43.7201 ], [ -7.9751, 43.7195 ], [ -7.9758, 43.7192 ], [ -7.9755, 43.7201 ] ] ], [ [ [ -7.9736, 43.7195 ], [ -7.9737, 43.7194 ], [ -7.9738, 43.7198 ], [ -7.9736, 43.7195 ] ] ], [ [ [ -7.9764, 43.7205 ], [ -7.9765, 43.7196 ], [ -7.9776, 43.72 ], [ -7.9764, 43.7205 ] ] ], [ [ [ -7.8176, 43.7232 ], [ -7.8176, 43.723 ], [ -7.8178, 43.7231 ], [ -7.8176, 43.7232 ] ] ], [ [ [ -7.8504, 43.726 ], [ -7.8503, 43.7259 ], [ -7.8504, 43.7257 ], [ -7.8504, 43.726 ] ] ], [ [ [ -7.8549, 43.7267 ], [ -7.8548, 43.7266 ], [ -7.8552, 43.7263 ], [ -7.8549, 43.7267 ] ] ], [ [ [ -7.8558, 43.7276 ], [ -7.8557, 43.7277 ], [ -7.8555, 43.7275 ], [ -7.8558, 43.7276 ] ] ], [ [ [ -7.7981, 43.7316 ], [ -7.7985, 43.7317 ], [ -7.7985, 43.7321 ], [ -7.7981, 43.7316 ] ] ], [ [ [ -7.7978, 43.7327 ], [ -7.7977, 43.7331 ], [ -7.7975, 43.7328 ], [ -7.7978, 43.7327 ] ] ], [ [ [ -7.7961, 43.7346 ], [ -7.7961, 43.7345 ], [ -7.7962, 43.7345 ], [ -7.7961, 43.7346 ] ] ], [ [ [ -7.7963, 43.7348 ], [ -7.7963, 43.735 ], [ -7.7962, 43.735 ], [ -7.7963, 43.7348 ] ] ], [ [ [ -7.7902, 43.7351 ], [ -7.7903, 43.735 ], [ -7.7904, 43.7356 ], [ -7.7902, 43.7351 ] ] ], [ [ [ -7.7744, 43.7383 ], [ -7.7746, 43.7383 ], [ -7.7747, 43.7389 ], [ -7.7744, 43.7383 ] ] ], [ [ [ -7.7733, 43.7389 ], [ -7.7734, 43.7388 ], [ -7.7735, 43.7389 ], [ -7.7733, 43.7389 ] ] ], [ [ [ -7.7669, 43.7398 ], [ -7.7671, 43.7394 ], [ -7.7672, 43.7397 ], [ -7.7669, 43.7398 ] ] ], [ [ [ -7.7743, 43.7398 ], [ -7.7741, 43.7397 ], [ -7.7742, 43.7396 ], [ -7.7743, 43.7398 ] ] ], [ [ [ -7.7728, 43.7398 ], [ -7.7728, 43.7399 ], [ -7.7727, 43.7398 ], [ -7.7728, 43.7398 ] ] ], [ [ [ -7.7682, 43.7401 ], [ -7.7681, 43.7399 ], [ -7.7684, 43.7398 ], [ -7.7682, 43.7401 ] ] ], [ [ [ -7.7714, 43.7402 ], [ -7.7711, 43.7401 ], [ -7.7711, 43.7399 ], [ -7.7714, 43.7402 ] ] ], [ [ [ -7.7679, 43.7401 ], [ -7.7678, 43.7401 ], [ -7.7679, 43.7399 ], [ -7.7679, 43.7401 ] ] ], [ [ [ -7.7716, 43.7401 ], [ -7.7718, 43.74 ], [ -7.7718, 43.7401 ], [ -7.7716, 43.7401 ] ] ], [ [ [ -7.7732, 43.7403 ], [ -7.7731, 43.7402 ], [ -7.7734, 43.7401 ], [ -7.7732, 43.7403 ] ] ], [ [ [ -7.7644, 43.7402 ], [ -7.7645, 43.7401 ], [ -7.7647, 43.7402 ], [ -7.7644, 43.7402 ] ] ], [ [ [ -7.7687, 43.7403 ], [ -7.7688, 43.7403 ], [ -7.7687, 43.7404 ], [ -7.7687, 43.7403 ] ] ], [ [ [ -7.769, 43.7407 ], [ -7.7691, 43.7406 ], [ -7.7691, 43.7408 ], [ -7.769, 43.7407 ] ] ], [ [ [ -7.7712, 43.7413 ], [ -7.7716, 43.7409 ], [ -7.7716, 43.7411 ], [ -7.7712, 43.7413 ] ] ], [ [ [ -7.7633, 43.7414 ], [ -7.7633, 43.7417 ], [ -7.7631, 43.7415 ], [ -7.7633, 43.7414 ] ] ], [ [ [ -7.7716, 43.7414 ], [ -7.7717, 43.7414 ], [ -7.7716, 43.7416 ], [ -7.7716, 43.7414 ] ] ], [ [ [ -7.7549, 43.7424 ], [ -7.7551, 43.7421 ], [ -7.7559, 43.7424 ], [ -7.7549, 43.7424 ] ] ], [ [ [ -7.9353, 43.743 ], [ -7.9353, 43.7431 ], [ -7.935, 43.7432 ], [ -7.9353, 43.743 ] ] ], [ [ [ -7.9414, 43.743 ], [ -7.9415, 43.7432 ], [ -7.9412, 43.7432 ], [ -7.9414, 43.743 ] ] ], [ [ [ -7.9409, 43.7433 ], [ -7.9409, 43.7435 ], [ -7.9407, 43.7435 ], [ -7.9409, 43.7433 ] ] ], [ [ [ -7.935, 43.7433 ], [ -7.935, 43.7435 ], [ -7.9347, 43.7436 ], [ -7.935, 43.7433 ] ] ], [ [ [ -7.9236, 43.7447 ], [ -7.9233, 43.7447 ], [ -7.9233, 43.7446 ], [ -7.9236, 43.7447 ] ] ], [ [ [ -7.7535, 43.7451 ], [ -7.7533, 43.7451 ], [ -7.7534, 43.745 ], [ -7.7535, 43.7451 ] ] ], [ [ [ -7.8024, 43.7457 ], [ -7.802, 43.7453 ], [ -7.8029, 43.7453 ], [ -7.8024, 43.7457 ] ] ], [ [ [ -7.7529, 43.7462 ], [ -7.7529, 43.746 ], [ -7.753, 43.7462 ], [ -7.7529, 43.7462 ] ] ], [ [ [ -7.7519, 43.7464 ], [ -7.7519, 43.7457 ], [ -7.7528, 43.746 ], [ -7.7519, 43.7464 ] ] ], [ [ [ -7.7485, 43.7467 ], [ -7.748, 43.7469 ], [ -7.7481, 43.7461 ], [ -7.7485, 43.7467 ] ] ], [ [ [ -7.7397, 43.7467 ], [ -7.7396, 43.7464 ], [ -7.7398, 43.7465 ], [ -7.7397, 43.7467 ] ] ], [ [ [ -7.7373, 43.7468 ], [ -7.7375, 43.7467 ], [ -7.7375, 43.747 ], [ -7.7373, 43.7468 ] ] ], [ [ [ -7.7506, 43.747 ], [ -7.7509, 43.7468 ], [ -7.7508, 43.747 ], [ -7.7506, 43.747 ] ] ], [ [ [ -7.7365, 43.7468 ], [ -7.7365, 43.7472 ], [ -7.7364, 43.7472 ], [ -7.7365, 43.7468 ] ] ], [ [ [ -7.751, 43.7473 ], [ -7.7509, 43.7472 ], [ -7.7511, 43.747 ], [ -7.751, 43.7473 ] ] ], [ [ [ -7.7506, 43.7471 ], [ -7.7508, 43.7471 ], [ -7.7508, 43.7472 ], [ -7.7506, 43.7471 ] ] ], [ [ [ -7.7503, 43.7475 ], [ -7.7501, 43.7475 ], [ -7.7503, 43.7473 ], [ -7.7503, 43.7475 ] ] ], [ [ [ -7.7377, 43.7475 ], [ -7.7377, 43.7476 ], [ -7.7376, 43.7475 ], [ -7.7377, 43.7475 ] ] ], [ [ [ -7.7504, 43.7477 ], [ -7.7513, 43.7477 ], [ -7.7512, 43.748 ], [ -7.7504, 43.7477 ] ] ], [ [ [ -7.7374, 43.7483 ], [ -7.7372, 43.7483 ], [ -7.7374, 43.7478 ], [ -7.7374, 43.7483 ] ] ], [ [ [ -7.7353, 43.7481 ], [ -7.7351, 43.7482 ], [ -7.735, 43.7481 ], [ -7.7353, 43.7481 ] ] ], [ [ [ -7.9194, 43.7498 ], [ -7.9192, 43.7497 ], [ -7.9193, 43.7495 ], [ -7.9194, 43.7498 ] ] ], [ [ [ -7.6894, 43.7514 ], [ -7.6895, 43.7515 ], [ -7.6893, 43.7516 ], [ -7.6894, 43.7514 ] ] ], [ [ [ -7.9104, 43.7615 ], [ -7.9103, 43.7616 ], [ -7.9101, 43.7615 ], [ -7.9104, 43.7615 ] ] ], [ [ [ -7.8617, 43.7658 ], [ -7.8618, 43.7659 ], [ -7.8615, 43.766 ], [ -7.8617, 43.7658 ] ] ], [ [ [ -7.8795, 43.7658 ], [ -7.8799, 43.766 ], [ -7.8797, 43.7663 ], [ -7.8795, 43.7658 ] ] ], [ [ [ -7.8583, 43.7667 ], [ -7.8578, 43.7659 ], [ -7.8591, 43.7659 ], [ -7.8583, 43.7667 ] ] ], [ [ [ -7.877, 43.7673 ], [ -7.8768, 43.7674 ], [ -7.8767, 43.7673 ], [ -7.877, 43.7673 ] ] ], [ [ [ -7.8634, 43.7672 ], [ -7.8631, 43.7679 ], [ -7.863, 43.7677 ], [ -7.8634, 43.7672 ] ] ], [ [ [ -7.8666, 43.7707 ], [ -7.8667, 43.771 ], [ -7.8663, 43.7711 ], [ -7.8666, 43.7707 ] ] ], [ [ [ -7.8709, 43.772 ], [ -7.8715, 43.7723 ], [ -7.871, 43.7725 ], [ -7.8709, 43.772 ] ] ], [ [ [ -7.905, 43.7733 ], [ -7.905, 43.7736 ], [ -7.9047, 43.7734 ], [ -7.905, 43.7733 ] ] ], [ [ [ -7.8685, 43.7743 ], [ -7.8684, 43.7741 ], [ -7.8693, 43.7745 ], [ -7.8685, 43.7743 ] ] ], [ [ [ -7.8701, 43.7766 ], [ -7.8705, 43.7769 ], [ -7.8703, 43.777 ], [ -7.8701, 43.7766 ] ] ], [ [ [ -7.871, 43.7782 ], [ -7.8688, 43.7767 ], [ -7.8693, 43.7767 ], [ -7.871, 43.7782 ] ] ], [ [ [ -7.8686, 43.7794 ], [ -7.8692, 43.7796 ], [ -7.8691, 43.7798 ], [ -7.8686, 43.7794 ] ] ], [ [ [ -7.8693, 43.7802 ], [ -7.8666, 43.7796 ], [ -7.8671, 43.779 ], [ -7.8693, 43.7802 ] ] ], [ [ [ -7.8677, 43.781 ], [ -7.8656, 43.7801 ], [ -7.8659, 43.7797 ], [ -7.8677, 43.781 ] ] ], [ [ [ -7.8706, 43.7815 ], [ -7.8705, 43.7814 ], [ -7.8706, 43.7812 ], [ -7.8706, 43.7815 ] ] ], [ [ [ -7.6904, 43.7919 ], [ -7.6909, 43.792 ], [ -7.6909, 43.7923 ], [ -7.6904, 43.7919 ] ] ] ] } },
{ "type": "Feature", "properties": { "prov": "Cuenca", "ccaa": "Castilla-La Mancha" }, "geometry": { "type": "Polygon", "coordinates": [ [ [ -2.6345, 39.3278 ], [ -2.7429, 39.3183 ], [ -2.7721, 39.3697 ], [ -2.7763, 39.3949 ], [ -2.7866, 39.3973 ], [ -2.7938, 39.3977 ], [ -2.7912, 39.3937 ], [ -2.8264, 39.359 ], [ -2.8337, 39.3602 ], [ -2.8472, 39.3481 ], [ -2.86, 39.3468 ], [ -2.8643, 39.3563 ], [ -2.8822, 39.3501 ], [ -2.894, 39.3586 ], [ -2.8968, 39.3661 ], [ -2.8872, 39.3827 ], [ -2.8709, 39.384 ], [ -2.8703, 39.3908 ], [ -2.8863, 39.4058 ], [ -2.8898, 39.4216 ], [ -2.9004, 39.4246 ], [ -2.8981, 39.4294 ], [ -2.9031, 39.4332 ], [ -2.9025, 39.4249 ], [ -2.9081, 39.4304 ], [ -2.9148, 39.4474 ], [ -2.9324, 39.4525 ], [ -2.9283, 39.4701 ], [ -2.9358, 39.4938 ], [ -2.9353, 39.5257 ], [ -2.9206, 39.5591 ], [ -2.925, 39.6012 ], [ -2.9137, 39.6136 ], [ -2.918, 39.6228 ], [ -2.9082, 39.6423 ], [ -2.9193, 39.6463 ], [ -2.9544, 39.6867 ], [ -2.9699, 39.6897 ], [ -2.9767, 39.7028 ], [ -2.9977, 39.7189 ], [ -3.0156, 39.7649 ], [ -3.0405, 39.7876 ], [ -3.0597, 39.8375 ], [ -3.0763, 39.8557 ], [ -3.0963, 39.8691 ], [ -3.1272, 39.8747 ], [ -3.1069, 39.9031 ], [ -3.1069, 39.9164 ], [ -3.0971, 39.9335 ], [ -3.0962, 39.987 ], [ -3.1426, 39.985 ], [ -3.1702, 40.0481 ], [ -3.1616, 40.0649 ], [ -3.1182, 40.0614 ], [ -3.0897, 40.0701 ], [ -3.0607, 40.0906 ], [ -3.053, 40.0994 ], [ -3.0562, 40.1137 ], [ -3.0676, 40.1185 ], [ -3.0649, 40.122 ], [ -3.0772, 40.1356 ], [ -3.094, 40.1395 ], [ -3.0974, 40.1544 ], [ -3.0862, 40.1639 ], [ -3.0689, 40.1566 ], [ -3.0638, 40.1683 ], [ -3.016, 40.1527 ], [ -3.0123, 40.174 ], [ -3.0211, 40.1875 ], [ -3.0057, 40.2089 ], [ -2.9882, 40.2026 ], [ -2.947, 40.1696 ], [ -2.9115, 40.1571 ], [ -2.8737, 40.1736 ], [ -2.8631, 40.2001 ], [ -2.8215, 40.2052 ], [ -2.8026, 40.264 ], [ -2.817, 40.364 ], [ -2.8059, 40.391 ], [ -2.8103, 40.3933 ], [ -2.8045, 40.3987 ], [ -2.8077, 40.4068 ], [ -2.7984, 40.4164 ], [ -2.7996, 40.4236 ], [ -2.786, 40.4272 ], [ -2.79, 40.4317 ], [ -2.7803, 40.4448 ], [ -2.7601, 40.442 ], [ -2.7699, 40.4214 ], [ -2.76, 40.4123 ], [ -2.7229, 40.3971 ], [ -2.7197, 40.4016 ], [ -2.728, 40.4114 ], [ -2.716, 40.4079 ], [ -2.712, 40.4139 ], [ -2.7174, 40.4198 ], [ -2.7051, 40.416 ], [ -2.6907, 40.3951 ], [ -2.6851, 40.398 ], [ -2.6808, 40.4027 ], [ -2.7034, 40.4254 ], [ -2.7006, 40.4302 ], [ -2.685, 40.4277 ], [ -2.6764, 40.4358 ], [ -2.6852, 40.4433 ], [ -2.6732, 40.4486 ], [ -2.6638, 40.4361 ], [ -2.6416, 40.4488 ], [ -2.6329, 40.4437 ], [ -2.6264, 40.4494 ], [ -2.5996, 40.4434 ], [ -2.5862, 40.4503 ], [ -2.5667, 40.4382 ], [ -2.5466, 40.435 ], [ -2.5425, 40.4254 ], [ -2.5155, 40.4243 ], [ -2.5045, 40.4486 ], [ -2.523, 40.467 ], [ -2.5445, 40.4746 ], [ -2.5287, 40.4984 ], [ -2.5463, 40.519 ], [ -2.5387, 40.534 ], [ -2.5272, 40.5443 ], [ -2.5136, 40.5158 ], [ -2.496, 40.5088 ], [ -2.4486, 40.5245 ], [ -2.4267, 40.5407 ], [ -2.4118, 40.5256 ], [ -2.3835, 40.5409 ], [ -2.3832, 40.5536 ], [ -2.4173, 40.5834 ], [ -2.4125, 40.6021 ], [ -2.3995, 40.6135 ], [ -2.3726, 40.6072 ], [ -2.359, 40.5968 ], [ -2.354, 40.5895 ], [ -2.3598, 40.5806 ], [ -2.3434, 40.5694 ], [ -2.2977, 40.5728 ], [ -2.286, 40.5922 ], [ -2.2942, 40.6247 ], [ -2.2746, 40.6448 ], [ -2.2257, 40.6194 ], [ -2.2138, 40.6192 ], [ -2.1898, 40.6303 ], [ -2.1692, 40.6302 ], [ -2.1569, 40.6587 ], [ -2.0912, 40.6464 ], [ -2.0836, 40.6347 ], [ -2.0575, 40.6241 ], [ -2.0358, 40.6016 ], [ -1.9855, 40.5854 ], [ -1.9659, 40.592 ], [ -1.9645, 40.6115 ], [ -1.9541, 40.6002 ], [ -1.9264, 40.5941 ], [ -1.9165, 40.5828 ], [ -1.9045, 40.5465 ], [ -1.9095, 40.5417 ], [ -1.8998, 40.541 ], [ -1.882, 40.5188 ], [ -1.8888, 40.5041 ], [ -1.8741, 40.471 ], [ -1.8619, 40.4625 ], [ -1.8662, 40.4504 ], [ -1.8567, 40.4254 ], [ -1.8453, 40.4173 ], [ -1.8367, 40.426 ], [ -1.8216, 40.4073 ], [ -1.7878, 40.3832 ], [ -1.7562, 40.3404 ], [ -1.7095, 40.3145 ], [ -1.7294, 40.301 ], [ -1.7182, 40.2777 ], [ -1.7099, 40.2808 ], [ -1.7106, 40.2921 ], [ -1.7015, 40.3059 ], [ -1.6903, 40.3097 ], [ -1.5405, 40.1908 ], [ -1.5109, 40.2037 ], [ -1.4744, 40.185 ], [ -1.4392, 40.197 ], [ -1.4424, 40.1576 ], [ -1.4562, 40.131 ], [ -1.4428, 40.118 ], [ -1.4076, 40.1014 ], [ -1.4203, 40.0935 ], [ -1.3831, 40.039 ], [ -1.3769, 40.0165 ], [ -1.3643, 40.0122 ], [ -1.3358, 40.0167 ], [ -1.2495, 39.9951 ], [ -1.1918, 40.0015 ], [ -1.1682, 40.0106 ], [ -1.1474, 39.9886 ], [ -1.1425, 39.9719 ], [ -1.153, 39.9641 ], [ -1.2083, 39.9439 ], [ -1.2091, 39.9283 ], [ -1.1958, 39.9141 ], [ -1.2, 39.8587 ], [ -1.2109, 39.8382 ], [ -1.215, 39.8088 ], [ -1.2754, 39.7386 ], [ -1.2714, 39.7135 ], [ -1.262, 39.6989 ], [ -1.2721, 39.686 ], [ -1.292, 39.6725 ], [ -1.3128, 39.6705 ], [ -1.3685, 39.6896 ], [ -1.4179, 39.6549 ], [ -1.4621, 39.5766 ], [ -1.5044, 39.5639 ], [ -1.5031, 39.5521 ], [ -1.5211, 39.55 ], [ -1.5026, 39.5466 ], [ -1.5069, 39.521 ], [ -1.5012, 39.5152 ], [ -1.5071, 39.5079 ], [ -1.4989, 39.5017 ], [ -1.5036, 39.4912 ], [ -1.5124, 39.4959 ], [ -1.5048, 39.4875 ], [ -1.5117, 39.482 ], [ -1.5028, 39.4793 ], [ -1.5133, 39.4709 ], [ -1.5131, 39.458 ], [ -1.5288, 39.4546 ], [ -1.5183, 39.4484 ], [ -1.5245, 39.4431 ], [ -1.5154, 39.4387 ], [ -1.521, 39.4317 ], [ -1.5131, 39.4283 ], [ -1.5116, 39.4349 ], [ -1.4967, 39.427 ], [ -1.5052, 39.4176 ], [ -1.5557, 39.4018 ], [ -1.6227, 39.3627 ], [ -1.6963, 39.3376 ], [ -1.7166, 39.3249 ], [ -1.7393, 39.3212 ], [ -1.7631, 39.3015 ], [ -1.7699, 39.2805 ], [ -1.8452, 39.2861 ], [ -1.8871, 39.3048 ], [ -1.9369, 39.304 ], [ -1.9898, 39.2937 ], [ -1.9951, 39.3098 ], [ -2.0284, 39.3368 ], [ -2.0203, 39.3518 ], [ -2.0444, 39.3592 ], [ -2.0956, 39.3594 ], [ -2.0737, 39.3211 ], [ -2.0773, 39.3082 ], [ -2.051, 39.2667 ], [ -2.1685, 39.2811 ], [ -2.1784, 39.2785 ], [ -2.1803, 39.2701 ], [ -2.2195, 39.2615 ], [ -2.2885, 39.2265 ], [ -2.3026, 39.2518 ], [ -2.3018, 39.2636 ], [ -2.3212, 39.2837 ], [ -2.3499, 39.2785 ], [ -2.3611, 39.2466 ], [ -2.3743, 39.2328 ], [ -2.5111, 39.3422 ], [ -2.529, 39.328 ], [ -2.5475, 39.3238 ], [ -2.5998, 39.3397 ], [ -2.62, 39.3393 ], [ -2.6345, 39.3278 ] ] ] } },
{ "type": "Feature", "properties": { "prov": "Girona", "ccaa": "Cataluña/Catalunya" }, "geometry": { "type": "MultiPolygon", "coordinates": [ [ [ [ 2.7907, 41.6703 ], [ 2.7906, 41.6703 ], [ 2.7906, 41.6704 ], [ 2.7907, 41.6703 ] ] ], [ [ [ 2.776, 41.7349 ], [ 2.7442, 41.7349 ], [ 2.724, 41.7444 ], [ 2.6941, 41.7411 ], [ 2.6819, 41.7485 ], [ 2.6866, 41.7411 ], [ 2.6579, 41.7476 ], [ 2.6566, 41.7429 ], [ 2.6398, 41.743 ], [ 2.6383, 41.7347 ], [ 2.628, 41.7297 ], [ 2.5694, 41.7261 ], [ 2.5475, 41.719 ], [ 2.5373, 41.7217 ], [ 2.5309, 41.7391 ], [ 2.515, 41.7486 ], [ 2.5157, 41.7621 ], [ 2.49, 41.7655 ], [ 2.4692, 41.7779 ], [ 2.4725, 41.7896 ], [ 2.4555, 41.7844 ], [ 2.4439, 41.7894 ], [ 2.4365, 41.8029 ], [ 2.3523, 41.8086 ], [ 2.3439, 41.8216 ], [ 2.3447, 41.8374 ], [ 2.3253, 41.8559 ], [ 2.3325, 41.8632 ], [ 2.3234, 41.8745 ], [ 2.328, 41.883 ], [ 2.3375, 41.8892 ], [ 2.3557, 41.8811 ], [ 2.3666, 41.8803 ], [ 2.3675, 41.8844 ], [ 2.3697, 41.886 ], [ 2.3825, 41.8717 ], [ 2.3962, 41.8861 ], [ 2.4037, 41.8863 ], [ 2.4071, 41.8954 ], [ 2.427, 41.8961 ], [ 2.4425, 41.8875 ], [ 2.481, 41.9161 ], [ 2.4798, 41.9296 ], [ 2.4716, 41.9383 ], [ 2.4587, 41.9441 ], [ 2.4424, 41.9414 ], [ 2.4368, 41.948 ], [ 2.4414, 41.9599 ], [ 2.4273, 41.9689 ], [ 2.4388, 41.9736 ], [ 2.4522, 41.9659 ], [ 2.4743, 41.9695 ], [ 2.4727, 41.9753 ], [ 2.488, 41.9848 ], [ 2.4688, 41.9937 ], [ 2.4763, 42.0009 ], [ 2.483, 41.9967 ], [ 2.499, 42.0015 ], [ 2.5028, 42.0089 ], [ 2.4951, 42.0116 ], [ 2.4942, 42.0207 ], [ 2.503, 42.0234 ], [ 2.5061, 42.0323 ], [ 2.4813, 42.0507 ], [ 2.4961, 42.059 ], [ 2.4909, 42.0681 ], [ 2.458, 42.0793 ], [ 2.4273, 42.0612 ], [ 2.4175, 42.065 ], [ 2.3945, 42.0868 ], [ 2.4002, 42.1028 ], [ 2.3798, 42.1037 ], [ 2.3656, 42.1209 ], [ 2.3207, 42.1168 ], [ 2.2954, 42.1026 ], [ 2.3037, 42.1123 ], [ 2.2985, 42.1158 ], [ 2.3, 42.1339 ], [ 2.2915, 42.1292 ], [ 2.2699, 42.145 ], [ 2.2575, 42.1386 ], [ 2.2145, 42.1419 ], [ 2.2053, 42.1336 ], [ 2.213, 42.1289 ], [ 2.2037, 42.1315 ], [ 2.2007, 42.1239 ], [ 2.1887, 42.1243 ], [ 2.1809, 42.1353 ], [ 2.1436, 42.1309 ], [ 2.1257, 42.1123 ], [ 2.0998, 42.1245 ], [ 2.1013, 42.1398 ], [ 2.0923, 42.1444 ], [ 2.0605, 42.1352 ], [ 2.0513, 42.1431 ], [ 2.0373, 42.1427 ], [ 2.0277, 42.1528 ], [ 2.0041, 42.1498 ], [ 2.0058, 42.1548 ], [ 1.9905, 42.1714 ], [ 1.9918, 42.1821 ], [ 1.9655, 42.1787 ], [ 1.9647, 42.1988 ], [ 2.0077, 42.1936 ], [ 1.9977, 42.1913 ], [ 2.0059, 42.183 ], [ 1.9959, 42.172 ], [ 2.0047, 42.1625 ], [ 2.028, 42.1666 ], [ 2.0374, 42.1787 ], [ 2.0578, 42.1747 ], [ 2.0634, 42.1915 ], [ 2.0522, 42.1954 ], [ 2.0531, 42.2194 ], [ 2.03, 42.2156 ], [ 2.017, 42.2322 ], [ 2.0248, 42.2326 ], [ 2.028, 42.2527 ], [ 2.0405, 42.2602 ], [ 2.0424, 42.2693 ], [ 2.0676, 42.2838 ], [ 2.0693, 42.291 ], [ 2.0187, 42.3103 ], [ 1.9836, 42.298 ], [ 1.9495, 42.3157 ], [ 1.9431, 42.3084 ], [ 1.937, 42.3174 ], [ 1.9028, 42.323 ], [ 1.8423, 42.3063 ], [ 1.8336, 42.3273 ], [ 1.8394, 42.3391 ], [ 1.8347, 42.3551 ], [ 1.8453, 42.3551 ], [ 1.8551, 42.3696 ], [ 1.83, 42.3814 ], [ 1.8062, 42.3704 ], [ 1.8005, 42.3775 ], [ 1.8085, 42.3935 ], [ 1.8072, 42.4181 ], [ 1.7947, 42.4305 ], [ 1.7693, 42.4281 ], [ 1.7318, 42.4401 ], [ 1.7263, 42.4615 ], [ 1.733, 42.4736 ], [ 1.7243, 42.4875 ], [ 1.7468, 42.4956 ], [ 1.7627, 42.4868 ], [ 1.8043, 42.4904 ], [ 1.8345, 42.4824 ], [ 1.8555, 42.4637 ], [ 1.8808, 42.46 ], [ 1.8912, 42.4477 ], [ 1.9163, 42.4462 ], [ 1.937, 42.4537 ], [ 1.9429, 42.4445 ], [ 1.941, 42.43 ], [ 1.9586, 42.4241 ], [ 1.9551, 42.4117 ], [ 1.9653, 42.3809 ], [ 1.9864, 42.3619 ], [ 2.0161, 42.3471 ], [ 2.0325, 42.3579 ], [ 2.0588, 42.3577 ], [ 2.0728, 42.3655 ], [ 2.0847, 42.3618 ], [ 2.0895, 42.3738 ], [ 2.1168, 42.3833 ], [ 2.1148, 42.3945 ], [ 2.1256, 42.4098 ], [ 2.1489, 42.4209 ], [ 2.1676, 42.4249 ], [ 2.2014, 42.4164 ], [ 2.2464, 42.4289 ], [ 2.2568, 42.4387 ], [ 2.2911, 42.4229 ], [ 2.3122, 42.4284 ], [ 2.325, 42.4174 ], [ 2.344, 42.4169 ], [ 2.3466, 42.4085 ], [ 2.361, 42.4027 ], [ 2.4141, 42.3913 ], [ 2.4328, 42.3947 ], [ 2.4335, 42.3772 ], [ 2.4548, 42.3698 ], [ 2.4809, 42.341 ], [ 2.5002, 42.3432 ], [ 2.5325, 42.3329 ], [ 2.5525, 42.3428 ], [ 2.5619, 42.3611 ], [ 2.6102, 42.3468 ], [ 2.6718, 42.3409 ], [ 2.6752, 42.357 ], [ 2.6609, 42.366 ], [ 2.6612, 42.3773 ], [ 2.6513, 42.3897 ], [ 2.6712, 42.3876 ], [ 2.6743, 42.405 ], [ 2.6928, 42.4065 ], [ 2.7335, 42.4248 ], [ 2.7549, 42.4262 ], [ 2.7705, 42.4116 ], [ 2.8007, 42.4184 ], [ 2.804, 42.433 ], [ 2.8275, 42.4393 ], [ 2.8391, 42.4594 ], [ 2.8616, 42.455 ], [ 2.8705, 42.4674 ], [ 2.8826, 42.4604 ], [ 2.9184, 42.4561 ], [ 2.9318, 42.4741 ], [ 2.947, 42.4821 ], [ 2.9674, 42.4655 ], [ 2.9888, 42.474 ], [ 3.013, 42.4664 ], [ 3.0404, 42.4742 ], [ 3.0473, 42.4569 ], [ 3.0859, 42.4256 ], [ 3.1021, 42.4263 ], [ 3.1209, 42.4382 ], [ 3.1448, 42.4332 ], [ 3.1534, 42.4358 ], [ 3.1564, 42.4341 ], [ 3.1635, 42.4361 ], [ 3.1722, 42.4345 ], [ 3.1744, 42.4352 ], [ 3.175, 42.435 ], [ 3.1606, 42.4281 ], [ 3.1666, 42.4251 ], [ 3.1668, 42.425 ], [ 3.1701, 42.4252 ], [ 3.1707, 42.424 ], [ 3.1693, 42.4238 ], [ 3.1687, 42.42 ], [ 3.1691, 42.4182 ], [ 3.171, 42.4164 ], [ 3.1666, 42.4148 ], [ 3.1646, 42.4132 ], [ 3.1655, 42.4117 ], [ 3.1653, 42.4106 ], [ 3.1622, 42.4114 ], [ 3.1561, 42.4072 ], [ 3.165, 42.4007 ], [ 3.1527, 42.3934 ], [ 3.1536, 42.3913 ], [ 3.1541, 42.3911 ], [ 3.1597, 42.389 ], [ 3.1669, 42.3899 ], [ 3.1552, 42.38 ], [ 3.1552, 42.3785 ], [ 3.1585, 42.3765 ], [ 3.1593, 42.3718 ], [ 3.1646, 42.3746 ], [ 3.1658, 42.3692 ], [ 3.1677, 42.3678 ], [ 3.1635, 42.365 ], [ 3.1629, 42.3605 ], [ 3.1843, 42.3504 ], [ 3.1879, 42.3518 ], [ 3.1854, 42.3439 ], [ 3.1919, 42.3387 ], [ 3.1965, 42.335 ], [ 3.2034, 42.3372 ], [ 3.2035, 42.3471 ], [ 3.21, 42.3438 ], [ 3.2293, 42.3516 ], [ 3.2382, 42.349 ], [ 3.2368, 42.3436 ], [ 3.2396, 42.3375 ], [ 3.2498, 42.3298 ], [ 3.2513, 42.3303 ], [ 3.2505, 42.3358 ], [ 3.2603, 42.3332 ], [ 3.2633, 42.3367 ], [ 3.2627, 42.3389 ], [ 3.2619, 42.3396 ], [ 3.2618, 42.3397 ], [ 3.2611, 42.3404 ], [ 3.2677, 42.3404 ], [ 3.2709, 42.3378 ], [ 3.2803, 42.3362 ], [ 3.2776, 42.3326 ], [ 3.2858, 42.3315 ], [ 3.2863, 42.3255 ], [ 3.2943, 42.3299 ], [ 3.3008, 42.3259 ], [ 3.3077, 42.327 ], [ 3.311, 42.3201 ], [ 3.3118, 42.3201 ], [ 3.3112, 42.3248 ], [ 3.3223, 42.3195 ], [ 3.3161, 42.314 ], [ 3.3117, 42.3177 ], [ 3.3128, 42.313 ], [ 3.3028, 42.3113 ], [ 3.2981, 42.3067 ], [ 3.3005, 42.306 ], [ 3.3003, 42.3044 ], [ 3.2909, 42.3074 ], [ 3.2869, 42.3037 ], [ 3.2931, 42.3016 ], [ 3.2863, 42.2933 ], [ 3.2993, 42.2845 ], [ 3.2958, 42.2858 ], [ 3.2906, 42.282 ], [ 3.2762, 42.2871 ], [ 3.2769, 42.2799 ], [ 3.2879, 42.2657 ], [ 3.2815, 42.2538 ], [ 3.2537, 42.2525 ], [ 3.2542, 42.2443 ], [ 3.2666, 42.2429 ], [ 3.2644, 42.2379 ], [ 3.2295, 42.2515 ], [ 3.2272, 42.2505 ], [ 3.2268, 42.2491 ], [ 3.2301, 42.2446 ], [ 3.2303, 42.2446 ], [ 3.2301, 42.2445 ], [ 3.2306, 42.2438 ], [ 3.226, 42.2437 ], [ 3.2294, 42.2407 ], [ 3.2181, 42.2323 ], [ 3.1966, 42.247 ], [ 3.1826, 42.2453 ], [ 3.1768, 42.2515 ], [ 3.1805, 42.2577 ], [ 3.1626, 42.2642 ], [ 3.1346, 42.247 ], [ 3.1117, 42.2059 ], [ 3.1139, 42.1575 ], [ 3.1237, 42.1285 ], [ 3.1368, 42.1267 ], [ 3.1365, 42.126 ], [ 3.1365, 42.1248 ], [ 3.1384, 42.1204 ], [ 3.1369, 42.1169 ], [ 3.1381, 42.1157 ], [ 3.1492, 42.1212 ], [ 3.1649, 42.113 ], [ 3.167, 42.1134 ], [ 3.1693, 42.115 ], [ 3.1726, 42.1118 ], [ 3.1749, 42.1113 ], [ 3.1768, 42.1115 ], [ 3.1695, 42.1053 ], [ 3.1719, 42.1031 ], [ 3.1746, 42.1025 ], [ 3.1796, 42.1028 ], [ 3.1819, 42.1053 ], [ 3.1846, 42.0992 ], [ 3.1953, 42.087 ], [ 3.1951, 42.0832 ], [ 3.2022, 42.0823 ], [ 3.1989, 42.0777 ], [ 3.2065, 42.0706 ], [ 3.2123, 42.0688 ], [ 3.2089, 42.0657 ], [ 3.2104, 42.0616 ], [ 3.2147, 42.0612 ], [ 3.2122, 42.0595 ], [ 3.2137, 42.0596 ], [ 3.2123, 42.0586 ], [ 3.2111, 42.0553 ], [ 3.2111, 42.0552 ], [ 3.2113, 42.0542 ], [ 3.2122, 42.0542 ], [ 3.2011, 42.0533 ], [ 3.2053, 42.0517 ], [ 3.1968, 42.0426 ], [ 3.1973, 42.0056 ], [ 3.2103, 41.9735 ], [ 3.2121, 41.9729 ], [ 3.2133, 41.9743 ], [ 3.2162, 41.9736 ], [ 3.2203, 41.9741 ], [ 3.2215, 41.9744 ], [ 3.2268, 41.9702 ], [ 3.2288, 41.9697 ], [ 3.229, 41.9696 ], [ 3.23, 41.9701 ], [ 3.227, 41.9642 ], [ 3.2301, 41.9601 ], [ 3.2323, 41.9595 ], [ 3.2333, 41.962 ], [ 3.234, 41.9607 ], [ 3.2293, 41.9549 ], [ 3.2335, 41.9503 ], [ 3.2282, 41.9486 ], [ 3.2279, 41.9474 ], [ 3.2269, 41.9473 ], [ 3.2267, 41.947 ], [ 3.226, 41.9461 ], [ 3.226, 41.9455 ], [ 3.2253, 41.9456 ], [ 3.225, 41.9454 ], [ 3.222, 41.9442 ], [ 3.218, 41.9426 ], [ 3.2143, 41.9366 ], [ 3.2167, 41.934 ], [ 3.2205, 41.9349 ], [ 3.2196, 41.9318 ], [ 3.2158, 41.9305 ], [ 3.2152, 41.9297 ], [ 3.2153, 41.9297 ], [ 3.2154, 41.9297 ], [ 3.2159, 41.9295 ], [ 3.2149, 41.929 ], [ 3.2176, 41.9221 ], [ 3.2204, 41.9223 ], [ 3.2156, 41.9215 ], [ 3.2163, 41.9181 ], [ 3.2074, 41.9173 ], [ 3.2077, 41.9131 ], [ 3.2119, 41.9105 ], [ 3.2073, 41.9081 ], [ 3.207, 41.908 ], [ 3.2096, 41.902 ], [ 3.2054, 41.9003 ], [ 3.2058, 41.8991 ], [ 3.2044, 41.8976 ], [ 3.2029, 41.8916 ], [ 3.194, 41.8935 ], [ 3.1837, 41.8877 ], [ 3.1823, 41.8869 ], [ 3.1821, 41.8863 ], [ 3.1822, 41.8862 ], [ 3.1821, 41.8862 ], [ 3.1816, 41.8846 ], [ 3.1827, 41.8833 ], [ 3.1819, 41.8827 ], [ 3.1832, 41.8817 ], [ 3.1802, 41.8807 ], [ 3.1783, 41.879 ], [ 3.1768, 41.8663 ], [ 3.1658, 41.8638 ], [ 3.1658, 41.8637 ], [ 3.1652, 41.8632 ], [ 3.1652, 41.8619 ], [ 3.165, 41.8618 ], [ 3.1642, 41.8617 ], [ 3.1641, 41.8617 ], [ 3.1634, 41.8616 ], [ 3.1589, 41.861 ], [ 3.159, 41.8596 ], [ 3.1582, 41.862 ], [ 3.1549, 41.8625 ], [ 3.1541, 41.8614 ], [ 3.1519, 41.862 ], [ 3.1506, 41.8614 ], [ 3.1505, 41.8608 ], [ 3.1503, 41.8603 ], [ 3.1509, 41.8594 ], [ 3.15, 41.8585 ], [ 3.1498, 41.8584 ], [ 3.1438, 41.8578 ], [ 3.1452, 41.8501 ], [ 3.1378, 41.8489 ], [ 3.1371, 41.8478 ], [ 3.1375, 41.8455 ], [ 3.1369, 41.8447 ], [ 3.1358, 41.8441 ], [ 3.1369, 41.8476 ], [ 3.1324, 41.8463 ], [ 3.1321, 41.8421 ], [ 3.1319, 41.842 ], [ 3.1318, 41.842 ], [ 3.1297, 41.8418 ], [ 3.1297, 41.8417 ], [ 3.1296, 41.8416 ], [ 3.1292, 41.8411 ], [ 3.1285, 41.8424 ], [ 3.1203, 41.8414 ], [ 3.1282, 41.843 ], [ 3.1221, 41.8482 ], [ 3.114, 41.8485 ], [ 3.1022, 41.845 ], [ 3.0716, 41.8195 ], [ 3.0563, 41.7876 ], [ 3.0462, 41.7888 ], [ 3.0447, 41.7863 ], [ 3.0464, 41.7829 ], [ 3.0487, 41.7827 ], [ 3.0437, 41.7817 ], [ 3.0436, 41.7785 ], [ 3.0295, 41.7793 ], [ 3.0293, 41.7777 ], [ 3.0303, 41.7772 ], [ 3.0295, 41.7759 ], [ 3.0318, 41.7715 ], [ 3.0111, 41.7722 ], [ 2.9811, 41.7592 ], [ 2.981, 41.7592 ], [ 2.9771, 41.7575 ], [ 2.9579, 41.7403 ], [ 2.9585, 41.7357 ], [ 2.9537, 41.7369 ], [ 2.9537, 41.731 ], [ 2.9511, 41.7329 ], [ 2.9349, 41.7204 ], [ 2.934, 41.7149 ], [ 2.9026, 41.71 ], [ 2.8993, 41.705 ], [ 2.8919, 41.7041 ], [ 2.8919, 41.7035 ], [ 2.8901, 41.7035 ], [ 2.8875, 41.7015 ], [ 2.8853, 41.7037 ], [ 2.8852, 41.7037 ], [ 2.8811, 41.704 ], [ 2.8545, 41.7 ], [ 2.8462, 41.6972 ], [ 2.8452, 41.6963 ], [ 2.8452, 41.6949 ], [ 2.845, 41.6951 ], [ 2.8447, 41.6947 ], [ 2.8436, 41.6953 ], [ 2.8427, 41.6943 ], [ 2.8427, 41.6937 ], [ 2.8417, 41.6937 ], [ 2.8416, 41.6935 ], [ 2.8415, 41.6934 ], [ 2.8412, 41.6932 ], [ 2.84, 41.6934 ], [ 2.84, 41.6933 ], [ 2.8394, 41.6931 ], [ 2.8393, 41.6931 ], [ 2.839, 41.6929 ], [ 2.8384, 41.6927 ], [ 2.8384, 41.6932 ], [ 2.8374, 41.6938 ], [ 2.8367, 41.6943 ], [ 2.834, 41.6943 ], [ 2.8194, 41.6889 ], [ 2.816, 41.6856 ], [ 2.8165, 41.6847 ], [ 2.8157, 41.6837 ], [ 2.8157, 41.6827 ], [ 2.8161, 41.6825 ], [ 2.8143, 41.6825 ], [ 2.8142, 41.6824 ], [ 2.8121, 41.6813 ], [ 2.8076, 41.679 ], [ 2.803, 41.6758 ], [ 2.8029, 41.6736 ], [ 2.802, 41.674 ], [ 2.8019, 41.6741 ], [ 2.8014, 41.6741 ], [ 2.8011, 41.6726 ], [ 2.7993, 41.6715 ], [ 2.7965, 41.6724 ], [ 2.8005, 41.6725 ], [ 2.7991, 41.6756 ], [ 2.7916, 41.6724 ], [ 2.7776, 41.6508 ], [ 2.7579, 41.6794 ], [ 2.7702, 41.6875 ], [ 2.7745, 41.7003 ], [ 2.7659, 41.7248 ], [ 2.776, 41.7349 ] ] ], [ [ [ 2.0076, 42.1065 ], [ 2.0022, 42.1254 ], [ 2.0288, 42.1288 ], [ 2.0293, 42.1208 ], [ 2.0191, 42.121 ], [ 2.0159, 42.1087 ], [ 2.0076, 42.1065 ] ] ], [ [ [ 1.9792, 42.495 ], [ 1.9929, 42.4907 ], [ 1.9984, 42.4853 ], [ 1.9864, 42.4757 ], [ 1.9874, 42.4696 ], [ 2.0105, 42.4559 ], [ 2.0128, 42.4484 ], [ 1.9839, 42.4467 ], [ 1.9598, 42.4533 ], [ 1.9631, 42.4787 ], [ 1.9792, 42.495 ] ] ], [ [ [ 2.7914, 41.6701 ], [ 2.7914, 41.67 ], [ 2.7913, 41.67 ], [ 2.7914, 41.6701 ] ] ], [ [ [ 2.7925, 41.6704 ], [ 2.792, 41.67 ], [ 2.792, 41.6701 ], [ 2.7925, 41.6704 ] ] ], [ [ [ 2.8042, 41.6732 ], [ 2.8044, 41.6732 ], [ 2.8043, 41.6731 ], [ 2.8042, 41.6732 ] ] ], [ [ [ 2.8029, 41.673 ], [ 2.8028, 41.673 ], [ 2.8028, 41.6733 ], [ 2.8029, 41.673 ] ] ], [ [ [ 2.8032, 41.673 ], [ 2.8031, 41.6731 ], [ 2.8038, 41.6732 ], [ 2.8032, 41.673 ] ] ], [ [ [ 2.8033, 41.6741 ], [ 2.8035, 41.6742 ], [ 2.8034, 41.674 ], [ 2.8033, 41.6741 ] ] ], [ [ [ 2.8036, 41.6741 ], [ 2.8037, 41.6743 ], [ 2.8038, 41.6742 ], [ 2.8036, 41.6741 ] ] ], [ [ [ 2.8038, 41.6748 ], [ 2.8038, 41.6747 ], [ 2.8037, 41.6747 ], [ 2.8038, 41.6748 ] ] ], [ [ [ 2.8061, 41.676 ], [ 2.8063, 41.676 ], [ 2.8062, 41.6759 ], [ 2.8061, 41.676 ] ] ], [ [ [ 2.8058, 41.6761 ], [ 2.806, 41.6761 ], [ 2.8058, 41.676 ], [ 2.8058, 41.6761 ] ] ], [ [ [ 2.8063, 41.6764 ], [ 2.8065, 41.6764 ], [ 2.8065, 41.6763 ], [ 2.8063, 41.6764 ] ] ], [ [ [ 2.8096, 41.6766 ], [ 2.8095, 41.6767 ], [ 2.8097, 41.6767 ], [ 2.8096, 41.6766 ] ] ], [ [ [ 2.8084, 41.677 ], [ 2.8083, 41.6768 ], [ 2.8082, 41.677 ], [ 2.8084, 41.677 ] ] ], [ [ [ 2.8078, 41.6775 ], [ 2.8083, 41.6772 ], [ 2.8078, 41.6768 ], [ 2.8078, 41.6775 ] ] ], [ [ [ 2.8114, 41.6803 ], [ 2.8115, 41.6803 ], [ 2.8114, 41.6802 ], [ 2.8114, 41.6803 ] ] ], [ [ [ 2.8121, 41.6813 ], [ 2.8122, 41.6813 ], [ 2.8121, 41.6811 ], [ 2.8121, 41.6813 ] ] ], [ [ [ 2.8164, 41.6818 ], [ 2.8164, 41.6819 ], [ 2.8166, 41.682 ], [ 2.8164, 41.6818 ] ] ], [ [ [ 2.8139, 41.6818 ], [ 2.8138, 41.682 ], [ 2.814, 41.6821 ], [ 2.8139, 41.6818 ] ] ], [ [ [ 2.8157, 41.6822 ], [ 2.8161, 41.6819 ], [ 2.8159, 41.6818 ], [ 2.8157, 41.6822 ] ] ], [ [ [ 2.816, 41.6822 ], [ 2.8161, 41.6823 ], [ 2.8162, 41.6823 ], [ 2.816, 41.6822 ] ] ], [ [ [ 2.8159, 41.6822 ], [ 2.8158, 41.6823 ], [ 2.8158, 41.6824 ], [ 2.8159, 41.6822 ] ] ], [ [ [ 2.8143, 41.6823 ], [ 2.8142, 41.6824 ], [ 2.8143, 41.6824 ], [ 2.8143, 41.6823 ] ] ], [ [ [ 2.8158, 41.6828 ], [ 2.8161, 41.683 ], [ 2.8163, 41.6829 ], [ 2.8158, 41.6828 ] ] ], [ [ [ 2.817, 41.6857 ], [ 2.8169, 41.6857 ], [ 2.8169, 41.6858 ], [ 2.817, 41.6857 ] ] ], [ [ [ 2.8186, 41.6869 ], [ 2.8191, 41.6869 ], [ 2.8188, 41.6866 ], [ 2.8186, 41.6869 ] ] ], [ [ [ 2.8182, 41.6866 ], [ 2.8181, 41.6866 ], [ 2.8182, 41.6868 ], [ 2.8182, 41.6866 ] ] ], [ [ [ 2.8198, 41.6889 ], [ 2.8199, 41.6888 ], [ 2.8198, 41.6888 ], [ 2.8198, 41.6889 ] ] ], [ [ [ 2.8223, 41.6895 ], [ 2.8224, 41.6895 ], [ 2.8223, 41.6894 ], [ 2.8223, 41.6895 ] ] ], [ [ [ 2.8267, 41.6902 ], [ 2.827, 41.6903 ], [ 2.8273, 41.6901 ], [ 2.8267, 41.6902 ] ] ], [ [ [ 2.8254, 41.6904 ], [ 2.8255, 41.6905 ], [ 2.8254, 41.6903 ], [ 2.8254, 41.6904 ] ] ], [ [ [ 2.8275, 41.6904 ], [ 2.8271, 41.6905 ], [ 2.8273, 41.6906 ], [ 2.8275, 41.6904 ] ] ], [ [ [ 2.8285, 41.6907 ], [ 2.8287, 41.6907 ], [ 2.8286, 41.6905 ], [ 2.8285, 41.6907 ] ] ], [ [ [ 2.8292, 41.6908 ], [ 2.829, 41.6913 ], [ 2.8295, 41.6912 ], [ 2.8292, 41.6908 ] ] ], [ [ [ 2.839, 41.6929 ], [ 2.8386, 41.6925 ], [ 2.8386, 41.6926 ], [ 2.839, 41.6929 ] ] ], [ [ [ 2.839, 41.6929 ], [ 2.8391, 41.6929 ], [ 2.8391, 41.6928 ], [ 2.839, 41.6929 ] ] ], [ [ [ 2.84, 41.6933 ], [ 2.8401, 41.6932 ], [ 2.84, 41.6932 ], [ 2.84, 41.6933 ] ] ], [ [ [ 2.8424, 41.6934 ], [ 2.8421, 41.6934 ], [ 2.8422, 41.6935 ], [ 2.8424, 41.6934 ] ] ], [ [ [ 2.8375, 41.6934 ], [ 2.8375, 41.6936 ], [ 2.8377, 41.6935 ], [ 2.8375, 41.6934 ] ] ], [ [ [ 2.8454, 41.6949 ], [ 2.8453, 41.695 ], [ 2.8454, 41.6951 ], [ 2.8454, 41.6949 ] ] ], [ [ [ 2.8456, 41.6955 ], [ 2.8455, 41.6953 ], [ 2.8453, 41.6954 ], [ 2.8456, 41.6955 ] ] ], [ [ [ 2.8604, 41.6988 ], [ 2.8604, 41.6989 ], [ 2.8606, 41.699 ], [ 2.8604, 41.6988 ] ] ], [ [ [ 2.8613, 41.6989 ], [ 2.8612, 41.699 ], [ 2.8613, 41.699 ], [ 2.8613, 41.6989 ] ] ], [ [ [ 2.8648, 41.699 ], [ 2.865, 41.699 ], [ 2.865, 41.6989 ], [ 2.8648, 41.699 ] ] ], [ [ [ 2.8636, 41.6992 ], [ 2.8634, 41.6991 ], [ 2.8634, 41.6992 ], [ 2.8636, 41.6992 ] ] ], [ [ [ 2.8593, 41.6992 ], [ 2.859, 41.6992 ], [ 2.8591, 41.6993 ], [ 2.8593, 41.6992 ] ] ], [ [ [ 2.8695, 41.6995 ], [ 2.8692, 41.6994 ], [ 2.8693, 41.6995 ], [ 2.8695, 41.6995 ] ] ], [ [ [ 2.8721, 41.7 ], [ 2.8719, 41.7002 ], [ 2.8721, 41.7004 ], [ 2.8721, 41.7 ] ] ], [ [ [ 2.8732, 41.7008 ], [ 2.8729, 41.7007 ], [ 2.8728, 41.7009 ], [ 2.8732, 41.7008 ] ] ], [ [ [ 2.8751, 41.7009 ], [ 2.8749, 41.7009 ], [ 2.875, 41.701 ], [ 2.8751, 41.7009 ] ] ], [ [ [ 2.8779, 41.7008 ], [ 2.8778, 41.7009 ], [ 2.8779, 41.7011 ], [ 2.8779, 41.7008 ] ] ], [ [ [ 2.8868, 41.7014 ], [ 2.8862, 41.7014 ], [ 2.8863, 41.7015 ], [ 2.8868, 41.7014 ] ] ], [ [ [ 2.8794, 41.7015 ], [ 2.8787, 41.7014 ], [ 2.8787, 41.7016 ], [ 2.8794, 41.7015 ] ] ], [ [ [ 2.886, 41.7021 ], [ 2.8861, 41.7018 ], [ 2.886, 41.7018 ], [ 2.886, 41.7021 ] ] ], [ [ [ 2.8893, 41.7023 ], [ 2.8894, 41.7022 ], [ 2.8893, 41.7021 ], [ 2.8893, 41.7023 ] ] ], [ [ [ 2.8857, 41.7025 ], [ 2.8859, 41.7026 ], [ 2.8859, 41.7024 ], [ 2.8857, 41.7025 ] ] ], [ [ [ 2.893, 41.7038 ], [ 2.8925, 41.7035 ], [ 2.8926, 41.7036 ], [ 2.893, 41.7038 ] ] ], [ [ [ 2.8958, 41.7038 ], [ 2.8963, 41.7039 ], [ 2.8961, 41.7036 ], [ 2.8958, 41.7038 ] ] ], [ [ [ 2.8941, 41.7038 ], [ 2.8939, 41.7038 ], [ 2.8939, 41.7041 ], [ 2.8941, 41.7038 ] ] ], [ [ [ 2.9115, 41.7077 ], [ 2.9123, 41.7076 ], [ 2.9124, 41.7074 ], [ 2.9115, 41.7077 ] ] ], [ [ [ 2.9399, 41.7205 ], [ 2.9404, 41.7199 ], [ 2.9401, 41.7198 ], [ 2.9399, 41.7205 ] ] ], [ [ [ 2.94, 41.7207 ], [ 2.9399, 41.7207 ], [ 2.94, 41.7208 ], [ 2.94, 41.7207 ] ] ], [ [ [ 2.9432, 41.7252 ], [ 2.9431, 41.7252 ], [ 2.9432, 41.7253 ], [ 2.9432, 41.7252 ] ] ], [ [ [ 2.9462, 41.7259 ], [ 2.9463, 41.7256 ], [ 2.946, 41.7255 ], [ 2.9462, 41.7259 ] ] ], [ [ [ 2.9458, 41.7261 ], [ 2.9453, 41.726 ], [ 2.9457, 41.7262 ], [ 2.9458, 41.7261 ] ] ], [ [ [ 2.9528, 41.7315 ], [ 2.9527, 41.7316 ], [ 2.9528, 41.7316 ], [ 2.9528, 41.7315 ] ] ], [ [ [ 2.9593, 41.7408 ], [ 2.9591, 41.7407 ], [ 2.9591, 41.7409 ], [ 2.9593, 41.7408 ] ] ], [ [ [ 2.9655, 41.7453 ], [ 2.9655, 41.7451 ], [ 2.9651, 41.745 ], [ 2.9655, 41.7453 ] ] ], [ [ [ 2.9666, 41.7468 ], [ 2.9663, 41.7465 ], [ 2.9663, 41.7466 ], [ 2.9666, 41.7468 ] ] ], [ [ [ 2.9722, 41.7528 ], [ 2.9723, 41.7528 ], [ 2.9721, 41.7527 ], [ 2.9722, 41.7528 ] ] ], [ [ [ 2.9755, 41.7538 ], [ 2.9757, 41.7537 ], [ 2.9755, 41.7537 ], [ 2.9755, 41.7538 ] ] ], [ [ [ 2.982, 41.7574 ], [ 2.9815, 41.7574 ], [ 2.9817, 41.7575 ], [ 2.982, 41.7574 ] ] ], [ [ [ 2.9814, 41.7575 ], [ 2.9811, 41.7577 ], [ 2.9815, 41.7576 ], [ 2.9815, 41.7575 ], [ 2.9814, 41.7575 ] ] ], [ [ [ 2.9809, 41.7579 ], [ 2.9813, 41.7578 ], [ 2.9807, 41.7578 ], [ 2.9809, 41.7579 ] ] ], [ [ [ 2.9811, 41.7591 ], [ 2.9811, 41.7592 ], [ 2.9812, 41.7591 ], [ 2.9811, 41.7591 ] ] ], [ [ [ 3.002, 41.7655 ], [ 3.0017, 41.7654 ], [ 3.0018, 41.7656 ], [ 3.002, 41.7655 ] ] ], [ [ [ 3.004, 41.7674 ], [ 3.0039, 41.7673 ], [ 3.0037, 41.7674 ], [ 3.004, 41.7674 ] ] ], [ [ [ 3.0283, 41.7708 ], [ 3.0284, 41.7706 ], [ 3.0279, 41.7707 ], [ 3.0283, 41.7708 ] ] ], [ [ [ 3.0324, 41.7725 ], [ 3.0326, 41.7726 ], [ 3.0321, 41.7717 ], [ 3.0324, 41.7725 ] ] ], [ [ [ 3.0442, 41.779 ], [ 3.0444, 41.7789 ], [ 3.0441, 41.7787 ], [ 3.0442, 41.779 ] ] ], [ [ [ 3.0461, 41.7796 ], [ 3.0455, 41.7795 ], [ 3.0455, 41.7796 ], [ 3.0461, 41.7796 ] ] ], [ [ [ 3.0451, 41.7798 ], [ 3.0448, 41.7799 ], [ 3.0449, 41.78 ], [ 3.0451, 41.7798 ] ] ], [ [ [ 3.0489, 41.7822 ], [ 3.049, 41.782 ], [ 3.0487, 41.7821 ], [ 3.0489, 41.7822 ] ] ], [ [ [ 3.0475, 41.7831 ], [ 3.0471, 41.7831 ], [ 3.0476, 41.7833 ], [ 3.0475, 41.7831 ] ] ], [ [ [ 3.0471, 41.7835 ], [ 3.0473, 41.7833 ], [ 3.0468, 41.7832 ], [ 3.0471, 41.7835 ] ] ], [ [ [ 3.0476, 41.7841 ], [ 3.047, 41.7841 ], [ 3.0472, 41.7843 ], [ 3.0476, 41.7841 ] ] ], [ [ [ 3.0476, 41.7845 ], [ 3.0473, 41.7845 ], [ 3.0474, 41.7846 ], [ 3.0476, 41.7845 ] ] ], [ [ [ 3.0456, 41.7867 ], [ 3.0454, 41.7866 ], [ 3.0455, 41.7868 ], [ 3.0456, 41.7867 ] ] ], [ [ [ 3.0559, 41.7869 ], [ 3.0549, 41.7871 ], [ 3.0569, 41.7869 ], [ 3.0559, 41.7869 ] ] ], [ [ [ 3.0461, 41.787 ], [ 3.0459, 41.787 ], [ 3.046, 41.7871 ], [ 3.0461, 41.787 ] ] ], [ [ [ 3.0461, 41.7872 ], [ 3.0461, 41.7875 ], [ 3.0462, 41.7874 ], [ 3.0461, 41.7872 ] ] ], [ [ [ 3.0603, 41.7931 ], [ 3.06, 41.7928 ], [ 3.0601, 41.7931 ], [ 3.0603, 41.7931 ] ] ], [ [ [ 3.0784, 41.8225 ], [ 3.0782, 41.8224 ], [ 3.0783, 41.8226 ], [ 3.0784, 41.8225 ] ] ], [ [ [ 3.0794, 41.8235 ], [ 3.0792, 41.8235 ], [ 3.0792, 41.8236 ], [ 3.0794, 41.8235 ] ] ], [ [ [ 3.08, 41.8238 ], [ 3.0798, 41.824 ], [ 3.0799, 41.824 ], [ 3.08, 41.8238 ] ] ], [ [ [ 3.0811, 41.8242 ], [ 3.0814, 41.8239 ], [ 3.0811, 41.8238 ], [ 3.0811, 41.8242 ] ] ], [ [ [ 3.0861, 41.8257 ], [ 3.086, 41.8256 ], [ 3.0859, 41.8257 ], [ 3.0861, 41.8257 ] ] ], [ [ [ 3.0843, 41.826 ], [ 3.0846, 41.8261 ], [ 3.085, 41.826 ], [ 3.0843, 41.826 ] ] ], [ [ [ 3.0848, 41.8276 ], [ 3.0846, 41.8275 ], [ 3.0846, 41.8276 ], [ 3.0848, 41.8276 ] ] ], [ [ [ 3.089, 41.8316 ], [ 3.0888, 41.8315 ], [ 3.0888, 41.8316 ], [ 3.089, 41.8316 ] ] ], [ [ [ 3.0929, 41.8322 ], [ 3.0929, 41.8319 ], [ 3.0928, 41.8319 ], [ 3.0929, 41.8322 ] ] ], [ [ [ 3.0903, 41.8323 ], [ 3.0903, 41.8322 ], [ 3.0902, 41.8323 ], [ 3.0903, 41.8323 ] ] ], [ [ [ 3.0943, 41.835 ], [ 3.0946, 41.8349 ], [ 3.0943, 41.8348 ], [ 3.0943, 41.835 ] ] ], [ [ [ 3.0944, 41.8359 ], [ 3.0943, 41.836 ], [ 3.0946, 41.836 ], [ 3.0944, 41.8359 ] ] ], [ [ [ 3.1296, 41.8407 ], [ 3.1294, 41.841 ], [ 3.1296, 41.841 ], [ 3.1296, 41.8407 ] ] ], [ [ [ 3.1329, 41.8432 ], [ 3.1328, 41.8432 ], [ 3.1328, 41.8433 ], [ 3.1329, 41.8432 ] ] ], [ [ [ 3.141, 41.8482 ], [ 3.1408, 41.8482 ], [ 3.1408, 41.8483 ], [ 3.141, 41.8482 ] ] ], [ [ [ 3.1411, 41.8491 ], [ 3.1412, 41.8491 ], [ 3.1412, 41.849 ], [ 3.1411, 41.8491 ] ] ], [ [ [ 3.1314, 42.129 ], [ 3.132, 42.1286 ], [ 3.1317, 42.1285 ], [ 3.1314, 42.129 ] ] ], [ [ [ 3.125, 42.1305 ], [ 3.1249, 42.1304 ], [ 3.1248, 42.1307 ], [ 3.125, 42.1305 ] ] ], [ [ [ 3.1238, 42.1328 ], [ 3.1239, 42.1324 ], [ 3.1237, 42.1323 ], [ 3.1238, 42.1328 ] ] ], [ [ [ 3.124, 42.1365 ], [ 3.1239, 42.1363 ], [ 3.1236, 42.1367 ], [ 3.124, 42.1365 ] ] ], [ [ [ 3.1236, 42.1367 ], [ 3.1235, 42.1368 ], [ 3.1237, 42.1368 ], [ 3.1236, 42.1367 ] ] ], [ [ [ 3.1421, 41.849 ], [ 3.1421, 41.8491 ], [ 3.1423, 41.8491 ], [ 3.1421, 41.849 ] ] ], [ [ [ 3.149, 41.8581 ], [ 3.1489, 41.858 ], [ 3.1488, 41.8582 ], [ 3.149, 41.8581 ] ] ], [ [ [ 3.15, 41.8584 ], [ 3.15, 41.8585 ], [ 3.1502, 41.8585 ], [ 3.15, 41.8584 ] ] ], [ [ [ 3.1506, 41.8587 ], [ 3.1511, 41.8585 ], [ 3.1507, 41.8584 ], [ 3.1506, 41.8587 ] ] ], [ [ [ 3.1603, 41.8605 ], [ 3.1607, 41.8605 ], [ 3.1608, 41.8602 ], [ 3.1603, 41.8605 ] ] ], [ [ [ 3.1536, 41.8609 ], [ 3.1533, 41.8609 ], [ 3.1533, 41.8611 ], [ 3.1536, 41.8609 ] ] ], [ [ [ 3.1674, 41.8633 ], [ 3.1675, 41.8632 ], [ 3.1672, 41.8631 ], [ 3.1674, 41.8633 ] ] ], [ [ [ 3.1665, 42.1139 ], [ 3.1665, 42.1135 ], [ 3.1662, 42.1136 ], [ 3.1665, 42.1139 ] ] ], [ [ [ 3.1654, 42.3621 ], [ 3.1656, 42.3619 ], [ 3.1654, 42.3618 ], [ 3.1654, 42.3621 ] ] ], [ [ [ 3.1647, 42.3627 ], [ 3.1646, 42.3628 ], [ 3.1649, 42.3629 ], [ 3.1647, 42.3627 ] ] ], [ [ [ 3.1644, 42.3628 ], [ 3.1643, 42.3629 ], [ 3.1645, 42.3628 ], [ 3.1644, 42.3628 ] ] ], [ [ [ 3.1649, 42.3631 ], [ 3.1647, 42.363 ], [ 3.1647, 42.3632 ], [ 3.1649, 42.3631 ] ] ], [ [ [ 3.1678, 42.3689 ], [ 3.1678, 42.3687 ], [ 3.1674, 42.3687 ], [ 3.1678, 42.3689 ] ] ], [ [ [ 3.1665, 42.3699 ], [ 3.1665, 42.37 ], [ 3.1666, 42.3699 ], [ 3.1665, 42.3699 ] ] ], [ [ [ 3.1595, 42.3734 ], [ 3.1595, 42.3733 ], [ 3.1594, 42.3733 ], [ 3.1595, 42.3734 ] ] ], [ [ [ 3.1563, 42.378 ], [ 3.1561, 42.3781 ], [ 3.1561, 42.3782 ], [ 3.1563, 42.378 ] ] ], [ [ [ 3.1675, 42.3896 ], [ 3.1673, 42.3893 ], [ 3.1672, 42.3897 ], [ 3.1675, 42.3896 ] ] ], [ [ [ 3.1663, 42.39 ], [ 3.1663, 42.3902 ], [ 3.1664, 42.3901 ], [ 3.1663, 42.39 ] ] ], [ [ [ 3.1568, 42.3908 ], [ 3.1569, 42.3909 ], [ 3.157, 42.3908 ], [ 3.1568, 42.3908 ] ] ], [ [ [ 3.1618, 42.3985 ], [ 3.1618, 42.3986 ], [ 3.1619, 42.3985 ], [ 3.1618, 42.3985 ] ] ], [ [ [ 3.1651, 42.4002 ], [ 3.1653, 42.4 ], [ 3.1646, 42.3999 ], [ 3.1651, 42.4002 ] ] ], [ [ [ 3.1652, 42.4017 ], [ 3.1666, 42.4015 ], [ 3.1665, 42.4011 ], [ 3.1652, 42.4017 ] ] ], [ [ [ 3.1656, 42.4118 ], [ 3.1657, 42.4119 ], [ 3.1659, 42.4115 ], [ 3.1656, 42.4118 ] ] ], [ [ [ 3.1653, 42.4131 ], [ 3.1653, 42.4132 ], [ 3.1654, 42.4132 ], [ 3.1653, 42.4131 ] ] ], [ [ [ 3.1662, 42.414 ], [ 3.166, 42.414 ], [ 3.1661, 42.4141 ], [ 3.1662, 42.414 ] ] ], [ [ [ 3.1863, 41.8625 ], [ 3.1864, 41.8625 ], [ 3.1862, 41.8624 ], [ 3.1863, 41.8625 ] ] ], [ [ [ 3.1872, 41.8629 ], [ 3.1876, 41.8628 ], [ 3.1874, 41.8623 ], [ 3.1872, 41.8629 ] ] ], [ [ [ 3.1852, 41.8628 ], [ 3.1862, 41.8626 ], [ 3.1861, 41.8625 ], [ 3.1852, 41.8628 ] ] ], [ [ [ 3.1866, 41.8627 ], [ 3.1864, 41.8627 ], [ 3.1865, 41.8629 ], [ 3.1866, 41.8627 ] ] ], [ [ [ 3.1693, 41.8628 ], [ 3.1692, 41.8629 ], [ 3.1693, 41.8629 ], [ 3.1693, 41.8628 ] ] ], [ [ [ 3.1754, 41.8631 ], [ 3.1755, 41.8631 ], [ 3.1754, 41.863 ], [ 3.1754, 41.8631 ] ] ], [ [ [ 3.1747, 41.8655 ], [ 3.1746, 41.8654 ], [ 3.1746, 41.8656 ], [ 3.1747, 41.8656 ], [ 3.1747, 41.8655 ] ] ], [ [ [ 3.1749, 41.8655 ], [ 3.1748, 41.8656 ], [ 3.1748, 41.8657 ], [ 3.1749, 41.8655 ] ] ], [ [ [ 3.1765, 41.8659 ], [ 3.1764, 41.866 ], [ 3.1765, 41.866 ], [ 3.1765, 41.8659 ] ] ], [ [ [ 3.1791, 41.8675 ], [ 3.1793, 41.8673 ], [ 3.1788, 41.867 ], [ 3.1791, 41.8675 ] ] ], [ [ [ 3.1791, 41.8677 ], [ 3.1785, 41.8675 ], [ 3.1785, 41.8678 ], [ 3.1791, 41.8677 ] ] ], [ [ [ 3.1786, 41.8687 ], [ 3.1785, 41.8687 ], [ 3.1786, 41.8688 ], [ 3.1786, 41.8687 ] ] ], [ [ [ 3.1787, 41.8714 ], [ 3.1788, 41.8714 ], [ 3.1788, 41.8713 ], [ 3.1787, 41.8714 ] ] ], [ [ [ 3.1786, 41.8713 ], [ 3.1784, 41.8713 ], [ 3.1785, 41.8714 ], [ 3.1786, 41.8713 ] ] ], [ [ [ 3.1792, 41.8779 ], [ 3.1795, 41.8779 ], [ 3.1794, 41.8778 ], [ 3.1792, 41.8779 ] ] ], [ [ [ 3.1807, 41.8805 ], [ 3.1806, 41.8805 ], [ 3.1807, 41.8806 ], [ 3.1807, 41.8805 ] ] ], [ [ [ 3.1833, 41.8812 ], [ 3.1834, 41.8812 ], [ 3.1833, 41.8811 ], [ 3.1833, 41.8812 ] ] ], [ [ [ 3.1832, 41.8812 ], [ 3.183, 41.8812 ], [ 3.183, 41.8813 ], [ 3.1832, 41.8812 ] ] ], [ [ [ 3.1834, 41.8813 ], [ 3.1834, 41.8815 ], [ 3.1835, 41.8816 ], [ 3.1834, 41.8813 ] ] ], [ [ [ 3.187, 42.0999 ], [ 3.1871, 42.0998 ], [ 3.187, 42.0998 ], [ 3.187, 42.0999 ] ] ], [ [ [ 3.1849, 42.1008 ], [ 3.185, 42.1008 ], [ 3.1849, 42.1007 ], [ 3.1849, 42.1008 ] ] ], [ [ [ 3.1794, 42.1031 ], [ 3.1795, 42.103 ], [ 3.1793, 42.103 ], [ 3.1794, 42.1031 ] ] ], [ [ [ 3.1707, 42.1047 ], [ 3.1706, 42.1047 ], [ 3.1708, 42.1048 ], [ 3.1707, 42.1047 ] ] ], [ [ [ 3.1757, 42.1117 ], [ 3.1757, 42.1116 ], [ 3.1755, 42.1116 ], [ 3.1757, 42.1117 ] ] ], [ [ [ 3.1859, 42.3445 ], [ 3.1859, 42.3446 ], [ 3.1863, 42.3446 ], [ 3.1859, 42.3445 ] ] ], [ [ [ 3.1781, 42.3536 ], [ 3.1783, 42.3536 ], [ 3.1783, 42.3535 ], [ 3.1781, 42.3536 ] ] ], [ [ [ 3.1827, 42.3538 ], [ 3.1825, 42.3537 ], [ 3.1826, 42.3539 ], [ 3.1827, 42.3538 ] ] ], [ [ [ 3.176, 42.3551 ], [ 3.176, 42.3549 ], [ 3.1758, 42.3549 ], [ 3.176, 42.3551 ] ] ], [ [ [ 3.1721, 42.3564 ], [ 3.1719, 42.3565 ], [ 3.1721, 42.3565 ], [ 3.1721, 42.3564 ] ] ], [ [ [ 3.1696, 42.4194 ], [ 3.1698, 42.419 ], [ 3.1697, 42.4191 ], [ 3.1696, 42.4194 ] ] ], [ [ [ 3.1697, 42.4233 ], [ 3.1698, 42.4233 ], [ 3.1697, 42.4232 ], [ 3.1697, 42.4233 ] ] ], [ [ [ 3.1711, 42.4243 ], [ 3.1712, 42.4242 ], [ 3.1708, 42.4242 ], [ 3.1711, 42.4243 ] ] ], [ [ [ 3.1714, 42.4325 ], [ 3.1714, 42.4324 ], [ 3.1711, 42.4325 ], [ 3.1714, 42.4325 ] ] ], [ [ [ 3.1752, 42.4351 ], [ 3.1753, 42.435 ], [ 3.175, 42.4351 ], [ 3.1752, 42.4351 ] ] ], [ [ [ 3.1907, 41.8875 ], [ 3.1905, 41.8874 ], [ 3.1905, 41.8876 ], [ 3.1907, 41.8875 ] ] ], [ [ [ 3.1901, 41.8875 ], [ 3.1899, 41.8875 ], [ 3.19, 41.8878 ], [ 3.1901, 41.8878 ], [ 3.1901, 41.8875 ] ] ], [ [ [ 3.1899, 41.8878 ], [ 3.1899, 41.8879 ], [ 3.19, 41.8878 ], [ 3.1899, 41.8878 ] ] ], [ [ [ 3.1934, 41.8902 ], [ 3.1935, 41.8901 ], [ 3.1933, 41.8901 ], [ 3.1934, 41.8902 ] ] ], [ [ [ 3.1979, 41.8921 ], [ 3.1978, 41.8921 ], [ 3.1977, 41.8922 ], [ 3.1979, 41.8921 ] ] ], [ [ [ 3.1934, 41.8923 ], [ 3.1932, 41.8923 ], [ 3.1934, 41.8924 ], [ 3.1934, 41.8923 ] ] ], [ [ [ 3.2043, 41.8962 ], [ 3.2043, 41.8961 ], [ 3.2041, 41.8961 ], [ 3.2043, 41.8962 ] ] ], [ [ [ 3.2048, 41.8964 ], [ 3.2047, 41.8964 ], [ 3.2048, 41.8966 ], [ 3.2048, 41.8964 ] ] ], [ [ [ 3.2046, 41.8972 ], [ 3.2047, 41.8972 ], [ 3.2047, 41.8971 ], [ 3.2046, 41.8972 ] ] ], [ [ [ 3.2095, 41.9034 ], [ 3.2095, 41.9035 ], [ 3.2097, 41.9035 ], [ 3.2095, 41.9034 ] ] ], [ [ [ 3.2096, 41.9053 ], [ 3.2096, 41.9052 ], [ 3.2094, 41.9053 ], [ 3.2096, 41.9053 ] ] ], [ [ [ 3.2092, 41.9059 ], [ 3.2091, 41.9056 ], [ 3.2088, 41.9058 ], [ 3.2092, 41.9059 ] ] ], [ [ [ 3.2081, 41.9082 ], [ 3.2082, 41.9081 ], [ 3.2078, 41.9082 ], [ 3.2081, 41.9082 ] ] ], [ [ [ 3.2085, 41.9128 ], [ 3.2084, 41.9128 ], [ 3.2085, 41.9129 ], [ 3.2085, 41.9128 ] ] ], [ [ [ 3.2168, 41.9212 ], [ 3.2166, 41.9212 ], [ 3.2168, 41.9213 ], [ 3.2168, 41.9212 ] ] ], [ [ [ 3.2176, 41.9217 ], [ 3.2181, 41.9217 ], [ 3.2181, 41.9215 ], [ 3.2176, 41.9217 ] ] ], [ [ [ 3.2183, 41.9243 ], [ 3.2176, 41.924 ], [ 3.2173, 41.9241 ], [ 3.2183, 41.9243 ] ] ], [ [ [ 3.2176, 41.9249 ], [ 3.2183, 41.9249 ], [ 3.217, 41.9245 ], [ 3.2176, 41.9249 ] ] ], [ [ [ 3.2169, 41.9301 ], [ 3.2169, 41.9302 ], [ 3.217, 41.9301 ], [ 3.2169, 41.9301 ] ] ], [ [ [ 3.2162, 41.9354 ], [ 3.2161, 41.9354 ], [ 3.2162, 41.9355 ], [ 3.2162, 41.9354 ] ] ], [ [ [ 3.2162, 41.9378 ], [ 3.2162, 41.9379 ], [ 3.2164, 41.9378 ], [ 3.2162, 41.9378 ] ] ], [ [ [ 3.2184, 41.9377 ], [ 3.2177, 41.9379 ], [ 3.2179, 41.9382 ], [ 3.2184, 41.9377 ] ] ], [ [ [ 3.2176, 41.9388 ], [ 3.2177, 41.9388 ], [ 3.2177, 41.9387 ], [ 3.2176, 41.9388 ] ] ], [ [ [ 3.2179, 41.939 ], [ 3.2182, 41.939 ], [ 3.2182, 41.9389 ], [ 3.2179, 41.939 ] ] ], [ [ [ 3.2107, 42.0532 ], [ 3.2106, 42.0532 ], [ 3.2107, 42.0533 ], [ 3.2107, 42.0532 ] ] ], [ [ [ 3.2123, 42.0541 ], [ 3.2123, 42.0539 ], [ 3.2121, 42.054 ], [ 3.2123, 42.0541 ] ] ], [ [ [ 3.2116, 42.0544 ], [ 3.2115, 42.0545 ], [ 3.2116, 42.0546 ], [ 3.2116, 42.0544 ] ] ], [ [ [ 3.2131, 42.0587 ], [ 3.2132, 42.0587 ], [ 3.2131, 42.0586 ], [ 3.2131, 42.0587 ] ] ], [ [ [ 3.2103, 42.063 ], [ 3.2107, 42.0628 ], [ 3.2104, 42.0627 ], [ 3.2103, 42.063 ] ] ], [ [ [ 3.205, 42.0734 ], [ 3.2048, 42.0744 ], [ 3.2058, 42.0742 ], [ 3.205, 42.0734 ] ] ], [ [ [ 3.1968, 42.0846 ], [ 3.1964, 42.0845 ], [ 3.1964, 42.0846 ], [ 3.1968, 42.0846 ] ] ], [ [ [ 3.1977, 42.085 ], [ 3.1981, 42.0844 ], [ 3.1975, 42.0843 ], [ 3.1977, 42.085 ] ] ], [ [ [ 3.1938, 42.2404 ], [ 3.1933, 42.2403 ], [ 3.1935, 42.2405 ], [ 3.1938, 42.2404 ] ] ], [ [ [ 3.1925, 42.241 ], [ 3.1928, 42.2409 ], [ 3.1926, 42.2406 ], [ 3.1925, 42.241 ] ] ], [ [ [ 3.1924, 42.2411 ], [ 3.1924, 42.241 ], [ 3.1921, 42.2411 ], [ 3.1924, 42.2411 ] ] ], [ [ [ 3.1978, 42.242 ], [ 3.1979, 42.2419 ], [ 3.1978, 42.2418 ], [ 3.1978, 42.242 ] ] ], [ [ [ 3.1981, 42.2421 ], [ 3.1982, 42.242 ], [ 3.1979, 42.2421 ], [ 3.1981, 42.2421 ] ] ], [ [ [ 3.1978, 42.2425 ], [ 3.1981, 42.2423 ], [ 3.1977, 42.2423 ], [ 3.1978, 42.2425 ] ] ], [ [ [ 3.1922, 42.3388 ], [ 3.1923, 42.3387 ], [ 3.1919, 42.3387 ], [ 3.1922, 42.3388 ] ] ], [ [ [ 3.1901, 42.3414 ], [ 3.1901, 42.3415 ], [ 3.1903, 42.3415 ], [ 3.1901, 42.3414 ] ] ], [ [ [ 3.2179, 42.3504 ], [ 3.2178, 42.3505 ], [ 3.2179, 42.3505 ], [ 3.2179, 42.3504 ] ] ], [ [ [ 3.2188, 41.9263 ], [ 3.219, 41.9262 ], [ 3.2188, 41.9261 ], [ 3.2188, 41.9263 ] ] ], [ [ [ 3.2202, 41.9352 ], [ 3.2204, 41.935 ], [ 3.2201, 41.9351 ], [ 3.2202, 41.9352 ] ] ], [ [ [ 3.2271, 41.9446 ], [ 3.2272, 41.9446 ], [ 3.2271, 41.9445 ], [ 3.2271, 41.9446 ] ] ], [ [ [ 3.225, 41.9452 ], [ 3.225, 41.9451 ], [ 3.2249, 41.9451 ], [ 3.225, 41.9452 ] ] ], [ [ [ 3.2262, 41.9455 ], [ 3.2263, 41.9455 ], [ 3.2263, 41.9454 ], [ 3.2262, 41.9454 ], [ 3.2262, 41.9455 ] ] ], [ [ [ 3.2265, 41.9456 ], [ 3.2264, 41.9457 ], [ 3.2265, 41.9457 ], [ 3.2265, 41.9456 ] ] ], [ [ [ 3.2262, 41.9461 ], [ 3.2264, 41.9462 ], [ 3.2264, 41.9461 ], [ 3.2262, 41.9461 ] ] ], [ [ [ 3.2287, 41.9485 ], [ 3.2288, 41.9485 ], [ 3.2287, 41.9484 ], [ 3.2287, 41.9485 ] ] ], [ [ [ 3.2301, 41.9545 ], [ 3.2302, 41.9544 ], [ 3.2301, 41.9544 ], [ 3.2301, 41.9545 ] ] ], [ [ [ 3.2314, 41.9565 ], [ 3.2315, 41.9564 ], [ 3.2314, 41.9564 ], [ 3.2314, 41.9565 ] ] ], [ [ [ 3.232, 41.957 ], [ 3.2319, 41.9571 ], [ 3.2321, 41.9572 ], [ 3.232, 41.957 ] ] ], [ [ [ 3.2335, 41.9622 ], [ 3.2335, 41.9621 ], [ 3.2334, 41.9621 ], [ 3.2335, 41.9622 ] ] ], [ [ [ 3.2338, 41.9622 ], [ 3.2338, 41.9623 ], [ 3.2341, 41.9623 ], [ 3.2338, 41.9622 ] ] ], [ [ [ 3.2335, 41.9623 ], [ 3.2336, 41.9622 ], [ 3.2335, 41.9622 ], [ 3.2335, 41.9623 ] ] ], [ [ [ 3.2339, 41.9624 ], [ 3.234, 41.9624 ], [ 3.2338, 41.9623 ], [ 3.2339, 41.9624 ] ] ], [ [ [ 3.2304, 41.9628 ], [ 3.2304, 41.9627 ], [ 3.2303, 41.9627 ], [ 3.2304, 41.9628 ] ] ], [ [ [ 3.2314, 41.9689 ], [ 3.2315, 41.9689 ], [ 3.2314, 41.9688 ], [ 3.2314, 41.9689 ] ] ], [ [ [ 3.2317, 41.9694 ], [ 3.2317, 41.9693 ], [ 3.2316, 41.9694 ], [ 3.2317, 41.9694 ] ] ], [ [ [ 3.2299, 41.9701 ], [ 3.2296, 41.9702 ], [ 3.2299, 41.9702 ], [ 3.2299, 41.9701 ] ] ], [ [ [ 3.2262, 41.9715 ], [ 3.2262, 41.9716 ], [ 3.2264, 41.9716 ], [ 3.2262, 41.9715 ] ] ], [ [ [ 3.2254, 41.9728 ], [ 3.2253, 41.9729 ], [ 3.2254, 41.973 ], [ 3.2254, 41.9728 ] ] ], [ [ [ 3.2183, 41.9741 ], [ 3.2185, 41.974 ], [ 3.2183, 41.974 ], [ 3.2183, 41.9741 ] ] ], [ [ [ 3.2206, 41.9744 ], [ 3.2208, 41.9744 ], [ 3.2204, 41.9742 ], [ 3.2206, 41.9744 ] ] ], [ [ [ 3.2267, 42.0414 ], [ 3.227, 42.0413 ], [ 3.2268, 42.0412 ], [ 3.2267, 42.0414 ] ] ], [ [ [ 3.228, 42.042 ], [ 3.2289, 42.0419 ], [ 3.2283, 42.0414 ], [ 3.228, 42.042 ] ] ], [ [ [ 3.2273, 42.0423 ], [ 3.2277, 42.0421 ], [ 3.2276, 42.0418 ], [ 3.2273, 42.0423 ] ] ], [ [ [ 3.2257, 42.0424 ], [ 3.2258, 42.0422 ], [ 3.2257, 42.0422 ], [ 3.2257, 42.0424 ] ] ], [ [ [ 3.2237, 42.0445 ], [ 3.2238, 42.0445 ], [ 3.2271, 42.0448 ], [ 3.2271, 42.0439 ], [ 3.2264, 42.044 ], [ 3.226, 42.0433 ], [ 3.2255, 42.0434 ], [ 3.2254, 42.0433 ], [ 3.2252, 42.0432 ], [ 3.2253, 42.0426 ], [ 3.2237, 42.0445 ] ] ], [ [ [ 3.2222, 42.0452 ], [ 3.2221, 42.0452 ], [ 3.2222, 42.0453 ], [ 3.2222, 42.0452 ] ] ], [ [ [ 3.2191, 42.0482 ], [ 3.2246, 42.0501 ], [ 3.2269, 42.0477 ], [ 3.2191, 42.0482 ] ] ], [ [ [ 3.2217, 42.052 ], [ 3.222, 42.0517 ], [ 3.2218, 42.0516 ], [ 3.2217, 42.052 ] ] ], [ [ [ 3.2418, 42.338 ], [ 3.242, 42.3379 ], [ 3.2415, 42.3379 ], [ 3.2418, 42.338 ] ] ], [ [ [ 3.2396, 42.3404 ], [ 3.2398, 42.3404 ], [ 3.2398, 42.3403 ], [ 3.2396, 42.3403 ], [ 3.2396, 42.3404 ] ] ], [ [ [ 3.2396, 42.3404 ], [ 3.2395, 42.3405 ], [ 3.2396, 42.3405 ], [ 3.2396, 42.3404 ] ] ], [ [ [ 3.2183, 42.3503 ], [ 3.2183, 42.3501 ], [ 3.218, 42.3501 ], [ 3.2183, 42.3503 ] ] ], [ [ [ 3.2347, 42.3504 ], [ 3.2348, 42.3503 ], [ 3.2343, 42.3502 ], [ 3.2347, 42.3504 ] ] ], [ [ [ 3.2642, 42.2376 ], [ 3.2644, 42.2373 ], [ 3.2634, 42.2372 ], [ 3.2642, 42.2376 ] ] ], [ [ [ 3.2838, 42.2738 ], [ 3.2834, 42.2736 ], [ 3.2833, 42.2738 ], [ 3.2838, 42.2738 ] ] ], [ [ [ 3.2818, 42.2741 ], [ 3.2817, 42.274 ], [ 3.2816, 42.2742 ], [ 3.2818, 42.2741 ] ] ], [ [ [ 3.2911, 42.2794 ], [ 3.291, 42.2793 ], [ 3.2908, 42.2795 ], [ 3.2911, 42.2794 ] ] ], [ [ [ 3.2915, 42.2798 ], [ 3.2917, 42.2794 ], [ 3.2912, 42.2794 ], [ 3.2915, 42.2798 ] ] ], [ [ [ 3.2918, 42.2798 ], [ 3.2921, 42.2794 ], [ 3.2919, 42.2794 ], [ 3.2918, 42.2798 ] ] ], [ [ [ 3.2917, 42.2812 ], [ 3.2922, 42.2825 ], [ 3.2937, 42.2815 ], [ 3.2917, 42.2812 ] ] ], [ [ [ 3.2871, 42.2813 ], [ 3.2871, 42.2811 ], [ 3.2867, 42.2813 ], [ 3.2871, 42.2813 ] ] ], [ [ [ 3.2973, 42.2849 ], [ 3.2979, 42.2844 ], [ 3.2977, 42.2844 ], [ 3.2973, 42.2849 ] ] ], [ [ [ 3.2976, 42.2849 ], [ 3.2979, 42.2847 ], [ 3.2977, 42.2847 ], [ 3.2976, 42.2849 ] ] ], [ [ [ 3.2979, 42.2885 ], [ 3.298, 42.2884 ], [ 3.2979, 42.2884 ], [ 3.2979, 42.2885 ] ] ], [ [ [ 3.3093, 42.2905 ], [ 3.31, 42.2904 ], [ 3.3098, 42.2903 ], [ 3.3093, 42.2905 ] ] ], [ [ [ 3.309, 42.2909 ], [ 3.3093, 42.2907 ], [ 3.3091, 42.2907 ], [ 3.309, 42.2909 ] ] ], [ [ [ 3.3081, 42.2924 ], [ 3.3082, 42.2925 ], [ 3.3094, 42.2914 ], [ 3.3081, 42.2924 ] ] ], [ [ [ 3.309, 42.2921 ], [ 3.3088, 42.2926 ], [ 3.3098, 42.2915 ], [ 3.309, 42.2921 ] ] ], [ [ [ 3.2931, 42.2929 ], [ 3.2949, 42.2944 ], [ 3.2973, 42.2933 ], [ 3.2961, 42.2926 ], [ 3.2931, 42.2929 ] ] ], [ [ [ 3.2953, 42.2948 ], [ 3.2953, 42.2955 ], [ 3.2969, 42.2943 ], [ 3.2953, 42.2948 ] ] ], [ [ [ 3.2909, 42.2983 ], [ 3.2907, 42.2985 ], [ 3.291, 42.2985 ], [ 3.2909, 42.2983 ] ] ], [ [ [ 3.2925, 42.3002 ], [ 3.2926, 42.3001 ], [ 3.2924, 42.3001 ], [ 3.2925, 42.3002 ] ] ], [ [ [ 3.2915, 42.3031 ], [ 3.2918, 42.3032 ], [ 3.2922, 42.3028 ], [ 3.2915, 42.3031 ] ] ], [ [ [ 3.2897, 42.3042 ], [ 3.2897, 42.304 ], [ 3.2895, 42.3041 ], [ 3.2897, 42.3042 ] ] ], [ [ [ 3.3011, 42.3045 ], [ 3.3009, 42.3045 ], [ 3.301, 42.3046 ], [ 3.3011, 42.3045 ] ] ], [ [ [ 3.3011, 42.305 ], [ 3.3008, 42.305 ], [ 3.3008, 42.3051 ], [ 3.3006, 42.3055 ], [ 3.3012, 42.3052 ], [ 3.3009, 42.3051 ], [ 3.3011, 42.305 ] ] ], [ [ [ 3.3092, 42.3122 ], [ 3.3094, 42.312 ], [ 3.3091, 42.312 ], [ 3.3092, 42.3122 ] ] ], [ [ [ 3.3101, 42.3121 ], [ 3.3098, 42.3124 ], [ 3.3108, 42.3119 ], [ 3.3101, 42.3121 ] ] ], [ [ [ 3.3166, 42.3135 ], [ 3.3168, 42.3133 ], [ 3.3166, 42.3133 ], [ 3.3166, 42.3135 ] ] ], [ [ [ 3.3163, 42.3138 ], [ 3.3167, 42.3137 ], [ 3.3163, 42.3136 ], [ 3.3163, 42.3138 ] ] ], [ [ [ 3.3183, 42.3154 ], [ 3.3182, 42.3155 ], [ 3.3184, 42.3155 ], [ 3.3183, 42.3154 ] ] ], [ [ [ 3.3128, 42.3166 ], [ 3.3131, 42.3163 ], [ 3.3128, 42.3165 ], [ 3.3128, 42.3166 ] ] ], [ [ [ 3.3217, 42.3187 ], [ 3.3225, 42.3186 ], [ 3.3222, 42.3185 ], [ 3.3217, 42.3187 ] ] ], [ [ [ 3.3315, 42.3202 ], [ 3.3325, 42.32 ], [ 3.3321, 42.3192 ], [ 3.3315, 42.3202 ] ] ], [ [ [ 3.3208, 42.3221 ], [ 3.321, 42.3221 ], [ 3.3208, 42.3219 ], [ 3.3208, 42.3221 ] ] ], [ [ [ 3.3235, 42.3221 ], [ 3.3242, 42.3224 ], [ 3.3241, 42.322 ], [ 3.3235, 42.3221 ] ] ], [ [ [ 3.3244, 42.3228 ], [ 3.3247, 42.3227 ], [ 3.3245, 42.3226 ], [ 3.3244, 42.3228 ] ] ], [ [ [ 3.3214, 42.3215 ], [ 3.3215, 42.3222 ], [ 3.3182, 42.3244 ], [ 3.3235, 42.3212 ], [ 3.3214, 42.3215 ] ] ], [ [ [ 3.3207, 42.3238 ], [ 3.3207, 42.3239 ], [ 3.3208, 42.3239 ], [ 3.3207, 42.3238 ] ] ], [ [ [ 3.2992, 42.3272 ], [ 3.2991, 42.3273 ], [ 3.2992, 42.3273 ], [ 3.2992, 42.3272 ] ] ], [ [ [ 3.2991, 42.3274 ], [ 3.2985, 42.3276 ], [ 3.2989, 42.3276 ], [ 3.2991, 42.3274 ] ] ], [ [ [ 3.304, 42.3275 ], [ 3.3052, 42.3283 ], [ 3.3067, 42.3278 ], [ 3.304, 42.3275 ] ] ], [ [ [ 3.2988, 42.3278 ], [ 3.2985, 42.3279 ], [ 3.2986, 42.328 ], [ 3.2988, 42.3278 ] ] ], [ [ [ 3.2984, 42.3283 ], [ 3.2987, 42.3283 ], [ 3.2985, 42.3281 ], [ 3.2984, 42.3283 ] ] ], [ [ [ 3.2981, 42.3301 ], [ 3.298, 42.3302 ], [ 3.2981, 42.3303 ], [ 3.2981, 42.3301 ] ] ], [ [ [ 3.2848, 42.3326 ], [ 3.2851, 42.3323 ], [ 3.2849, 42.3323 ], [ 3.2848, 42.3326 ] ] ], [ [ [ 3.2858, 42.3335 ], [ 3.2871, 42.3328 ], [ 3.2869, 42.3322 ], [ 3.2858, 42.3335 ] ] ], [ [ [ 3.2611, 42.3351 ], [ 3.2611, 42.3349 ], [ 3.261, 42.335 ], [ 3.2611, 42.3351 ] ] ], [ [ [ 3.2603, 42.3367 ], [ 3.2609, 42.3366 ], [ 3.2606, 42.3363 ], [ 3.2603, 42.3367 ] ] ], [ [ [ 3.2777, 42.3375 ], [ 3.2778, 42.3373 ], [ 3.2773, 42.3374 ], [ 3.2777, 42.3375 ] ] ], [ [ [ 3.2716, 42.3388 ], [ 3.2713, 42.3388 ], [ 3.2714, 42.3389 ], [ 3.2716, 42.3388 ] ] ], [ [ [ 3.2421, 42.3396 ], [ 3.2418, 42.3398 ], [ 3.2424, 42.3401 ], [ 3.2434, 42.3393 ], [ 3.2421, 42.3396 ] ] ] ] } },
{ "type": "Feature", "properties": { "prov": "Granada", "ccaa": "Andalucía" }, "geometry": { "type": "MultiPolygon", "coordinates": [ [ [ [ -3.602, 36.7446 ], [ -3.6607, 36.7459 ], [ -3.677, 36.7295 ], [ -3.7187, 36.7326 ], [ -3.7269, 36.7287 ], [ -3.7275, 36.7192 ], [ -3.7353, 36.72 ], [ -3.7356, 36.7281 ], [ -3.7501, 36.7381 ], [ -3.764, 36.7293 ], [ -3.7718, 36.731 ], [ -3.7823, 36.7645 ], [ -3.7666, 36.7854 ], [ -3.7681, 36.802 ], [ -3.7865, 36.8124 ], [ -3.7953, 36.821 ], [ -3.7961, 36.8315 ], [ -3.8267, 36.8553 ], [ -3.8423, 36.8582 ], [ -3.8676, 36.8507 ], [ -3.8906, 36.8675 ], [ -3.9186, 36.8681 ], [ -3.9295, 36.8829 ], [ -3.9708, 36.8921 ], [ -3.9987, 36.8899 ], [ -4.0138, 36.8986 ], [ -4.0465, 36.903 ], [ -4.0612, 36.9199 ], [ -4.09, 36.9321 ], [ -4.0997, 36.9527 ], [ -4.1666, 36.957 ], [ -4.2154, 36.9918 ], [ -4.2233, 37.0123 ], [ -4.2313, 37.0169 ], [ -4.2519, 37.023 ], [ -4.2725, 37.0149 ], [ -4.27, 37.027 ], [ -4.281, 37.0567 ], [ -4.2871, 37.1195 ], [ -4.3281, 37.1841 ], [ -4.2956, 37.1994 ], [ -4.2553, 37.2296 ], [ -4.2633, 37.2604 ], [ -4.2481, 37.2691 ], [ -4.2365, 37.2972 ], [ -4.2364, 37.3359 ], [ -4.204, 37.3529 ], [ -4.1578, 37.3423 ], [ -4.1272, 37.3783 ], [ -4.0858, 37.4037 ], [ -4.0005, 37.402 ], [ -3.983, 37.388 ], [ -3.9509, 37.3783 ], [ -3.9123, 37.3784 ], [ -3.8812, 37.3876 ], [ -3.8422, 37.3858 ], [ -3.8254, 37.4024 ], [ -3.8265, 37.4135 ], [ -3.8024, 37.4528 ], [ -3.8087, 37.4593 ], [ -3.7917, 37.4662 ], [ -3.7866, 37.4783 ], [ -3.7925, 37.4825 ], [ -3.7856, 37.4909 ], [ -3.7758, 37.4883 ], [ -3.7762, 37.4765 ], [ -3.7301, 37.4875 ], [ -3.6844, 37.5176 ], [ -3.6276, 37.5285 ], [ -3.5365, 37.5803 ], [ -3.5368, 37.5967 ], [ -3.5065, 37.6173 ], [ -3.4801, 37.6013 ], [ -3.4612, 37.5984 ], [ -3.4369, 37.5739 ], [ -3.3993, 37.5641 ], [ -3.3788, 37.5642 ], [ -3.3573, 37.5764 ], [ -3.2963, 37.5881 ], [ -3.261, 37.6335 ], [ -3.2623, 37.6389 ], [ -3.2328, 37.638 ], [ -3.2159, 37.6443 ], [ -3.1726, 37.6433 ], [ -3.1322, 37.6141 ], [ -3.0997, 37.6055 ], [ -3.0882, 37.5955 ], [ -3.0579, 37.6066 ], [ -3.051, 37.6184 ], [ -2.9782, 37.6028 ], [ -2.9844, 37.6143 ], [ -2.974, 37.6229 ], [ -2.9779, 37.634 ], [ -2.9022, 37.6657 ], [ -2.884, 37.6813 ], [ -2.9015, 37.6893 ], [ -2.9007, 37.7232 ], [ -2.9071, 37.7292 ], [ -2.9038, 37.7512 ], [ -2.8901, 37.7615 ], [ -2.8803, 37.7599 ], [ -2.8732, 37.7915 ], [ -2.8289, 37.8372 ], [ -2.8197, 37.8529 ], [ -2.8196, 37.8761 ], [ -2.8062, 37.8809 ], [ -2.7846, 37.9176 ], [ -2.7732, 37.9259 ], [ -2.7674, 37.9193 ], [ -2.7594, 37.924 ], [ -2.7229, 37.9624 ], [ -2.7027, 37.9715 ], [ -2.6897, 37.9738 ], [ -2.6698, 37.9614 ], [ -2.6051, 37.9981 ], [ -2.5977, 38.0072 ], [ -2.5959, 38.0532 ], [ -2.6066, 38.0614 ], [ -2.5734, 38.0743 ], [ -2.5654, 38.0835 ], [ -2.5056, 38.0684 ], [ -2.4823, 38.0531 ], [ -2.4717, 38.0567 ], [ -2.4324, 38.0424 ], [ -2.4248, 38.0329 ], [ -2.3735, 38.0227 ], [ -2.3412, 38.0258 ], [ -2.2984, 38.0028 ], [ -2.2963, 37.9878 ], [ -2.2837, 37.9694 ], [ -2.2474, 37.9342 ], [ -2.2078, 37.9162 ], [ -2.2508, 37.8972 ], [ -2.2654, 37.8809 ], [ -2.2885, 37.8851 ], [ -2.295, 37.8763 ], [ -2.2894, 37.8315 ], [ -2.3018, 37.8083 ], [ -2.2768, 37.7762 ], [ -2.3075, 37.7233 ], [ -2.3066, 37.7102 ], [ -2.3133, 37.7114 ], [ -2.3233, 37.6939 ], [ -2.3258, 37.672 ], [ -2.3104, 37.63 ], [ -2.3167, 37.6218 ], [ -2.3404, 37.6234 ], [ -2.3454, 37.6292 ], [ -2.3596, 37.6213 ], [ -2.3913, 37.6325 ], [ -2.3888, 37.618 ], [ -2.376, 37.6123 ], [ -2.3679, 37.5916 ], [ -2.3749, 37.5778 ], [ -2.3675, 37.563 ], [ -2.3743, 37.5573 ], [ -2.3557, 37.547 ], [ -2.3585, 37.5223 ], [ -2.3812, 37.5229 ], [ -2.3972, 37.5134 ], [ -2.4117, 37.5249 ], [ -2.4238, 37.5129 ], [ -2.4563, 37.5094 ], [ -2.462, 37.4987 ], [ -2.4575, 37.4908 ], [ -2.5142, 37.4795 ], [ -2.5351, 37.462 ], [ -2.5685, 37.4464 ], [ -2.5773, 37.429 ], [ -2.6356, 37.3942 ], [ -2.6432, 37.3759 ], [ -2.6351, 37.3647 ], [ -2.6373, 37.3433 ], [ -2.6546, 37.3406 ], [ -2.6509, 37.3123 ], [ -2.6657, 37.2853 ], [ -2.6617, 37.2667 ], [ -2.6675, 37.2495 ], [ -2.6576, 37.2289 ], [ -2.6601, 37.212 ], [ -2.6927, 37.2172 ], [ -2.733, 37.2373 ], [ -2.74, 37.2288 ], [ -2.759, 37.2267 ], [ -2.7798, 37.2511 ], [ -2.7749, 37.2535 ], [ -2.779, 37.2626 ], [ -2.8149, 37.2709 ], [ -2.82, 37.2782 ], [ -2.8454, 37.2791 ], [ -2.875, 37.2316 ], [ -2.8808, 37.1872 ], [ -2.8952, 37.1672 ], [ -2.9293, 37.1564 ], [ -2.9325, 37.1372 ], [ -2.9471, 37.1222 ], [ -2.9429, 37.1112 ], [ -2.9509, 37.0965 ], [ -3.0003, 37.095 ], [ -3.015, 37.1133 ], [ -3.0296, 37.1133 ], [ -3.0057, 37.0233 ], [ -2.9991, 37.0213 ], [ -2.9989, 37.0122 ], [ -2.9825, 37.006 ], [ -2.9762, 36.9781 ], [ -2.9905, 36.9582 ], [ -3.0142, 36.9564 ], [ -3.0293, 36.9475 ], [ -3.0313, 36.9246 ], [ -3.0572, 36.9115 ], [ -3.0719, 36.9193 ], [ -3.0697, 36.8996 ], [ -3.0433, 36.8791 ], [ -3.029, 36.8444 ], [ -3.0428, 36.8319 ], [ -3.074, 36.8247 ], [ -3.1402, 36.7878 ], [ -3.1287, 36.7509 ], [ -3.1441, 36.744 ], [ -3.1868, 36.7503 ], [ -3.2118, 36.7453 ], [ -3.25, 36.7543 ], [ -3.3049, 36.7382 ], [ -3.3373, 36.7387 ], [ -3.3648, 36.7144 ], [ -3.4033, 36.7072 ], [ -3.4199, 36.6939 ], [ -3.4688, 36.6936 ], [ -3.5259, 36.7241 ], [ -3.5294, 36.722 ], [ -3.5141, 36.7124 ], [ -3.5332, 36.722 ], [ -3.5509, 36.7146 ], [ -3.5792, 36.7232 ], [ -3.602, 36.7446 ] ] ], [ [ [ -3.3897, 36.7081 ], [ -3.3896, 36.7087 ], [ -3.3895, 36.7082 ], [ -3.3897, 36.7081 ] ] ] ] } },
{ "type": "Feature", "properties": { "prov": "Guadalajara", "ccaa": "Castilla-La Mancha" }, "geometry": { "type": "MultiPolygon", "coordinates": [ [ [ [ -3.1842, 40.2697 ], [ -3.1806, 40.3134 ], [ -3.1529, 40.3316 ], [ -3.1556, 40.3425 ], [ -3.1412, 40.3506 ], [ -3.1534, 40.3677 ], [ -3.1383, 40.3755 ], [ -3.1433, 40.3875 ], [ -3.1354, 40.3901 ], [ -3.1306, 40.4052 ], [ -3.1474, 40.4196 ], [ -3.1555, 40.4394 ], [ -3.1726, 40.4363 ], [ -3.1986, 40.4423 ], [ -3.2, 40.5144 ], [ -3.2229, 40.526 ], [ -3.2314, 40.5397 ], [ -3.2312, 40.5317 ], [ -3.2499, 40.5443 ], [ -3.2893, 40.5316 ], [ -3.2971, 40.5375 ], [ -3.2831, 40.551 ], [ -3.2884, 40.5586 ], [ -3.2841, 40.569 ], [ -3.3283, 40.5948 ], [ -3.3314, 40.6039 ], [ -3.3216, 40.6122 ], [ -3.3385, 40.6258 ], [ -3.3237, 40.6297 ], [ -3.3139, 40.6497 ], [ -3.3165, 40.6552 ], [ -3.3272, 40.6406 ], [ -3.3456, 40.6377 ], [ -3.3663, 40.648 ], [ -3.3623, 40.6537 ], [ -3.3729, 40.6777 ], [ -3.3934, 40.6925 ], [ -3.4002, 40.6914 ], [ -3.4047, 40.6696 ], [ -3.4256, 40.6824 ], [ -3.4267, 40.6724 ], [ -3.4417, 40.6742 ], [ -3.4563, 40.6879 ], [ -3.4685, 40.6899 ], [ -3.4349, 40.728 ], [ -3.4419, 40.7377 ], [ -3.4504, 40.7349 ], [ -3.4443, 40.7616 ], [ -3.4591, 40.7812 ], [ -3.5116, 40.7885 ], [ -3.5043, 40.7892 ], [ -3.5012, 40.7986 ], [ -3.4919, 40.7984 ], [ -3.4911, 40.8084 ], [ -3.4774, 40.8236 ], [ -3.4792, 40.8376 ], [ -3.4697, 40.8432 ], [ -3.4763, 40.8513 ], [ -3.4658, 40.8569 ], [ -3.4727, 40.8641 ], [ -3.4405, 40.8753 ], [ -3.4448, 40.8871 ], [ -3.4396, 40.8911 ], [ -3.4606, 40.8985 ], [ -3.4606, 40.9067 ], [ -3.4441, 40.9068 ], [ -3.4513, 40.9129 ], [ -3.4489, 40.9225 ], [ -3.4382, 40.9315 ], [ -3.436, 40.9461 ], [ -3.4162, 40.9758 ], [ -3.4183, 40.9876 ], [ -3.3945, 41.0003 ], [ -3.4312, 41.0417 ], [ -3.4389, 41.0427 ], [ -3.426, 41.0657 ], [ -3.4258, 41.0829 ], [ -3.4484, 41.0806 ], [ -3.4752, 41.0953 ], [ -3.4888, 41.0943 ], [ -3.4896, 41.1055 ], [ -3.5093, 41.1364 ], [ -3.5411, 41.1497 ], [ -3.5397, 41.165 ], [ -3.5172, 41.1629 ], [ -3.5003, 41.1786 ], [ -3.4665, 41.1834 ], [ -3.4437, 41.2151 ], [ -3.4015, 41.2136 ], [ -3.4064, 41.2339 ], [ -3.3985, 41.242 ], [ -3.3998, 41.2546 ], [ -3.4118, 41.2612 ], [ -3.4144, 41.2659 ], [ -3.4151, 41.2732 ], [ -3.4095, 41.2604 ], [ -3.3675, 41.2603 ], [ -3.3372, 41.2527 ], [ -3.3251, 41.2621 ], [ -3.2905, 41.2572 ], [ -3.2764, 41.2752 ], [ -3.2743, 41.2603 ], [ -3.2543, 41.2584 ], [ -3.2312, 41.2949 ], [ -3.1998, 41.3044 ], [ -3.062, 41.2733 ], [ -3.0187, 41.2891 ], [ -3.006, 41.2844 ], [ -2.9501, 41.2926 ], [ -2.9401, 41.306 ], [ -2.9412, 41.3139 ], [ -2.911, 41.3212 ], [ -2.9067, 41.3276 ], [ -2.8884, 41.3252 ], [ -2.8668, 41.3131 ], [ -2.873, 41.2985 ], [ -2.8641, 41.2874 ], [ -2.8669, 41.2745 ], [ -2.8222, 41.2566 ], [ -2.7755, 41.2501 ], [ -2.7763, 41.2581 ], [ -2.7609, 41.274 ], [ -2.7168, 41.2757 ], [ -2.7095, 41.252 ], [ -2.6703, 41.2372 ], [ -2.646, 41.2402 ], [ -2.6347, 41.2319 ], [ -2.6362, 41.2238 ], [ -2.6292, 41.2152 ], [ -2.6239, 41.2237 ], [ -2.617, 41.2194 ], [ -2.5895, 41.2245 ], [ -2.5937, 41.2002 ], [ -2.6031, 41.194 ], [ -2.62, 41.1954 ], [ -2.6221, 41.188 ], [ -2.6193, 41.1833 ], [ -2.6026, 41.1887 ], [ -2.5775, 41.1787 ], [ -2.5953, 41.1503 ], [ -2.5756, 41.1395 ], [ -2.5425, 41.1507 ], [ -2.5365, 41.1625 ], [ -2.5174, 41.1479 ], [ -2.5089, 41.1189 ], [ -2.4823, 41.1163 ], [ -2.4695, 41.0781 ], [ -2.4297, 41.0723 ], [ -2.4189, 41.0577 ], [ -2.3553, 41.0865 ], [ -2.3234, 41.0565 ], [ -2.2936, 41.0713 ], [ -2.284, 41.0651 ], [ -2.2635, 41.0675 ], [ -2.2321, 41.097 ], [ -2.1753, 41.0838 ], [ -2.1673, 41.0954 ], [ -2.1434, 41.1026 ], [ -2.1319, 41.1181 ], [ -2.1094, 41.0976 ], [ -2.0815, 41.0864 ], [ -2.0717, 41.0725 ], [ -2.0567, 41.0696 ], [ -2.0489, 41.0778 ], [ -2.0657, 41.0959 ], [ -2.0625, 41.1133 ], [ -2.051, 41.1254 ], [ -2.0476, 41.1527 ], [ -1.992, 41.16 ], [ -1.959, 41.1725 ], [ -1.9483, 41.1668 ], [ -1.9324, 41.1386 ], [ -1.8905, 41.133 ], [ -1.8697, 41.108 ], [ -1.8032, 41.09 ], [ -1.7578, 41.0551 ], [ -1.7594, 41.0482 ], [ -1.7471, 41.0339 ], [ -1.6174, 40.9437 ], [ -1.6079, 40.9276 ], [ -1.626, 40.8987 ], [ -1.6214, 40.8804 ], [ -1.5888, 40.845 ], [ -1.5705, 40.8301 ], [ -1.5593, 40.8308 ], [ -1.5423, 40.8112 ], [ -1.5399, 40.7607 ], [ -1.562, 40.7398 ], [ -1.5533, 40.7059 ], [ -1.5356, 40.687 ], [ -1.5403, 40.6813 ], [ -1.539, 40.6581 ], [ -1.5649, 40.6147 ], [ -1.5455, 40.5952 ], [ -1.5987, 40.5621 ], [ -1.6342, 40.5798 ], [ -1.6665, 40.582 ], [ -1.6781, 40.591 ], [ -1.6933, 40.5776 ], [ -1.6896, 40.5665 ], [ -1.7016, 40.5411 ], [ -1.6925, 40.4868 ], [ -1.7486, 40.4629 ], [ -1.7854, 40.4132 ], [ -1.7934, 40.4179 ], [ -1.8006, 40.4142 ], [ -1.8057, 40.398 ], [ -1.8367, 40.426 ], [ -1.8453, 40.4173 ], [ -1.8567, 40.4254 ], [ -1.8662, 40.4504 ], [ -1.8619, 40.4625 ], [ -1.8741, 40.471 ], [ -1.8888, 40.5041 ], [ -1.8815, 40.5175 ], [ -1.8998, 40.541 ], [ -1.9095, 40.5417 ], [ -1.9045, 40.5465 ], [ -1.9234, 40.5919 ], [ -1.9541, 40.6002 ], [ -1.9645, 40.6115 ], [ -1.9659, 40.592 ], [ -1.9855, 40.5854 ], [ -2.0358, 40.6016 ], [ -2.0575, 40.6241 ], [ -2.0836, 40.6347 ], [ -2.0912, 40.6464 ], [ -2.1569, 40.6587 ], [ -2.1692, 40.6302 ], [ -2.1898, 40.6303 ], [ -2.2138, 40.6192 ], [ -2.2257, 40.6194 ], [ -2.2746, 40.6448 ], [ -2.2942, 40.6247 ], [ -2.286, 40.5922 ], [ -2.2977, 40.5728 ], [ -2.3434, 40.5694 ], [ -2.3598, 40.5806 ], [ -2.354, 40.5895 ], [ -2.359, 40.5968 ], [ -2.3726, 40.6072 ], [ -2.3995, 40.6135 ], [ -2.4125, 40.6021 ], [ -2.4173, 40.5834 ], [ -2.3838, 40.5543 ], [ -2.38, 40.5436 ], [ -2.4118, 40.5256 ], [ -2.4267, 40.5407 ], [ -2.4486, 40.5245 ], [ -2.496, 40.5088 ], [ -2.5136, 40.5158 ], [ -2.5272, 40.5443 ], [ -2.5463, 40.519 ], [ -2.5287, 40.4984 ], [ -2.5445, 40.4746 ], [ -2.523, 40.467 ], [ -2.5045, 40.4486 ], [ -2.5155, 40.4243 ], [ -2.5425, 40.4254 ], [ -2.5466, 40.435 ], [ -2.5667, 40.4382 ], [ -2.5862, 40.4503 ], [ -2.5996, 40.4434 ], [ -2.6264, 40.4494 ], [ -2.6329, 40.4437 ], [ -2.6416, 40.4488 ], [ -2.6638, 40.4361 ], [ -2.6732, 40.4486 ], [ -2.6852, 40.4433 ], [ -2.6764, 40.4358 ], [ -2.685, 40.4277 ], [ -2.7006, 40.4302 ], [ -2.7034, 40.4254 ], [ -2.6808, 40.4027 ], [ -2.6851, 40.398 ], [ -2.6907, 40.3951 ], [ -2.7051, 40.416 ], [ -2.7174, 40.4198 ], [ -2.712, 40.4139 ], [ -2.716, 40.4079 ], [ -2.728, 40.4114 ], [ -2.7197, 40.4016 ], [ -2.7229, 40.3971 ], [ -2.76, 40.4123 ], [ -2.7699, 40.4214 ], [ -2.7601, 40.442 ], [ -2.7795, 40.4453 ], [ -2.79, 40.4317 ], [ -2.786, 40.4272 ], [ -2.7996, 40.4236 ], [ -2.7984, 40.4164 ], [ -2.8077, 40.4068 ], [ -2.8045, 40.3987 ], [ -2.8103, 40.3933 ], [ -2.8059, 40.391 ], [ -2.817, 40.364 ], [ -2.8026, 40.264 ], [ -2.8215, 40.2052 ], [ -2.8631, 40.2001 ], [ -2.8737, 40.1736 ], [ -2.9035, 40.1583 ], [ -2.9367, 40.1642 ], [ -3.0044, 40.2091 ], [ -3.0211, 40.1875 ], [ -3.0123, 40.174 ], [ -3.016, 40.1527 ], [ -3.0638, 40.1683 ], [ -3.0678, 40.1579 ], [ -3.0858, 40.1861 ], [ -3.0882, 40.2003 ], [ -3.0795, 40.2084 ], [ -3.0797, 40.2278 ], [ -3.0997, 40.2614 ], [ -3.096, 40.2691 ], [ -3.1015, 40.2781 ], [ -3.1127, 40.2855 ], [ -3.1537, 40.2637 ], [ -3.1734, 40.2342 ], [ -3.1944, 40.248 ], [ -3.1972, 40.2575 ], [ -3.1842, 40.2697 ] ] ], [ [ [ -3.3805, 40.6326 ], [ -3.3723, 40.6356 ], [ -3.374, 40.6402 ], [ -3.3636, 40.6384 ], [ -3.3717, 40.6258 ], [ -3.3805, 40.6326 ] ] ] ] } },
{ "type": "Feature", "properties": { "prov": "Gipuzkoa", "ccaa": "País Vasco/Euskadi" }, "geometry": { "type": "MultiPolygon", "coordinates": [ [ [ [ -2.1991, 42.9512 ], [ -2.2155, 42.9369 ], [ -2.2356, 42.9266 ], [ -2.2378, 42.896 ], [ -2.2507, 42.8955 ], [ -2.2903, 42.9022 ], [ -2.3023, 42.9258 ], [ -2.3376, 42.9353 ], [ -2.3549, 42.9497 ], [ -2.3772, 42.9481 ], [ -2.4072, 42.9597 ], [ -2.4527, 42.9561 ], [ -2.4774, 42.9662 ], [ -2.5012, 42.9595 ], [ -2.5347, 42.9733 ], [ -2.5449, 42.9505 ], [ -2.5511, 42.9589 ], [ -2.5806, 42.9638 ], [ -2.6027, 42.9822 ], [ -2.5928, 42.9875 ], [ -2.6006, 43.0011 ], [ -2.5961, 43.0088 ], [ -2.5817, 43.0079 ], [ -2.5493, 43.02 ], [ -2.5249, 43.0454 ], [ -2.5481, 43.0745 ], [ -2.5408, 43.0762 ], [ -2.5461, 43.0891 ], [ -2.5018, 43.095 ], [ -2.5013, 43.1187 ], [ -2.4962, 43.1234 ], [ -2.5035, 43.14 ], [ -2.5007, 43.1519 ], [ -2.5097, 43.1614 ], [ -2.4841, 43.1709 ], [ -2.4925, 43.1809 ], [ -2.4869, 43.2014 ], [ -2.5, 43.2143 ], [ -2.4941, 43.2257 ], [ -2.4733, 43.2218 ], [ -2.456, 43.2278 ], [ -2.4366, 43.2437 ], [ -2.439, 43.2518 ], [ -2.4181, 43.2676 ], [ -2.4251, 43.2799 ], [ -2.4401, 43.2882 ], [ -2.4286, 43.3089 ], [ -2.4108, 43.3242 ], [ -2.4094, 43.3229 ], [ -2.4079, 43.3225 ], [ -2.4077, 43.3238 ], [ -2.4077, 43.3226 ], [ -2.4073, 43.3224 ], [ -2.4066, 43.3232 ], [ -2.4024, 43.3217 ], [ -2.4002, 43.3222 ], [ -2.3803, 43.3132 ], [ -2.3836, 43.3068 ], [ -2.371, 43.3096 ], [ -2.3531, 43.2987 ], [ -2.3431, 43.3034 ], [ -2.2861, 43.295 ], [ -2.2462, 43.306 ], [ -2.2464, 43.3015 ], [ -2.2285, 43.311 ], [ -2.2063, 43.3044 ], [ -2.2009, 43.3116 ], [ -2.1965, 43.3056 ], [ -2.2015, 43.3067 ], [ -2.2016, 43.3011 ], [ -2.1896, 43.2924 ], [ -2.1743, 43.2885 ], [ -2.1496, 43.296 ], [ -2.132, 43.2935 ], [ -2.1333, 43.2907 ], [ -2.1305, 43.2875 ], [ -2.1324, 43.2918 ], [ -2.109, 43.3012 ], [ -2.0305, 43.321 ], [ -2.0084, 43.3242 ], [ -1.9909, 43.3159 ], [ -1.9866, 43.3201 ], [ -1.9918, 43.3265 ], [ -1.9802, 43.3238 ], [ -1.9814, 43.3268 ], [ -1.9804, 43.3287 ], [ -1.9723, 43.3287 ], [ -1.9731, 43.3358 ], [ -1.9624, 43.3381 ], [ -1.9238, 43.332 ], [ -1.9281, 43.3357 ], [ -1.8834, 43.3495 ], [ -1.865, 43.3724 ], [ -1.8032, 43.3882 ], [ -1.7911, 43.3959 ], [ -1.7879, 43.3862 ], [ -1.7969, 43.3825 ], [ -1.7877, 43.3797 ], [ -1.7903, 43.3702 ], [ -1.7799, 43.3631 ], [ -1.7871, 43.3512 ], [ -1.7719, 43.3423 ], [ -1.7573, 43.3437 ], [ -1.7521, 43.3328 ], [ -1.7375, 43.3303 ], [ -1.7417, 43.3165 ], [ -1.7294, 43.2938 ], [ -1.7832, 43.2868 ], [ -1.7939, 43.2765 ], [ -1.7952, 43.2463 ], [ -1.8191, 43.239 ], [ -1.8346, 43.2242 ], [ -1.85, 43.2285 ], [ -1.8611, 43.2122 ], [ -1.8678, 43.2306 ], [ -1.8809, 43.2288 ], [ -1.8807, 43.2206 ], [ -1.8739, 43.2203 ], [ -1.8807, 43.2183 ], [ -1.8747, 43.2122 ], [ -1.8817, 43.2121 ], [ -1.8819, 43.2068 ], [ -1.8872, 43.2146 ], [ -1.8902, 43.2073 ], [ -1.9033, 43.2113 ], [ -1.9082, 43.2168 ], [ -1.9034, 43.2189 ], [ -1.9142, 43.2252 ], [ -1.911, 43.2043 ], [ -1.922, 43.1867 ], [ -1.9159, 43.1647 ], [ -1.9207, 43.1506 ], [ -1.9051, 43.1443 ], [ -1.902, 43.1359 ], [ -1.9475, 43.0975 ], [ -1.9716, 43.0933 ], [ -1.9751, 43.0834 ], [ -2.0228, 43.0652 ], [ -2.0204, 43.0467 ], [ -2.0317, 43.0317 ], [ -2.0414, 43.0297 ], [ -2.0283, 42.9988 ], [ -2.0383, 42.981 ], [ -2.0953, 42.9723 ], [ -2.1035, 42.9485 ], [ -2.1289, 42.9395 ], [ -2.1562, 42.9422 ], [ -2.181, 42.9351 ], [ -2.1991, 42.9512 ] ] ], [ [ [ -2.2688, 43.3006 ], [ -2.269, 43.3005 ], [ -2.2692, 43.3007 ], [ -2.2688, 43.3006 ] ] ], [ [ [ -2.3575, 43.3044 ], [ -2.3577, 43.3045 ], [ -2.3575, 43.3045 ], [ -2.3575, 43.3044 ] ] ], [ [ [ -2.4007, 43.3225 ], [ -2.4009, 43.3222 ], [ -2.4009, 43.3225 ], [ -2.4007, 43.3225 ] ] ], [ [ [ -2.4073, 43.3234 ], [ -2.4075, 43.323 ], [ -2.4074, 43.3235 ], [ -2.4073, 43.3234 ] ] ], [ [ [ -2.4094, 43.3236 ], [ -2.4094, 43.3232 ], [ -2.4095, 43.3236 ], [ -2.4094, 43.3236 ] ] ], [ [ [ -2.4088, 43.3241 ], [ -2.4084, 43.3241 ], [ -2.4085, 43.3237 ], [ -2.4088, 43.3241 ] ] ], [ [ [ -2.15, 43.2962 ], [ -2.1509, 43.2974 ], [ -2.1497, 43.2962 ], [ -2.15, 43.2962 ] ] ], [ [ [ -1.9998, 43.3203 ], [ -2.0008, 43.322 ], [ -1.9972, 43.3221 ], [ -1.9998, 43.3203 ] ] ], [ [ [ -1.8095, 43.3886 ], [ -1.8098, 43.3886 ], [ -1.8096, 43.3887 ], [ -1.8095, 43.3886 ] ] ], [ [ [ -1.799, 43.392 ], [ -1.7992, 43.392 ], [ -1.7988, 43.3921 ], [ -1.799, 43.392 ] ] ] ] } },
{ "type": "Feature", "properties": { "prov": "Huelva", "ccaa": "Andalucía" }, "geometry": { "type": "Polygon", "coordinates": [ [ [ -6.9179, 37.1683 ], [ -6.8922, 37.1477 ], [ -6.8434, 37.1258 ], [ -6.8393, 37.122 ], [ -6.8321, 37.1079 ], [ -6.8513, 37.1281 ], [ -6.9351, 37.1608 ], [ -6.9505, 37.1773 ], [ -6.944, 37.1656 ], [ -6.9487, 37.164 ], [ -7.0174, 37.1984 ], [ -7.062, 37.2104 ], [ -7.0658, 37.2081 ], [ -7.0521, 37.2058 ], [ -7.0538, 37.2001 ], [ -7.1441, 37.2073 ], [ -7.2843, 37.1996 ], [ -7.331, 37.1866 ], [ -7.3275, 37.1807 ], [ -7.3402, 37.1802 ], [ -7.3673, 37.1628 ], [ -7.3798, 37.1619 ], [ -7.4078, 37.1825 ], [ -7.4139, 37.2266 ], [ -7.4335, 37.2497 ], [ -7.4217, 37.2738 ], [ -7.4422, 37.3113 ], [ -7.439, 37.3269 ], [ -7.4451, 37.3448 ], [ -7.4365, 37.3614 ], [ -7.4405, 37.391 ], [ -7.4627, 37.409 ], [ -7.4456, 37.4187 ], [ -7.4576, 37.4292 ], [ -7.4567, 37.4523 ], [ -7.4688, 37.4685 ], [ -7.4635, 37.4859 ], [ -7.4842, 37.4982 ], [ -7.4922, 37.5222 ], [ -7.5117, 37.5249 ], [ -7.5226, 37.5566 ], [ -7.5067, 37.5576 ], [ -7.5076, 37.567 ], [ -7.5159, 37.5694 ], [ -7.5012, 37.578 ], [ -7.4963, 37.5944 ], [ -7.5039, 37.6047 ], [ -7.4887, 37.6042 ], [ -7.4799, 37.6185 ], [ -7.4824, 37.6239 ], [ -7.4703, 37.6252 ], [ -7.4713, 37.6343 ], [ -7.4635, 37.6426 ], [ -7.4673, 37.6494 ], [ -7.4548, 37.6463 ], [ -7.4513, 37.6583 ], [ -7.4557, 37.6624 ], [ -7.4438, 37.6644 ], [ -7.4526, 37.6778 ], [ -7.444, 37.6875 ], [ -7.4478, 37.6976 ], [ -7.4394, 37.7004 ], [ -7.4307, 37.7221 ], [ -7.4286, 37.741 ], [ -7.4187, 37.7438 ], [ -7.4214, 37.7589 ], [ -7.4076, 37.7672 ], [ -7.3966, 37.7639 ], [ -7.3664, 37.7928 ], [ -7.3251, 37.8153 ], [ -7.2835, 37.869 ], [ -7.2822, 37.8977 ], [ -7.2736, 37.8991 ], [ -7.262, 37.9243 ], [ -7.2551, 37.9227 ], [ -7.2577, 37.9331 ], [ -7.2483, 37.9548 ], [ -7.2497, 37.9669 ], [ -7.2624, 37.9799 ], [ -7.2457, 37.9922 ], [ -7.2267, 37.9881 ], [ -7.2023, 38.0034 ], [ -7.187, 38.0027 ], [ -7.1735, 37.9928 ], [ -7.1207, 38.0046 ], [ -7.1291, 38.0107 ], [ -7.1284, 38.0296 ], [ -7.0987, 38.0439 ], [ -7.0828, 38.0337 ], [ -7.0672, 38.0336 ], [ -7.0632, 38.0192 ], [ -7.0468, 38.0143 ], [ -7.025, 38.0247 ], [ -7.002, 38.0224 ], [ -7.0021, 38.0447 ], [ -6.9898, 38.0556 ], [ -6.9878, 38.102 ], [ -6.9707, 38.1105 ], [ -6.965, 38.1319 ], [ -6.9578, 38.1376 ], [ -6.9589, 38.1504 ], [ -6.9522, 38.1528 ], [ -6.9684, 38.1593 ], [ -6.9691, 38.1663 ], [ -6.9316, 38.2082 ], [ -6.9233, 38.2006 ], [ -6.9025, 38.2018 ], [ -6.8484, 38.1772 ], [ -6.8224, 38.1738 ], [ -6.7951, 38.1785 ], [ -6.7995, 38.1438 ], [ -6.8158, 38.1201 ], [ -6.8078, 38.1111 ], [ -6.7701, 38.1121 ], [ -6.7736, 38.1047 ], [ -6.7649, 38.106 ], [ -6.7701, 38.0995 ], [ -6.7582, 38.0927 ], [ -6.732, 38.0901 ], [ -6.7352, 38.0939 ], [ -6.7294, 38.0995 ], [ -6.7198, 38.1006 ], [ -6.715, 38.0925 ], [ -6.6918, 38.0949 ], [ -6.6887, 38.1002 ], [ -6.6604, 38.0924 ], [ -6.653, 38.0965 ], [ -6.6493, 38.09 ], [ -6.6421, 38.0975 ], [ -6.6221, 38.097 ], [ -6.5805, 38.0528 ], [ -6.5872, 38.0268 ], [ -6.5836, 38.0213 ], [ -6.5457, 38.0281 ], [ -6.495, 38.0191 ], [ -6.4917, 38.0095 ], [ -6.4766, 38.0078 ], [ -6.4653, 38.0112 ], [ -6.4739, 38.0244 ], [ -6.4436, 38.047 ], [ -6.4524, 38.056 ], [ -6.4443, 38.0596 ], [ -6.3672, 38.0489 ], [ -6.3591, 38.0167 ], [ -6.347, 38.0028 ], [ -6.3293, 37.9983 ], [ -6.3034, 37.9782 ], [ -6.252, 37.9714 ], [ -6.2392, 37.9589 ], [ -6.2015, 37.9621 ], [ -6.196, 37.9487 ], [ -6.1802, 37.941 ], [ -6.1839, 37.9276 ], [ -6.17, 37.9098 ], [ -6.1637, 37.918 ], [ -6.1452, 37.9205 ], [ -6.138, 37.9089 ], [ -6.1252, 37.9051 ], [ -6.1643, 37.862 ], [ -6.159, 37.8541 ], [ -6.1422, 37.8557 ], [ -6.1217, 37.8166 ], [ -6.1271, 37.8115 ], [ -6.1264, 37.7972 ], [ -6.1382, 37.7955 ], [ -6.1339, 37.79 ], [ -6.134, 37.7878 ], [ -6.1524, 37.7949 ], [ -6.1674, 37.7928 ], [ -6.1847, 37.8097 ], [ -6.2024, 37.8055 ], [ -6.2155, 37.7915 ], [ -6.2048, 37.766 ], [ -6.2198, 37.7552 ], [ -6.2162, 37.7449 ], [ -6.2225, 37.7393 ], [ -6.2524, 37.7428 ], [ -6.2542, 37.7474 ], [ -6.2447, 37.7478 ], [ -6.2523, 37.7631 ], [ -6.2785, 37.7584 ], [ -6.311, 37.7649 ], [ -6.39, 37.7477 ], [ -6.45, 37.7189 ], [ -6.4751, 37.7251 ], [ -6.4837, 37.72 ], [ -6.4734, 37.7091 ], [ -6.4787, 37.7118 ], [ -6.4932, 37.6887 ], [ -6.5014, 37.6887 ], [ -6.5013, 37.668 ], [ -6.5254, 37.6642 ], [ -6.5361, 37.651 ], [ -6.5366, 37.6405 ], [ -6.5296, 37.6365 ], [ -6.5384, 37.6256 ], [ -6.5286, 37.6158 ], [ -6.515, 37.6253 ], [ -6.4849, 37.616 ], [ -6.4829, 37.6209 ], [ -6.4433, 37.6234 ], [ -6.3956, 37.6112 ], [ -6.3941, 37.604 ], [ -6.4023, 37.5986 ], [ -6.3934, 37.5856 ], [ -6.4028, 37.5801 ], [ -6.3935, 37.5568 ], [ -6.3665, 37.5356 ], [ -6.3673, 37.5178 ], [ -6.3565, 37.4962 ], [ -6.3388, 37.4852 ], [ -6.333, 37.4646 ], [ -6.3058, 37.4358 ], [ -6.3125, 37.4186 ], [ -6.3564, 37.412 ], [ -6.3621, 37.4015 ], [ -6.3545, 37.3945 ], [ -6.362, 37.3757 ], [ -6.3459, 37.3656 ], [ -6.3846, 37.3375 ], [ -6.344, 37.3131 ], [ -6.333, 37.2991 ], [ -6.3428, 37.2811 ], [ -6.3371, 37.2747 ], [ -6.3497, 37.2652 ], [ -6.3512, 37.2496 ], [ -6.3598, 37.2381 ], [ -6.3452, 37.2183 ], [ -6.3534, 37.1989 ], [ -6.3506, 37.1806 ], [ -6.3361, 37.1696 ], [ -6.3597, 37.1384 ], [ -6.3424, 37.123 ], [ -6.3601, 37.1173 ], [ -6.3563, 37.1106 ], [ -6.3782, 37.0959 ], [ -6.3864, 37.0763 ], [ -6.3539, 36.9885 ], [ -6.3638, 36.9458 ], [ -6.3789, 36.9347 ], [ -6.331, 36.8988 ], [ -6.3453, 36.8891 ], [ -6.3529, 36.8574 ], [ -6.3529, 36.8292 ], [ -6.3423, 36.8047 ], [ -6.3463, 36.7973 ], [ -6.3652, 36.7897 ], [ -6.3965, 36.8067 ], [ -6.4485, 36.9065 ], [ -6.5218, 36.9772 ], [ -6.7156, 37.0836 ], [ -6.8764, 37.1486 ], [ -6.9134, 37.1736 ], [ -6.9179, 37.1683 ] ] ] } },
{ "type": "Feature", "properties": { "prov": "Huesca", "ccaa": "Aragón" }, "geometry": { "type": "Polygon", "coordinates": [ [ [ -0.1564, 41.59 ], [ -0.2057, 41.6023 ], [ -0.2368, 41.5739 ], [ -0.2448, 41.5731 ], [ -0.3023, 41.6079 ], [ -0.3126, 41.6241 ], [ -0.3595, 41.6352 ], [ -0.3663, 41.6799 ], [ -0.3745, 41.6881 ], [ -0.4285, 41.7055 ], [ -0.4449, 41.7037 ], [ -0.4894, 41.7317 ], [ -0.5187, 41.7288 ], [ -0.504, 41.7462 ], [ -0.5007, 41.7613 ], [ -0.512, 41.7839 ], [ -0.5167, 41.8368 ], [ -0.5271, 41.8529 ], [ -0.543, 41.8582 ], [ -0.5552, 41.8713 ], [ -0.6033, 41.8828 ], [ -0.5955, 41.8996 ], [ -0.6306, 41.9129 ], [ -0.6578, 41.9575 ], [ -0.7244, 41.9608 ], [ -0.737, 41.9533 ], [ -0.7782, 41.9574 ], [ -0.8849, 42.0036 ], [ -0.8507, 42.0262 ], [ -0.8489, 42.042 ], [ -0.857, 42.051 ], [ -0.8103, 42.0939 ], [ -0.8051, 42.0964 ], [ -0.8051, 42.0735 ], [ -0.7935, 42.0541 ], [ -0.7763, 42.0555 ], [ -0.7637, 42.0662 ], [ -0.7666, 42.074 ], [ -0.7607, 42.0794 ], [ -0.7701, 42.0873 ], [ -0.7555, 42.09 ], [ -0.7626, 42.1019 ], [ -0.7545, 42.1076 ], [ -0.7581, 42.1152 ], [ -0.7532, 42.1238 ], [ -0.7609, 42.1299 ], [ -0.7521, 42.132 ], [ -0.7587, 42.147 ], [ -0.7474, 42.1559 ], [ -0.7598, 42.1702 ], [ -0.7516, 42.1729 ], [ -0.7599, 42.1787 ], [ -0.7505, 42.1994 ], [ -0.7615, 42.2145 ], [ -0.7594, 42.2636 ], [ -0.752, 42.2636 ], [ -0.7485, 42.2775 ], [ -0.7289, 42.2963 ], [ -0.7446, 42.3387 ], [ -0.7351, 42.3533 ], [ -0.7448, 42.3617 ], [ -0.7364, 42.3699 ], [ -0.7779, 42.3913 ], [ -0.781, 42.3767 ], [ -0.7719, 42.3627 ], [ -0.7718, 42.3467 ], [ -0.8065, 42.2705 ], [ -0.8131, 42.2645 ], [ -0.8439, 42.2828 ], [ -0.8579, 42.2747 ], [ -0.877, 42.2816 ], [ -0.8912, 42.263 ], [ -0.8865, 42.2446 ], [ -0.8905, 42.24 ], [ -0.9189, 42.2573 ], [ -0.889, 42.2867 ], [ -0.8921, 42.2969 ], [ -0.8796, 42.3189 ], [ -0.8557, 42.3399 ], [ -0.8428, 42.3663 ], [ -0.8442, 42.3846 ], [ -0.8217, 42.3846 ], [ -0.8153, 42.3952 ], [ -0.8354, 42.3955 ], [ -0.8421, 42.4074 ], [ -0.8785, 42.4185 ], [ -0.9044, 42.4348 ], [ -0.8963, 42.4438 ], [ -0.9064, 42.4498 ], [ -0.9038, 42.4532 ], [ -0.8963, 42.4604 ], [ -0.8819, 42.4571 ], [ -0.8777, 42.4616 ], [ -0.8796, 42.4697 ], [ -0.897, 42.4791 ], [ -0.8903, 42.4904 ], [ -0.893, 42.5099 ], [ -0.8999, 42.512 ], [ -0.9133, 42.5038 ], [ -0.9334, 42.5059 ], [ -0.9164, 42.5373 ], [ -0.8983, 42.539 ], [ -0.895, 42.5491 ], [ -0.8993, 42.56 ], [ -0.9186, 42.5553 ], [ -0.9216, 42.5712 ], [ -0.9342, 42.5726 ], [ -0.9248, 42.588 ], [ -0.9087, 42.5871 ], [ -0.9047, 42.599 ], [ -0.9147, 42.6023 ], [ -0.9047, 42.6129 ], [ -0.9276, 42.6562 ], [ -0.8931, 42.6623 ], [ -0.88, 42.6881 ], [ -0.8801, 42.694 ], [ -0.9015, 42.7019 ], [ -0.9225, 42.7008 ], [ -0.9044, 42.7122 ], [ -0.9068, 42.7266 ], [ -0.8969, 42.7357 ], [ -0.9005, 42.7605 ], [ -0.8733, 42.759 ], [ -0.8475, 42.7859 ], [ -0.86, 42.7986 ], [ -0.8514, 42.8076 ], [ -0.8568, 42.8471 ], [ -0.8478, 42.8475 ], [ -0.8294, 42.8666 ], [ -0.8186, 42.8687 ], [ -0.814, 42.888 ], [ -0.8197, 42.8885 ], [ -0.819, 42.901 ], [ -0.788, 42.9194 ], [ -0.7521, 42.9244 ], [ -0.7266, 42.919 ], [ -0.7365, 42.9131 ], [ -0.732, 42.8961 ], [ -0.6992, 42.8788 ], [ -0.6787, 42.8845 ], [ -0.6558, 42.8585 ], [ -0.636, 42.8533 ], [ -0.6196, 42.838 ], [ -0.6032, 42.8324 ], [ -0.5991, 42.8046 ], [ -0.5767, 42.8082 ], [ -0.5661, 42.8037 ], [ -0.5675, 42.7807 ], [ -0.5518, 42.7779 ], [ -0.5436, 42.7932 ], [ -0.5297, 42.7917 ], [ -0.5229, 42.7991 ], [ -0.5251, 42.8121 ], [ -0.5057, 42.8273 ], [ -0.4418, 42.7954 ], [ -0.4119, 42.8087 ], [ -0.3855, 42.8007 ], [ -0.3469, 42.8378 ], [ -0.3244, 42.8346 ], [ -0.3133, 42.8494 ], [ -0.3066, 42.8415 ], [ -0.2769, 42.8356 ], [ -0.2748, 42.8284 ], [ -0.2548, 42.8193 ], [ -0.2434, 42.8234 ], [ -0.2389, 42.8087 ], [ -0.2142, 42.7963 ], [ -0.1981, 42.7957 ], [ -0.1887, 42.7869 ], [ -0.1759, 42.7862 ], [ -0.1602, 42.798 ], [ -0.1469, 42.7758 ], [ -0.1498, 42.7693 ], [ -0.1385, 42.7669 ], [ -0.1228, 42.7516 ], [ -0.108, 42.7324 ], [ -0.1115, 42.726 ], [ -0.0684, 42.718 ], [ -0.0632, 42.6963 ], [ -0.0563, 42.6923 ], [ 0.0004, 42.6853 ], [ 0.0145, 42.6941 ], [ 0.0147, 42.7018 ], [ 0.0587, 42.6974 ], [ 0.0771, 42.7146 ], [ 0.1162, 42.7108 ], [ 0.1322, 42.7149 ], [ 0.1367, 42.7225 ], [ 0.1623, 42.7232 ], [ 0.1758, 42.7371 ], [ 0.2256, 42.7177 ], [ 0.26, 42.7163 ], [ 0.2688, 42.7 ], [ 0.2638, 42.6932 ], [ 0.2952, 42.6732 ], [ 0.3213, 42.6828 ], [ 0.3253, 42.7052 ], [ 0.3454, 42.7106 ], [ 0.3602, 42.7242 ], [ 0.3753, 42.7142 ], [ 0.3928, 42.7132 ], [ 0.3952, 42.6994 ], [ 0.4222, 42.6905 ], [ 0.4624, 42.6932 ], [ 0.4741, 42.7001 ], [ 0.5171, 42.6914 ], [ 0.5267, 42.7026 ], [ 0.5876, 42.6947 ], [ 0.5971, 42.7056 ], [ 0.6177, 42.6958 ], [ 0.6601, 42.6908 ], [ 0.6802, 42.6663 ], [ 0.6956, 42.6586 ], [ 0.7031, 42.6418 ], [ 0.6986, 42.6288 ], [ 0.7077, 42.6211 ], [ 0.7676, 42.6116 ], [ 0.7579, 42.5699 ], [ 0.7408, 42.5454 ], [ 0.7528, 42.5339 ], [ 0.7347, 42.5403 ], [ 0.7216, 42.5249 ], [ 0.7199, 42.5128 ], [ 0.7422, 42.5056 ], [ 0.7134, 42.4872 ], [ 0.7005, 42.4955 ], [ 0.6978, 42.4863 ], [ 0.6899, 42.4868 ], [ 0.709, 42.4592 ], [ 0.7101, 42.4364 ], [ 0.7355, 42.4148 ], [ 0.7345, 42.4079 ], [ 0.7259, 42.4052 ], [ 0.7382, 42.3996 ], [ 0.7461, 42.3848 ], [ 0.7233, 42.3656 ], [ 0.7713, 42.3506 ], [ 0.7404, 42.3369 ], [ 0.7437, 42.3263 ], [ 0.7646, 42.3225 ], [ 0.7448, 42.3012 ], [ 0.7362, 42.2524 ], [ 0.7146, 42.2243 ], [ 0.717, 42.2178 ], [ 0.7018, 42.1886 ], [ 0.6981, 42.1718 ], [ 0.7138, 42.1628 ], [ 0.6955, 42.1514 ], [ 0.6968, 42.1286 ], [ 0.7027, 42.1216 ], [ 0.6996, 42.1051 ], [ 0.6849, 42.0919 ], [ 0.6699, 42.0618 ], [ 0.672, 42.0472 ], [ 0.6569, 42.0401 ], [ 0.6518, 42.024 ], [ 0.6572, 42.0147 ], [ 0.6639, 42.0147 ], [ 0.6572, 42.0011 ], [ 0.6468, 41.9963 ], [ 0.6433, 41.9831 ], [ 0.6387, 41.9946 ], [ 0.624, 41.9918 ], [ 0.6055, 41.96 ], [ 0.5919, 41.9694 ], [ 0.5863, 41.9671 ], [ 0.5619, 41.9382 ], [ 0.5624, 41.9327 ], [ 0.6075, 41.9193 ], [ 0.5949, 41.918 ], [ 0.601, 41.9085 ], [ 0.5921, 41.8844 ], [ 0.6083, 41.8785 ], [ 0.6075, 41.8718 ], [ 0.5799, 41.8636 ], [ 0.5801, 41.8509 ], [ 0.5552, 41.853 ], [ 0.5436, 41.8204 ], [ 0.5155, 41.8224 ], [ 0.4832, 41.8015 ], [ 0.4686, 41.765 ], [ 0.3987, 41.7578 ], [ 0.3952, 41.7318 ], [ 0.3847, 41.7403 ], [ 0.3692, 41.7247 ], [ 0.3687, 41.7142 ], [ 0.3282, 41.6811 ], [ 0.3262, 41.6622 ], [ 0.3582, 41.632 ], [ 0.3458, 41.6219 ], [ 0.3496, 41.5995 ], [ 0.402, 41.5927 ], [ 0.4285, 41.6024 ], [ 0.4362, 41.5849 ], [ 0.4303, 41.5652 ], [ 0.4469, 41.5422 ], [ 0.3974, 41.4906 ], [ 0.3397, 41.4833 ], [ 0.343, 41.4629 ], [ 0.3554, 41.4525 ], [ 0.3418, 41.4138 ], [ 0.3358, 41.4075 ], [ 0.3089, 41.4188 ], [ 0.2406, 41.4284 ], [ 0.2191, 41.4036 ], [ 0.1992, 41.4033 ], [ 0.1826, 41.3944 ], [ 0.1637, 41.4065 ], [ 0.1574, 41.3977 ], [ 0.1246, 41.3835 ], [ 0.1182, 41.3632 ], [ 0.1063, 41.3508 ], [ 0.0934, 41.35 ], [ 0.0793, 41.3558 ], [ 0.0097, 41.3604 ], [ -0.003, 41.3879 ], [ -0.0234, 41.397 ], [ -0.0293, 41.3778 ], [ -0.0079, 41.3478 ], [ -0.0494, 41.3605 ], [ -0.0727, 41.3772 ], [ -0.0845, 41.4314 ], [ -0.105, 41.4855 ], [ -0.1337, 41.5213 ], [ -0.1567, 41.5353 ], [ -0.1575, 41.5684 ], [ -0.1674, 41.5811 ], [ -0.1564, 41.59 ] ] ] } },
{ "type": "Feature", "properties": { "prov": "Jaén", "ccaa": "Andalucía" }, "geometry": { "type": "Polygon", "coordinates": [ [ [ -4.0861, 37.4879 ], [ -4.06, 37.5058 ], [ -4.0981, 37.5115 ], [ -4.0991, 37.5307 ], [ -4.1092, 37.5332 ], [ -4.115, 37.5477 ], [ -4.1223, 37.5468 ], [ -4.121, 37.5543 ], [ -4.1454, 37.5633 ], [ -4.15, 37.5744 ], [ -4.161, 37.5752 ], [ -4.1613, 37.5879 ], [ -4.1705, 37.5885 ], [ -4.163, 37.5994 ], [ -4.1726, 37.6106 ], [ -4.1878, 37.6166 ], [ -4.2076, 37.6098 ], [ -4.2218, 37.622 ], [ -4.2184, 37.6276 ], [ -4.2279, 37.6398 ], [ -4.1644, 37.6815 ], [ -4.1831, 37.7065 ], [ -4.2382, 37.7195 ], [ -4.2294, 37.7554 ], [ -4.2071, 37.7702 ], [ -4.2068, 37.7789 ], [ -4.2756, 37.7925 ], [ -4.2876, 37.8005 ], [ -4.2748, 37.9028 ], [ -4.2624, 37.9151 ], [ -4.2581, 37.9393 ], [ -4.2643, 37.9734 ], [ -4.2844, 38.0038 ], [ -4.2823, 38.0228 ], [ -4.2594, 38.0224 ], [ -4.2685, 38.0405 ], [ -4.2505, 38.0392 ], [ -4.2409, 38.0461 ], [ -4.2399, 38.053 ], [ -4.2516, 38.0482 ], [ -4.2515, 38.0661 ], [ -4.2465, 38.0694 ], [ -4.2363, 38.0628 ], [ -4.2276, 38.0798 ], [ -4.2336, 38.0836 ], [ -4.221, 38.0831 ], [ -4.2277, 38.0914 ], [ -4.2132, 38.0905 ], [ -4.2212, 38.1035 ], [ -4.2183, 38.1105 ], [ -4.2023, 38.1089 ], [ -4.1946, 38.1281 ], [ -4.1746, 38.1317 ], [ -4.1609, 38.1452 ], [ -4.1683, 38.181 ], [ -4.2012, 38.2141 ], [ -4.196, 38.2378 ], [ -4.204, 38.2464 ], [ -4.2167, 38.247 ], [ -4.2082, 38.2665 ], [ -4.2148, 38.2696 ], [ -4.2102, 38.3015 ], [ -4.2281, 38.3012 ], [ -4.2268, 38.3083 ], [ -4.2385, 38.3151 ], [ -4.2334, 38.3266 ], [ -4.2383, 38.327 ], [ -4.2374, 38.3415 ], [ -4.2558, 38.3402 ], [ -4.2692, 38.3477 ], [ -4.2785, 38.3773 ], [ -4.2762, 38.3908 ], [ -4.2664, 38.3985 ], [ -4.2232, 38.3974 ], [ -4.1557, 38.3807 ], [ -4.1443, 38.3861 ], [ -4.1266, 38.3789 ], [ -4.0472, 38.3779 ], [ -4.0063, 38.3677 ], [ -3.9128, 38.3678 ], [ -3.8756, 38.3769 ], [ -3.855, 38.3749 ], [ -3.8306, 38.3938 ], [ -3.8286, 38.4143 ], [ -3.7856, 38.4253 ], [ -3.7649, 38.4244 ], [ -3.7391, 38.4138 ], [ -3.73, 38.4244 ], [ -3.6205, 38.394 ], [ -3.5982, 38.3985 ], [ -3.5858, 38.4056 ], [ -3.5831, 38.4515 ], [ -3.5674, 38.452 ], [ -3.5352, 38.4394 ], [ -3.5284, 38.4086 ], [ -3.471, 38.398 ], [ -3.4248, 38.4068 ], [ -3.4104, 38.4236 ], [ -3.3767, 38.4396 ], [ -3.3804, 38.4554 ], [ -3.375, 38.4752 ], [ -3.3265, 38.4821 ], [ -3.3053, 38.4793 ], [ -3.2794, 38.4602 ], [ -3.18, 38.4499 ], [ -3.1383, 38.4386 ], [ -3.065, 38.4782 ], [ -3.0026, 38.4079 ], [ -2.9919, 38.4287 ], [ -2.9936, 38.4495 ], [ -2.9755, 38.4552 ], [ -2.9627, 38.4712 ], [ -2.9045, 38.4697 ], [ -2.8801, 38.4524 ], [ -2.8838, 38.458 ], [ -2.8767, 38.4562 ], [ -2.8792, 38.4631 ], [ -2.8595, 38.4703 ], [ -2.861, 38.4755 ], [ -2.8502, 38.4749 ], [ -2.8546, 38.4788 ], [ -2.8478, 38.4818 ], [ -2.84, 38.4782 ], [ -2.8379, 38.4857 ], [ -2.8317, 38.4776 ], [ -2.8314, 38.4876 ], [ -2.8122, 38.4918 ], [ -2.8143, 38.4965 ], [ -2.8087, 38.4954 ], [ -2.8061, 38.5031 ], [ -2.7923, 38.5022 ], [ -2.7881, 38.5148 ], [ -2.7803, 38.509 ], [ -2.7811, 38.5152 ], [ -2.771, 38.5191 ], [ -2.7763, 38.5259 ], [ -2.7696, 38.5325 ], [ -2.7399, 38.5217 ], [ -2.7294, 38.5112 ], [ -2.6813, 38.4969 ], [ -2.6243, 38.5122 ], [ -2.5973, 38.5124 ], [ -2.5666, 38.4907 ], [ -2.5736, 38.488 ], [ -2.5774, 38.476 ], [ -2.5677, 38.461 ], [ -2.5695, 38.4412 ], [ -2.5774, 38.4346 ], [ -2.5725, 38.4146 ], [ -2.5502, 38.403 ], [ -2.5351, 38.4061 ], [ -2.4834, 38.3977 ], [ -2.4935, 38.3712 ], [ -2.4803, 38.3489 ], [ -2.4854, 38.3015 ], [ -2.4813, 38.2949 ], [ -2.4419, 38.2848 ], [ -2.4355, 38.2723 ], [ -2.4355, 38.2605 ], [ -2.4465, 38.2448 ], [ -2.4405, 38.2327 ], [ -2.4548, 38.2157 ], [ -2.4455, 38.2049 ], [ -2.4466, 38.185 ], [ -2.4649, 38.173 ], [ -2.4988, 38.1314 ], [ -2.5109, 38.1285 ], [ -2.5176, 38.1122 ], [ -2.5403, 38.0922 ], [ -2.6063, 38.0619 ], [ -2.5959, 38.0532 ], [ -2.5977, 38.0072 ], [ -2.6051, 37.9981 ], [ -2.6698, 37.9614 ], [ -2.6897, 37.9738 ], [ -2.7027, 37.9715 ], [ -2.7229, 37.9624 ], [ -2.7594, 37.924 ], [ -2.7674, 37.9193 ], [ -2.7732, 37.9259 ], [ -2.7846, 37.9176 ], [ -2.8062, 37.8809 ], [ -2.8196, 37.8761 ], [ -2.8197, 37.8529 ], [ -2.8289, 37.8372 ], [ -2.8732, 37.7915 ], [ -2.8803, 37.7599 ], [ -2.8901, 37.7615 ], [ -2.9038, 37.7512 ], [ -2.9071, 37.7292 ], [ -2.9007, 37.7232 ], [ -2.9015, 37.6893 ], [ -2.884, 37.6813 ], [ -2.9022, 37.6657 ], [ -2.9779, 37.634 ], [ -2.974, 37.6229 ], [ -2.9844, 37.6143 ], [ -2.9782, 37.6028 ], [ -3.051, 37.6184 ], [ -3.0579, 37.6066 ], [ -3.0882, 37.5955 ], [ -3.0997, 37.6055 ], [ -3.1322, 37.6141 ], [ -3.1726, 37.6433 ], [ -3.2159, 37.6443 ], [ -3.2328, 37.638 ], [ -3.2623, 37.6389 ], [ -3.261, 37.6335 ], [ -3.2963, 37.5881 ], [ -3.3573, 37.5764 ], [ -3.3788, 37.5642 ], [ -3.3993, 37.5641 ], [ -3.4369, 37.5739 ], [ -3.4612, 37.5984 ], [ -3.4801, 37.6013 ], [ -3.5065, 37.6173 ], [ -3.5368, 37.5967 ], [ -3.5365, 37.5803 ], [ -3.6276, 37.5285 ], [ -3.6844, 37.5176 ], [ -3.7301, 37.4875 ], [ -3.7762, 37.4765 ], [ -3.7758, 37.4883 ], [ -3.7856, 37.4909 ], [ -3.7925, 37.4825 ], [ -3.7866, 37.4783 ], [ -3.7917, 37.4662 ], [ -3.8087, 37.4593 ], [ -3.8024, 37.4528 ], [ -3.8265, 37.4135 ], [ -3.8254, 37.4024 ], [ -3.8435, 37.3853 ], [ -3.8716, 37.3883 ], [ -3.9123, 37.3784 ], [ -3.9509, 37.3783 ], [ -3.983, 37.388 ], [ -4.0187, 37.4195 ], [ -4.0481, 37.4682 ], [ -4.0729, 37.4733 ], [ -4.0861, 37.4879 ] ] ] } },
{ "type": "Feature", "properties": { "prov": "León", "ccaa": "Castilla y León" }, "geometry": { "type": "Polygon", "coordinates": [ [ [ -6.7688, 42.2563 ], [ -6.765, 42.2727 ], [ -6.7362, 42.3111 ], [ -6.7405, 42.3287 ], [ -6.734, 42.3591 ], [ -6.7578, 42.3676 ], [ -6.7665, 42.365 ], [ -6.7786, 42.381 ], [ -6.8208, 42.3856 ], [ -6.8423, 42.4036 ], [ -6.821, 42.4214 ], [ -6.8248, 42.4259 ], [ -6.8143, 42.4274 ], [ -6.8218, 42.4333 ], [ -6.8228, 42.4529 ], [ -6.8083, 42.4686 ], [ -6.8255, 42.4857 ], [ -6.8232, 42.4913 ], [ -6.837, 42.4955 ], [ -6.8492, 42.4867 ], [ -6.8606, 42.4891 ], [ -6.9165, 42.5084 ], [ -6.9322, 42.5205 ], [ -6.9601, 42.5178 ], [ -6.9785, 42.4933 ], [ -7.001, 42.5057 ], [ -7.0287, 42.4979 ], [ -7.0458, 42.5078 ], [ -7.0599, 42.5066 ], [ -7.0738, 42.5067 ], [ -7.0771, 42.508 ], [ -7.0594, 42.5306 ], [ -7.0617, 42.5373 ], [ -7.0708, 42.5377 ], [ -7.0639, 42.5486 ], [ -7.0695, 42.554 ], [ -7.0568, 42.5577 ], [ -7.0562, 42.5665 ], [ -7.0336, 42.5841 ], [ -7.0502, 42.5979 ], [ -7.0455, 42.6042 ], [ -7.047, 42.6327 ], [ -7.0178, 42.6452 ], [ -7.0044, 42.6429 ], [ -7.0215, 42.6519 ], [ -7.0126, 42.6578 ], [ -7.0155, 42.6646 ], [ -7.0452, 42.6948 ], [ -7.0277, 42.7114 ], [ -7.0199, 42.7103 ], [ -7.0109, 42.7237 ], [ -6.9902, 42.7266 ], [ -6.9837, 42.7187 ], [ -6.9729, 42.725 ], [ -6.9728, 42.7379 ], [ -6.9667, 42.7387 ], [ -6.9678, 42.7475 ], [ -6.9595, 42.755 ], [ -6.9469, 42.7415 ], [ -6.9356, 42.7409 ], [ -6.8962, 42.7651 ], [ -6.8908, 42.7773 ], [ -6.8674, 42.7872 ], [ -6.8673, 42.8035 ], [ -6.8403, 42.8234 ], [ -6.8713, 42.8738 ], [ -6.8337, 42.8821 ], [ -6.8403, 42.8782 ], [ -6.8346, 42.8733 ], [ -6.8157, 42.8698 ], [ -6.842, 42.9064 ], [ -6.8242, 42.9151 ], [ -6.7707, 42.8986 ], [ -6.7715, 42.8826 ], [ -6.7567, 42.8831 ], [ -6.7232, 42.9174 ], [ -6.6899, 42.9225 ], [ -6.6388, 42.9255 ], [ -6.6286, 42.9195 ], [ -6.6129, 42.9246 ], [ -6.6065, 42.9161 ], [ -6.5794, 42.9185 ], [ -6.5466, 42.9122 ], [ -6.5345, 42.9222 ], [ -6.5106, 42.9287 ], [ -6.4898, 42.9202 ], [ -6.4786, 42.9336 ], [ -6.4331, 42.9398 ], [ -6.4416, 42.9473 ], [ -6.4336, 42.9642 ], [ -6.473, 42.9678 ], [ -6.4781, 42.9912 ], [ -6.4464, 42.9822 ], [ -6.4371, 42.993 ], [ -6.4241, 42.9876 ], [ -6.4074, 42.9994 ], [ -6.4111, 43.0169 ], [ -6.3944, 43.0166 ], [ -6.3908, 43.0258 ], [ -6.397, 43.0383 ], [ -6.3735, 43.0411 ], [ -6.3591, 43.0596 ], [ -6.3332, 43.0465 ], [ -6.3265, 43.0313 ], [ -6.2952, 43.0269 ], [ -6.2852, 43.0364 ], [ -6.2637, 43.0161 ], [ -6.2268, 43.0089 ], [ -6.2298, 43.023 ], [ -6.2156, 43.0472 ], [ -6.1951, 43.0427 ], [ -6.1876, 43.0493 ], [ -6.1784, 43.0478 ], [ -6.1367, 43.021 ], [ -6.0969, 43.0306 ], [ -6.0898, 43.0382 ], [ -6.095, 43.0489 ], [ -6.0919, 43.0669 ], [ -6.0813, 43.0759 ], [ -6.0694, 43.0664 ], [ -6.0521, 43.0682 ], [ -6.0209, 43.0538 ], [ -5.9963, 43.0579 ], [ -5.9889, 43.0672 ], [ -5.9738, 43.0653 ], [ -5.9622, 43.0529 ], [ -5.9697, 43.0408 ], [ -5.9604, 43.0337 ], [ -5.9565, 43.0176 ], [ -5.9334, 43.0107 ], [ -5.9079, 42.9906 ], [ -5.8872, 42.9941 ], [ -5.8919, 42.9892 ], [ -5.8885, 42.9792 ], [ -5.8617, 42.9817 ], [ -5.843, 42.9643 ], [ -5.7683, 42.9685 ], [ -5.7603, 42.9727 ], [ -5.7662, 42.9863 ], [ -5.7483, 43.0173 ], [ -5.7354, 43.023 ], [ -5.7283, 43.0425 ], [ -5.6931, 43.0563 ], [ -5.6367, 43.035 ], [ -5.5748, 43.0321 ], [ -5.5698, 43.0221 ], [ -5.5402, 43.0184 ], [ -5.5063, 43.0286 ], [ -5.4938, 43.0212 ], [ -5.4785, 43.0549 ], [ -5.3905, 43.0493 ], [ -5.3831, 43.0872 ], [ -5.3691, 43.0946 ], [ -5.3437, 43.0939 ], [ -5.3385, 43.0909 ], [ -5.3414, 43.0838 ], [ -5.3269, 43.0796 ], [ -5.3115, 43.0842 ], [ -5.2821, 43.0774 ], [ -5.2685, 43.0876 ], [ -5.2166, 43.0845 ], [ -5.1478, 43.1151 ], [ -5.1407, 43.1029 ], [ -5.1017, 43.1018 ], [ -5.0957, 43.1077 ], [ -5.0993, 43.1158 ], [ -5.0915, 43.1323 ], [ -5.0939, 43.143 ], [ -5.0754, 43.1669 ], [ -5.0766, 43.179 ], [ -5.0595, 43.1743 ], [ -5.0409, 43.1847 ], [ -5.0215, 43.1835 ], [ -4.9976, 43.1703 ], [ -4.9964, 43.1853 ], [ -4.9803, 43.2003 ], [ -4.9706, 43.2017 ], [ -4.9426, 43.2249 ], [ -4.9206, 43.2265 ], [ -4.9074, 43.2382 ], [ -4.871, 43.228 ], [ -4.8613, 43.2184 ], [ -4.8608, 43.2053 ], [ -4.8396, 43.1897 ], [ -4.841, 43.1808 ], [ -4.8518, 43.1731 ], [ -4.8388, 43.1667 ], [ -4.8346, 43.1575 ], [ -4.8439, 43.146 ], [ -4.8427, 43.1333 ], [ -4.8514, 43.1259 ], [ -4.8363, 43.1157 ], [ -4.8334, 43.1021 ], [ -4.7669, 43.0747 ], [ -4.7661, 43.0553 ], [ -4.7437, 43.0555 ], [ -4.7341, 43.0477 ], [ -4.7433, 43.0268 ], [ -4.7386, 43.0186 ], [ -4.757, 43.0155 ], [ -4.7669, 43.0016 ], [ -4.7948, 42.9867 ], [ -4.7957, 42.9739 ], [ -4.8073, 42.9677 ], [ -4.8026, 42.9495 ], [ -4.8092, 42.9303 ], [ -4.8379, 42.9067 ], [ -4.8384, 42.8953 ], [ -4.8555, 42.8917 ], [ -4.8656, 42.8605 ], [ -4.8805, 42.8659 ], [ -4.8984, 42.8631 ], [ -4.9008, 42.8516 ], [ -4.8886, 42.8411 ], [ -4.9029, 42.81 ], [ -4.8959, 42.7852 ], [ -4.9091, 42.7794 ], [ -4.9206, 42.7575 ], [ -4.9356, 42.7565 ], [ -4.9364, 42.7445 ], [ -4.9185, 42.7342 ], [ -4.9159, 42.7206 ], [ -4.8906, 42.7233 ], [ -4.8838, 42.7126 ], [ -4.8717, 42.708 ], [ -4.8906, 42.6928 ], [ -4.9003, 42.6701 ], [ -4.8947, 42.6239 ], [ -4.9048, 42.6031 ], [ -4.9025, 42.578 ], [ -4.916, 42.5548 ], [ -4.9105, 42.5414 ], [ -4.888, 42.537 ], [ -4.8884, 42.4997 ], [ -4.9, 42.4507 ], [ -4.924, 42.4361 ], [ -4.9099, 42.4339 ], [ -4.905, 42.4246 ], [ -4.9148, 42.4144 ], [ -4.9143, 42.4012 ], [ -4.9034, 42.3857 ], [ -4.9333, 42.3848 ], [ -4.9463, 42.3815 ], [ -4.9448, 42.3765 ], [ -4.9645, 42.3797 ], [ -4.9726, 42.3744 ], [ -4.9835, 42.3425 ], [ -4.9797, 42.3379 ], [ -4.9425, 42.3465 ], [ -4.9424, 42.3275 ], [ -4.9534, 42.2972 ], [ -4.9735, 42.2887 ], [ -5.0384, 42.2971 ], [ -5.0416, 42.2676 ], [ -5.0548, 42.2575 ], [ -5.0682, 42.2612 ], [ -5.0622, 42.2779 ], [ -5.0751, 42.2789 ], [ -5.0779, 42.2916 ], [ -5.0862, 42.2922 ], [ -5.0938, 42.3093 ], [ -5.112, 42.3118 ], [ -5.1443, 42.2816 ], [ -5.1642, 42.2711 ], [ -5.1782, 42.2711 ], [ -5.1827, 42.2642 ], [ -5.1979, 42.2605 ], [ -5.2203, 42.2779 ], [ -5.2285, 42.2625 ], [ -5.2303, 42.2756 ], [ -5.2365, 42.2733 ], [ -5.254, 42.2398 ], [ -5.226, 42.2267 ], [ -5.2415, 42.2145 ], [ -5.2656, 42.2109 ], [ -5.2869, 42.2299 ], [ -5.3019, 42.2222 ], [ -5.3075, 42.1993 ], [ -5.3612, 42.2252 ], [ -5.3838, 42.2243 ], [ -5.3892, 42.2091 ], [ -5.3802, 42.1979 ], [ -5.3889, 42.1725 ], [ -5.3796, 42.1633 ], [ -5.3802, 42.1466 ], [ -5.3715, 42.1301 ], [ -5.3805, 42.1098 ], [ -5.3764, 42.0995 ], [ -5.3901, 42.0898 ], [ -5.3731, 42.0641 ], [ -5.3763, 42.0415 ], [ -5.4143, 42.03 ], [ -5.4248, 42.0356 ], [ -5.4387, 42.0315 ], [ -5.4809, 42.0524 ], [ -5.4771, 42.0565 ], [ -5.4985, 42.0837 ], [ -5.527, 42.1043 ], [ -5.5434, 42.0994 ], [ -5.5495, 42.0703 ], [ -5.5607, 42.056 ], [ -5.5777, 42.0654 ], [ -5.5866, 42.0509 ], [ -5.5835, 42.066 ], [ -5.5885, 42.0773 ], [ -5.635, 42.082 ], [ -5.6384, 42.0851 ], [ -5.6243, 42.0927 ], [ -5.6201, 42.1067 ], [ -5.6434, 42.131 ], [ -5.6659, 42.1369 ], [ -5.6676, 42.1421 ], [ -5.6872, 42.1379 ], [ -5.6768, 42.1203 ], [ -5.7429, 42.1133 ], [ -5.7521, 42.1214 ], [ -5.7552, 42.1366 ], [ -5.7767, 42.1358 ], [ -5.8053, 42.1246 ], [ -5.8065, 42.1306 ], [ -5.8381, 42.1188 ], [ -5.8449, 42.1107 ], [ -5.8693, 42.1222 ], [ -5.8848, 42.1385 ], [ -5.881, 42.1453 ], [ -5.8974, 42.1561 ], [ -5.9116, 42.1406 ], [ -5.9481, 42.1419 ], [ -5.9535, 42.1237 ], [ -5.9743, 42.1302 ], [ -5.9957, 42.1462 ], [ -6.0493, 42.1599 ], [ -6.1247, 42.1589 ], [ -6.1373, 42.1647 ], [ -6.1434, 42.1588 ], [ -6.1602, 42.1658 ], [ -6.2124, 42.1481 ], [ -6.2258, 42.162 ], [ -6.2541, 42.167 ], [ -6.252, 42.1731 ], [ -6.2937, 42.178 ], [ -6.3126, 42.2066 ], [ -6.3295, 42.1999 ], [ -6.3417, 42.2051 ], [ -6.3471, 42.2005 ], [ -6.3816, 42.2031 ], [ -6.4098, 42.1957 ], [ -6.4279, 42.2019 ], [ -6.4422, 42.1935 ], [ -6.4599, 42.1971 ], [ -6.4782, 42.1822 ], [ -6.4976, 42.182 ], [ -6.5083, 42.1843 ], [ -6.5077, 42.1954 ], [ -6.526, 42.2034 ], [ -6.5876, 42.208 ], [ -6.6133, 42.2032 ], [ -6.6386, 42.2173 ], [ -6.7038, 42.2094 ], [ -6.7197, 42.2134 ], [ -6.7252, 42.2234 ], [ -6.7333, 42.224 ], [ -6.7348, 42.2356 ], [ -6.7591, 42.2387 ], [ -6.7844, 42.2537 ], [ -6.7688, 42.2563 ] ], [ [ -5.3018, 42.2692 ], [ -5.3285, 42.2741 ], [ -5.3453, 42.2678 ], [ -5.3413, 42.2327 ], [ -5.3356, 42.2308 ], [ -5.3328, 42.2387 ], [ -5.3164, 42.2411 ], [ -5.3168, 42.2496 ], [ -5.3033, 42.252 ], [ -5.3018, 42.2692 ] ] ] } },
{ "type": "Feature", "properties": { "prov": "Lleida", "ccaa": "Cataluña/Catalunya" }, "geometry": { "type": "MultiPolygon", "coordinates": [ [ [ [ 0.7498, 41.3173 ], [ 0.6697, 41.3098 ], [ 0.6283, 41.2909 ], [ 0.6049, 41.2916 ], [ 0.5971, 41.2934 ], [ 0.5809, 41.3199 ], [ 0.5545, 41.3266 ], [ 0.5455, 41.3227 ], [ 0.5435, 41.3108 ], [ 0.5262, 41.2902 ], [ 0.5031, 41.2898 ], [ 0.4802, 41.3234 ], [ 0.4616, 41.3351 ], [ 0.4346, 41.3203 ], [ 0.4324, 41.2759 ], [ 0.3857, 41.2785 ], [ 0.3667, 41.3008 ], [ 0.3678, 41.3194 ], [ 0.3485, 41.3281 ], [ 0.3598, 41.3413 ], [ 0.3676, 41.3413 ], [ 0.3729, 41.3535 ], [ 0.3583, 41.372 ], [ 0.32, 41.3942 ], [ 0.3418, 41.4138 ], [ 0.3552, 41.4511 ], [ 0.343, 41.4629 ], [ 0.3397, 41.4833 ], [ 0.3974, 41.4906 ], [ 0.4469, 41.5422 ], [ 0.4303, 41.5652 ], [ 0.4362, 41.5849 ], [ 0.4285, 41.6024 ], [ 0.402, 41.5927 ], [ 0.3496, 41.5995 ], [ 0.3458, 41.6219 ], [ 0.3582, 41.632 ], [ 0.3262, 41.6622 ], [ 0.3282, 41.6811 ], [ 0.3687, 41.7142 ], [ 0.3692, 41.7247 ], [ 0.3847, 41.7403 ], [ 0.3952, 41.7318 ], [ 0.3987, 41.7578 ], [ 0.4686, 41.765 ], [ 0.4832, 41.8015 ], [ 0.5155, 41.8224 ], [ 0.5436, 41.8204 ], [ 0.5552, 41.853 ], [ 0.5801, 41.8509 ], [ 0.5799, 41.8636 ], [ 0.6075, 41.8718 ], [ 0.6083, 41.8785 ], [ 0.5921, 41.8844 ], [ 0.601, 41.9085 ], [ 0.5949, 41.918 ], [ 0.6075, 41.9193 ], [ 0.5624, 41.9327 ], [ 0.5619, 41.9382 ], [ 0.5863, 41.9671 ], [ 0.5919, 41.9694 ], [ 0.6055, 41.96 ], [ 0.6168, 41.9872 ], [ 0.6387, 41.9946 ], [ 0.6421, 41.9822 ], [ 0.6468, 41.9963 ], [ 0.6582, 42.0026 ], [ 0.6638, 42.0151 ], [ 0.6571, 42.0148 ], [ 0.6518, 42.0262 ], [ 0.6569, 42.0401 ], [ 0.672, 42.0472 ], [ 0.6699, 42.0618 ], [ 0.6849, 42.0919 ], [ 0.6996, 42.1051 ], [ 0.7027, 42.1216 ], [ 0.6968, 42.1286 ], [ 0.6955, 42.1514 ], [ 0.7138, 42.1628 ], [ 0.6981, 42.1718 ], [ 0.702, 42.1891 ], [ 0.717, 42.2178 ], [ 0.7146, 42.2243 ], [ 0.7362, 42.2524 ], [ 0.7448, 42.3012 ], [ 0.7646, 42.3225 ], [ 0.7437, 42.3263 ], [ 0.7404, 42.3369 ], [ 0.7713, 42.3506 ], [ 0.7233, 42.3656 ], [ 0.7461, 42.3848 ], [ 0.7382, 42.3996 ], [ 0.7259, 42.4052 ], [ 0.7345, 42.4079 ], [ 0.7355, 42.4148 ], [ 0.7101, 42.4364 ], [ 0.709, 42.4592 ], [ 0.6899, 42.4837 ], [ 0.6978, 42.4863 ], [ 0.699, 42.495 ], [ 0.7134, 42.4872 ], [ 0.7422, 42.5056 ], [ 0.7199, 42.5128 ], [ 0.7216, 42.5249 ], [ 0.7347, 42.5403 ], [ 0.7528, 42.5339 ], [ 0.7408, 42.5454 ], [ 0.7579, 42.5699 ], [ 0.7676, 42.6116 ], [ 0.7383, 42.6123 ], [ 0.704, 42.6235 ], [ 0.6956, 42.6586 ], [ 0.6601, 42.6878 ], [ 0.6767, 42.6908 ], [ 0.6739, 42.699 ], [ 0.6827, 42.7089 ], [ 0.6738, 42.7169 ], [ 0.6802, 42.7233 ], [ 0.6705, 42.7309 ], [ 0.6637, 42.7495 ], [ 0.6598, 42.7522 ], [ 0.6473, 42.7514 ], [ 0.6393, 42.7549 ], [ 0.6672, 42.7751 ], [ 0.6448, 42.783 ], [ 0.6708, 42.8045 ], [ 0.6649, 42.8137 ], [ 0.6701, 42.8243 ], [ 0.6594, 42.8388 ], [ 0.6785, 42.8476 ], [ 0.678, 42.8552 ], [ 0.7091, 42.8614 ], [ 0.7771, 42.8362 ], [ 0.8015, 42.8406 ], [ 0.8332, 42.8284 ], [ 0.8555, 42.8269 ], [ 0.9263, 42.7894 ], [ 0.9601, 42.8059 ], [ 0.984, 42.7867 ], [ 1.0052, 42.7909 ], [ 1.0479, 42.781 ], [ 1.0734, 42.7826 ], [ 1.0789, 42.7883 ], [ 1.1282, 42.7556 ], [ 1.1334, 42.7281 ], [ 1.1705, 42.7079 ], [ 1.2292, 42.7278 ], [ 1.2472, 42.7226 ], [ 1.2531, 42.7145 ], [ 1.3093, 42.7176 ], [ 1.3323, 42.7248 ], [ 1.338, 42.7185 ], [ 1.3574, 42.7197 ], [ 1.3512, 42.7026 ], [ 1.3873, 42.6892 ], [ 1.3875, 42.6686 ], [ 1.4137, 42.6556 ], [ 1.4204, 42.6249 ], [ 1.443, 42.6028 ], [ 1.4265, 42.5828 ], [ 1.4449, 42.568 ], [ 1.4241, 42.5569 ], [ 1.4136, 42.5354 ], [ 1.4388, 42.5435 ], [ 1.4505, 42.5399 ], [ 1.4684, 42.51 ], [ 1.4433, 42.4952 ], [ 1.4256, 42.4932 ], [ 1.4191, 42.4839 ], [ 1.4412, 42.4754 ], [ 1.4406, 42.4636 ], [ 1.4475, 42.4601 ], [ 1.4412, 42.4555 ], [ 1.4468, 42.4438 ], [ 1.4426, 42.4447 ], [ 1.4552, 42.4361 ], [ 1.5172, 42.4287 ], [ 1.552, 42.4326 ], [ 1.5611, 42.4586 ], [ 1.5792, 42.4497 ], [ 1.5974, 42.4663 ], [ 1.6314, 42.463 ], [ 1.6359, 42.468 ], [ 1.657, 42.4682 ], [ 1.67, 42.5042 ], [ 1.6795, 42.4947 ], [ 1.7036, 42.4898 ], [ 1.7257, 42.5047 ], [ 1.7304, 42.4928 ], [ 1.7245, 42.4844 ], [ 1.733, 42.4736 ], [ 1.7263, 42.4615 ], [ 1.7318, 42.4401 ], [ 1.7693, 42.4281 ], [ 1.7947, 42.4305 ], [ 1.8012, 42.4249 ], [ 1.8112, 42.4108 ], [ 1.8054, 42.4076 ], [ 1.8085, 42.3935 ], [ 1.8005, 42.3775 ], [ 1.8062, 42.3704 ], [ 1.83, 42.3814 ], [ 1.8551, 42.3696 ], [ 1.8453, 42.3551 ], [ 1.8347, 42.3551 ], [ 1.8394, 42.3391 ], [ 1.8336, 42.3273 ], [ 1.8425, 42.3063 ], [ 1.8266, 42.2994 ], [ 1.8047, 42.302 ], [ 1.7781, 42.2905 ], [ 1.7409, 42.2909 ], [ 1.7341, 42.2839 ], [ 1.7156, 42.2878 ], [ 1.6712, 42.2835 ], [ 1.6901, 42.2771 ], [ 1.6951, 42.2638 ], [ 1.6846, 42.2564 ], [ 1.7046, 42.2388 ], [ 1.6999, 42.2302 ], [ 1.6804, 42.2244 ], [ 1.6853, 42.2215 ], [ 1.6804, 42.2062 ], [ 1.7072, 42.1899 ], [ 1.7216, 42.1961 ], [ 1.738, 42.1894 ], [ 1.7383, 42.1634 ], [ 1.724, 42.1526 ], [ 1.7138, 42.1547 ], [ 1.6985, 42.1346 ], [ 1.7123, 42.119 ], [ 1.7044, 42.106 ], [ 1.7229, 42.1001 ], [ 1.7221, 42.0913 ], [ 1.7076, 42.0824 ], [ 1.6912, 42.0868 ], [ 1.6911, 42.0754 ], [ 1.6746, 42.0586 ], [ 1.6721, 42.0408 ], [ 1.6795, 42.0382 ], [ 1.6828, 42.0484 ], [ 1.6927, 42.0456 ], [ 1.6997, 42.0289 ], [ 1.67, 42.0157 ], [ 1.6663, 42.003 ], [ 1.661, 42.0061 ], [ 1.6644, 42.0216 ], [ 1.6584, 42.0219 ], [ 1.6471, 41.9998 ], [ 1.652, 41.992 ], [ 1.6577, 42.0029 ], [ 1.6622, 41.9911 ], [ 1.6848, 41.9951 ], [ 1.6974, 41.9857 ], [ 1.6988, 41.9935 ], [ 1.6901, 42.0051 ], [ 1.6987, 42.0138 ], [ 1.7073, 42.0016 ], [ 1.7174, 42.0 ], [ 1.7124, 41.9925 ], [ 1.7193, 41.985 ], [ 1.6824, 41.9677 ], [ 1.6678, 41.9703 ], [ 1.6743, 41.9827 ], [ 1.6488, 41.9797 ], [ 1.6441, 41.9639 ], [ 1.6502, 41.9449 ], [ 1.6424, 41.9405 ], [ 1.6512, 41.9267 ], [ 1.6375, 41.9268 ], [ 1.6155, 41.9059 ], [ 1.5999, 41.9043 ], [ 1.586, 41.8883 ], [ 1.576, 41.891 ], [ 1.5685, 41.8798 ], [ 1.5831, 41.8735 ], [ 1.6013, 41.8843 ], [ 1.619, 41.8816 ], [ 1.6303, 41.8588 ], [ 1.6265, 41.8486 ], [ 1.6315, 41.8447 ], [ 1.61, 41.8361 ], [ 1.6154, 41.8303 ], [ 1.6115, 41.8178 ], [ 1.5933, 41.812 ], [ 1.5888, 41.8047 ], [ 1.5998, 41.789 ], [ 1.5936, 41.7779 ], [ 1.5813, 41.7754 ], [ 1.5726, 41.7822 ], [ 1.5611, 41.7772 ], [ 1.5617, 41.77 ], [ 1.5483, 41.7704 ], [ 1.5448, 41.7574 ], [ 1.5307, 41.7526 ], [ 1.5327, 41.7638 ], [ 1.5109, 41.7708 ], [ 1.5011, 41.7896 ], [ 1.4828, 41.7911 ], [ 1.4881, 41.7787 ], [ 1.4842, 41.7718 ], [ 1.4689, 41.7708 ], [ 1.4609, 41.7765 ], [ 1.4731, 41.7826 ], [ 1.4713, 41.8006 ], [ 1.4272, 41.802 ], [ 1.4166, 41.7949 ], [ 1.4214, 41.7936 ], [ 1.4029, 41.7456 ], [ 1.4245, 41.7327 ], [ 1.3819, 41.7068 ], [ 1.4002, 41.7043 ], [ 1.3958, 41.6957 ], [ 1.4039, 41.6945 ], [ 1.4042, 41.6862 ], [ 1.4233, 41.6841 ], [ 1.4155, 41.6747 ], [ 1.433, 41.6515 ], [ 1.4507, 41.6464 ], [ 1.4508, 41.6399 ], [ 1.4306, 41.6298 ], [ 1.3915, 41.6343 ], [ 1.3604, 41.6136 ], [ 1.3936, 41.5997 ], [ 1.4073, 41.6003 ], [ 1.4078, 41.5907 ], [ 1.3923, 41.5788 ], [ 1.4032, 41.5579 ], [ 1.3844, 41.5559 ], [ 1.3717, 41.5653 ], [ 1.3042, 41.5715 ], [ 1.294, 41.5664 ], [ 1.2709, 41.5721 ], [ 1.2197, 41.5697 ], [ 1.2108, 41.5487 ], [ 1.168, 41.5403 ], [ 1.1762, 41.5338 ], [ 1.1639, 41.5345 ], [ 1.1739, 41.5313 ], [ 1.1636, 41.5132 ], [ 1.1757, 41.5012 ], [ 1.1782, 41.4874 ], [ 1.1081, 41.4672 ], [ 1.1046, 41.4753 ], [ 1.0855, 41.4783 ], [ 1.0395, 41.5014 ], [ 1.0485, 41.4875 ], [ 1.0375, 41.48 ], [ 1.0749, 41.4584 ], [ 1.0464, 41.4407 ], [ 1.0277, 41.4093 ], [ 1.0025, 41.4042 ], [ 0.992, 41.389 ], [ 0.982, 41.3917 ], [ 0.9726, 41.3733 ], [ 0.9621, 41.3675 ], [ 0.9644, 41.3553 ], [ 0.8633, 41.3381 ], [ 0.8401, 41.3618 ], [ 0.8291, 41.3573 ], [ 0.8257, 41.3401 ], [ 0.8153, 41.3269 ], [ 0.7627, 41.3346 ], [ 0.7498, 41.3173 ] ], [ [ 1.6454, 42.1113 ], [ 1.6788, 42.1033 ], [ 1.6955, 42.1082 ], [ 1.6817, 42.1143 ], [ 1.6454, 42.1113 ] ], [ [ 1.6892, 42.1019 ], [ 1.689, 42.102 ], [ 1.6889, 42.1019 ], [ 1.6892, 42.1019 ] ] ], [ [ [ 1.7068, 41.8897 ], [ 1.7117, 41.8894 ], [ 1.7089, 41.8971 ], [ 1.7249, 41.893 ], [ 1.7188, 41.8824 ], [ 1.7068, 41.8897 ] ] ] ] } },
{ "type": "Feature", "properties": { "prov": "La Rioja", "ccaa": "La Rioja" }, "geometry": { "type": "Polygon", "coordinates": [ [ [ -2.8838, 42.0095 ], [ -2.9136, 42.0229 ], [ -2.9312, 42.0868 ], [ -3.0344, 42.086 ], [ -3.059, 42.127 ], [ -3.0737, 42.1358 ], [ -3.0857, 42.1342 ], [ -3.0966, 42.1695 ], [ -3.1134, 42.1763 ], [ -3.1153, 42.1883 ], [ -3.1294, 42.1985 ], [ -3.1038, 42.2137 ], [ -3.1021, 42.2334 ], [ -3.0886, 42.2457 ], [ -3.0977, 42.2631 ], [ -3.0896, 42.273 ], [ -3.1067, 42.3126 ], [ -3.0959, 42.3269 ], [ -3.1107, 42.3386 ], [ -3.1097, 42.3514 ], [ -3.0635, 42.3567 ], [ -3.0848, 42.3854 ], [ -3.1053, 42.3864 ], [ -3.0957, 42.4052 ], [ -3.1013, 42.4168 ], [ -3.0904, 42.4224 ], [ -3.0782, 42.4158 ], [ -3.0815, 42.3952 ], [ -3.0644, 42.3733 ], [ -3.0531, 42.3734 ], [ -3.064, 42.4043 ], [ -3.0574, 42.4172 ], [ -3.0633, 42.4249 ], [ -3.046, 42.4452 ], [ -3.0642, 42.4709 ], [ -3.0904, 42.4779 ], [ -3.0947, 42.4881 ], [ -3.0793, 42.4991 ], [ -3.0719, 42.5281 ], [ -3.0893, 42.5383 ], [ -3.1075, 42.5288 ], [ -3.1253, 42.5331 ], [ -3.1343, 42.5421 ], [ -3.1037, 42.5531 ], [ -3.0824, 42.574 ], [ -3.0862, 42.5822 ], [ -3.0598, 42.5892 ], [ -3.0705, 42.6214 ], [ -3.0864, 42.6277 ], [ -3.0811, 42.6313 ], [ -3.0842, 42.6407 ], [ -3.0408, 42.6401 ], [ -3.018, 42.6322 ], [ -3.0048, 42.6443 ], [ -2.9806, 42.6352 ], [ -2.9704, 42.6411 ], [ -2.9465, 42.6393 ], [ -2.916, 42.6195 ], [ -2.8946, 42.6277 ], [ -2.894, 42.6213 ], [ -2.8821, 42.6207 ], [ -2.8763, 42.631 ], [ -2.8556, 42.6378 ], [ -2.8427, 42.6294 ], [ -2.8481, 42.6171 ], [ -2.8418, 42.6086 ], [ -2.8188, 42.6127 ], [ -2.8236, 42.6015 ], [ -2.8179, 42.5989 ], [ -2.8198, 42.5915 ], [ -2.8408, 42.581 ], [ -2.8228, 42.5542 ], [ -2.8148, 42.5693 ], [ -2.8037, 42.5645 ], [ -2.7993, 42.573 ], [ -2.7777, 42.5822 ], [ -2.7736, 42.607 ], [ -2.7639, 42.6224 ], [ -2.7407, 42.6224 ], [ -2.7106, 42.6011 ], [ -2.6806, 42.5942 ], [ -2.6915, 42.5418 ], [ -2.7057, 42.5167 ], [ -2.6768, 42.5263 ], [ -2.6778, 42.5096 ], [ -2.656, 42.5034 ], [ -2.6478, 42.4834 ], [ -2.629, 42.4957 ], [ -2.6097, 42.4962 ], [ -2.6054, 42.5035 ], [ -2.5922, 42.4919 ], [ -2.6022, 42.4819 ], [ -2.5965, 42.4728 ], [ -2.5866, 42.4746 ], [ -2.5923, 42.4819 ], [ -2.5776, 42.483 ], [ -2.5684, 42.4941 ], [ -2.554, 42.4839 ], [ -2.5306, 42.4836 ], [ -2.5375, 42.4951 ], [ -2.5106, 42.5199 ], [ -2.5053, 42.512 ], [ -2.5186, 42.4979 ], [ -2.5146, 42.4902 ], [ -2.4774, 42.4866 ], [ -2.4488, 42.4969 ], [ -2.4385, 42.4891 ], [ -2.4157, 42.4905 ], [ -2.4, 42.4714 ], [ -2.3766, 42.4728 ], [ -2.3636, 42.4616 ], [ -2.3526, 42.4656 ], [ -2.3468, 42.4518 ], [ -2.3318, 42.454 ], [ -2.3365, 42.4646 ], [ -2.33, 42.4688 ], [ -2.2987, 42.4574 ], [ -2.2932, 42.46 ], [ -2.2969, 42.4681 ], [ -2.288, 42.4674 ], [ -2.2764, 42.4467 ], [ -2.2626, 42.4495 ], [ -2.241, 42.4418 ], [ -2.235, 42.4261 ], [ -2.2121, 42.4214 ], [ -2.2165, 42.416 ], [ -2.1861, 42.4188 ], [ -2.175, 42.4078 ], [ -2.1598, 42.4094 ], [ -2.1518, 42.4186 ], [ -2.1123, 42.4201 ], [ -2.1051, 42.4159 ], [ -2.1155, 42.3991 ], [ -2.0891, 42.385 ], [ -2.0928, 42.3758 ], [ -2.0786, 42.3681 ], [ -2.0897, 42.3567 ], [ -2.09, 42.347 ], [ -2.07, 42.3425 ], [ -2.016, 42.3693 ], [ -2.0061, 42.3608 ], [ -1.9955, 42.3636 ], [ -1.9786, 42.3499 ], [ -1.9696, 42.3525 ], [ -1.9645, 42.3338 ], [ -1.9423, 42.3352 ], [ -1.9315, 42.3222 ], [ -1.9185, 42.327 ], [ -1.919, 42.3161 ], [ -1.9071, 42.3085 ], [ -1.9138, 42.3001 ], [ -1.8844, 42.2878 ], [ -1.8707, 42.289 ], [ -1.8662, 42.2754 ], [ -1.8762, 42.259 ], [ -1.8723, 42.2527 ], [ -1.8558, 42.2497 ], [ -1.8498, 42.2593 ], [ -1.8297, 42.2441 ], [ -1.8192, 42.2486 ], [ -1.8206, 42.2339 ], [ -1.8152, 42.2281 ], [ -1.7803, 42.2242 ], [ -1.7727, 42.2144 ], [ -1.7664, 42.2212 ], [ -1.7412, 42.212 ], [ -1.7097, 42.21 ], [ -1.7038, 42.1915 ], [ -1.6787, 42.1895 ], [ -1.7009, 42.1731 ], [ -1.6938, 42.1584 ], [ -1.6797, 42.1517 ], [ -1.7199, 42.1334 ], [ -1.7397, 42.1497 ], [ -1.7647, 42.1504 ], [ -1.779, 42.1377 ], [ -1.8216, 42.1536 ], [ -1.8324, 42.1482 ], [ -1.8403, 42.1281 ], [ -1.892, 42.086 ], [ -1.9092, 42.0591 ], [ -1.9033, 42.0545 ], [ -1.9016, 42.0297 ], [ -1.8829, 42.0263 ], [ -1.8552, 42.0026 ], [ -1.8472, 42.008 ], [ -1.8513, 41.9981 ], [ -1.844, 41.9873 ], [ -1.8652, 41.9776 ], [ -1.8565, 41.9664 ], [ -1.8776, 41.9524 ], [ -1.9067, 41.9456 ], [ -1.9152, 41.9323 ], [ -1.9549, 41.9274 ], [ -1.9613, 41.9203 ], [ -1.9841, 41.9201 ], [ -2.0013, 41.9385 ], [ -2.0283, 41.9534 ], [ -2.0364, 41.9394 ], [ -2.0466, 41.9509 ], [ -2.0762, 41.9509 ], [ -2.1144, 41.9611 ], [ -2.1241, 41.9953 ], [ -2.1076, 42.0028 ], [ -2.117, 42.0215 ], [ -2.1548, 42.047 ], [ -2.1619, 42.0667 ], [ -2.1272, 42.0805 ], [ -2.1273, 42.0972 ], [ -2.1334, 42.1011 ], [ -2.2089, 42.1047 ], [ -2.2241, 42.0982 ], [ -2.2365, 42.1025 ], [ -2.2589, 42.0873 ], [ -2.2696, 42.0886 ], [ -2.2817, 42.1084 ], [ -2.2822, 42.1317 ], [ -2.3182, 42.1452 ], [ -2.4385, 42.1373 ], [ -2.4586, 42.1153 ], [ -2.4844, 42.1063 ], [ -2.5147, 42.1145 ], [ -2.5227, 42.0829 ], [ -2.5149, 42.0689 ], [ -2.5325, 42.0552 ], [ -2.5491, 42.0515 ], [ -2.5513, 42.0389 ], [ -2.5799, 41.9963 ], [ -2.6266, 42.0065 ], [ -2.6598, 42.0054 ], [ -2.6736, 41.9981 ], [ -2.7051, 42.0151 ], [ -2.747, 42.0093 ], [ -2.7574, 42.0331 ], [ -2.7084, 42.0863 ], [ -2.7059, 42.1036 ], [ -2.7347, 42.125 ], [ -2.7512, 42.1178 ], [ -2.7707, 42.1249 ], [ -2.7916, 42.1088 ], [ -2.7901, 42.0942 ], [ -2.8033, 42.0805 ], [ -2.7949, 42.0635 ], [ -2.798, 42.0468 ], [ -2.8126, 42.0366 ], [ -2.8237, 42.041 ], [ -2.8446, 42.0345 ], [ -2.8838, 42.0095 ] ], [ [ -2.9994, 42.6009 ], [ -2.9829, 42.6108 ], [ -2.9852, 42.6142 ], [ -2.9945, 42.6155 ], [ -2.9994, 42.6009 ] ], [ [ -2.9452, 42.6039 ], [ -2.9363, 42.5941 ], [ -2.9226, 42.6008 ], [ -2.9345, 42.6141 ], [ -2.9452, 42.6039 ] ] ] } },
{ "type": "Feature", "properties": { "prov": "Lugo", "ccaa": "Galicia" }, "geometry": { "type": "MultiPolygon", "coordinates": [ [ [ [ -7.6638, 42.4232 ], [ -7.6979, 42.4295 ], [ -7.7137, 42.4526 ], [ -7.7392, 42.4566 ], [ -7.7527, 42.451 ], [ -7.7813, 42.4681 ], [ -7.7889, 42.466 ], [ -7.7884, 42.4735 ], [ -7.7483, 42.48 ], [ -7.765, 42.494 ], [ -7.8013, 42.48 ], [ -7.8188, 42.4917 ], [ -7.8421, 42.4905 ], [ -7.8451, 42.4984 ], [ -7.8615, 42.5041 ], [ -7.8779, 42.5026 ], [ -7.8754, 42.5109 ], [ -7.9132, 42.5084 ], [ -7.9016, 42.5214 ], [ -7.924, 42.525 ], [ -7.8887, 42.5381 ], [ -7.89, 42.5502 ], [ -7.9116, 42.5561 ], [ -7.9307, 42.5786 ], [ -7.9127, 42.5917 ], [ -7.9124, 42.6009 ], [ -7.8926, 42.6296 ], [ -7.8897, 42.6837 ], [ -7.8748, 42.6896 ], [ -7.876, 42.6969 ], [ -7.8615, 42.7067 ], [ -7.8664, 42.7206 ], [ -7.9354, 42.7397 ], [ -7.9784, 42.7787 ], [ -7.9805, 42.8113 ], [ -7.9564, 42.8397 ], [ -7.9689, 42.8497 ], [ -7.9831, 42.8423 ], [ -7.9997, 42.8489 ], [ -7.9779, 42.8774 ], [ -7.9562, 42.8845 ], [ -7.9355, 42.9035 ], [ -7.9433, 42.9174 ], [ -7.9163, 42.9323 ], [ -7.9082, 42.9513 ], [ -7.9053, 42.9854 ], [ -7.943, 43.0676 ], [ -7.9168, 43.0883 ], [ -7.9371, 43.1118 ], [ -7.9502, 43.1773 ], [ -7.9614, 43.1898 ], [ -7.9219, 43.2695 ], [ -7.9471, 43.286 ], [ -7.887, 43.3372 ], [ -7.8817, 43.3542 ], [ -7.8851, 43.3754 ], [ -7.8989, 43.3898 ], [ -7.8819, 43.4075 ], [ -7.8231, 43.4007 ], [ -7.8054, 43.4266 ], [ -7.8103, 43.4283 ], [ -7.8073, 43.4373 ], [ -7.7803, 43.4486 ], [ -7.7683, 43.4876 ], [ -7.7571, 43.4982 ], [ -7.7619, 43.5023 ], [ -7.7588, 43.5085 ], [ -7.7444, 43.5119 ], [ -7.7497, 43.5194 ], [ -7.7445, 43.5304 ], [ -7.7552, 43.5318 ], [ -7.748, 43.5419 ], [ -7.7603, 43.548 ], [ -7.7529, 43.55 ], [ -7.757, 43.5521 ], [ -7.7438, 43.5702 ], [ -7.7488, 43.5777 ], [ -7.7179, 43.5834 ], [ -7.7202, 43.5983 ], [ -7.7304, 43.6025 ], [ -7.7223, 43.6081 ], [ -7.7308, 43.6106 ], [ -7.7248, 43.613 ], [ -7.7355, 43.6221 ], [ -7.7195, 43.6318 ], [ -7.7168, 43.646 ], [ -7.7018, 43.6437 ], [ -7.691, 43.6541 ], [ -7.7193, 43.6866 ], [ -7.7026, 43.6864 ], [ -7.6986, 43.6957 ], [ -7.7074, 43.7029 ], [ -7.7015, 43.7066 ], [ -7.7073, 43.7108 ], [ -7.6935, 43.7161 ], [ -7.6998, 43.7352 ], [ -7.6951, 43.7389 ], [ -7.6831, 43.73 ], [ -7.6738, 43.7353 ], [ -7.6731, 43.7464 ], [ -7.651, 43.744 ], [ -7.6485, 43.7512 ], [ -7.6369, 43.753 ], [ -7.6302, 43.7464 ], [ -7.635, 43.739 ], [ -7.6296, 43.7221 ], [ -7.6061, 43.7178 ], [ -7.6146, 43.7029 ], [ -7.6053, 43.702 ], [ -7.6045, 43.7009 ], [ -7.6058, 43.6987 ], [ -7.6052, 43.6971 ], [ -7.6144, 43.6813 ], [ -7.6089, 43.6721 ], [ -7.5967, 43.6743 ], [ -7.5997, 43.6652 ], [ -7.5967, 43.6626 ], [ -7.5937, 43.6685 ], [ -7.595, 43.6734 ], [ -7.5987, 43.6773 ], [ -7.5941, 43.6735 ], [ -7.5943, 43.6794 ], [ -7.6007, 43.6818 ], [ -7.5763, 43.693 ], [ -7.5845, 43.7118 ], [ -7.5604, 43.7102 ], [ -7.5493, 43.7248 ], [ -7.5571, 43.73 ], [ -7.5332, 43.7289 ], [ -7.5243, 43.7368 ], [ -7.5145, 43.7189 ], [ -7.5104, 43.7264 ], [ -7.4682, 43.7242 ], [ -7.4706, 43.7203 ], [ -7.4591, 43.7165 ], [ -7.4729, 43.7192 ], [ -7.4784, 43.7088 ], [ -7.4691, 43.703 ], [ -7.4599, 43.7127 ], [ -7.4625, 43.7031 ], [ -7.443, 43.6975 ], [ -7.4489, 43.6926 ], [ -7.4364, 43.7011 ], [ -7.4401, 43.6949 ], [ -7.4348, 43.6923 ], [ -7.4161, 43.6923 ], [ -7.4038, 43.6862 ], [ -7.4055, 43.6819 ], [ -7.3571, 43.6712 ], [ -7.3552, 43.6608 ], [ -7.3461, 43.6567 ], [ -7.3558, 43.6604 ], [ -7.3545, 43.6544 ], [ -7.3353, 43.6384 ], [ -7.3375, 43.6313 ], [ -7.3099, 43.6173 ], [ -7.2944, 43.5923 ], [ -7.2455, 43.5752 ], [ -7.2578, 43.5604 ], [ -7.2711, 43.5626 ], [ -7.2517, 43.5562 ], [ -7.2615, 43.5512 ], [ -7.2558, 43.5469 ], [ -7.2419, 43.5513 ], [ -7.2484, 43.5662 ], [ -7.2361, 43.5691 ], [ -7.1936, 43.5617 ], [ -7.1816, 43.5614 ], [ -7.1791, 43.5619 ], [ -7.1768, 43.5637 ], [ -7.176, 43.5569 ], [ -7.1614, 43.5539 ], [ -7.119, 43.5544 ], [ -7.116, 43.5616 ], [ -7.0721, 43.553 ], [ -7.0574, 43.5589 ], [ -7.0467, 43.5516 ], [ -7.0431, 43.5562 ], [ -7.0346, 43.5501 ], [ -7.032, 43.5348 ], [ -7.0465, 43.5105 ], [ -7.0473, 43.4774 ], [ -7.0705, 43.4702 ], [ -7.0902, 43.4553 ], [ -7.0862, 43.4436 ], [ -7.1004, 43.4409 ], [ -7.0978, 43.4328 ], [ -7.1062, 43.4327 ], [ -7.1027, 43.427 ], [ -7.1278, 43.4234 ], [ -7.142, 43.4307 ], [ -7.1728, 43.4302 ], [ -7.1698, 43.4219 ], [ -7.1764, 43.4142 ], [ -7.1688, 43.4048 ], [ -7.1825, 43.3925 ], [ -7.177, 43.3913 ], [ -7.1767, 43.3825 ], [ -7.1596, 43.3747 ], [ -7.1384, 43.3834 ], [ -7.1275, 43.3726 ], [ -7.1312, 43.3313 ], [ -7.1152, 43.3262 ], [ -7.1009, 43.3038 ], [ -7.0904, 43.2998 ], [ -7.0598, 43.3053 ], [ -7.0715, 43.2712 ], [ -7.0616, 43.244 ], [ -7.0201, 43.2132 ], [ -7.017, 43.222 ], [ -7.0096, 43.2229 ], [ -7.0014, 43.2073 ], [ -6.971, 43.2042 ], [ -6.9649, 43.1875 ], [ -6.9808, 43.1665 ], [ -6.9731, 43.1494 ], [ -6.9604, 43.1448 ], [ -6.9571, 43.1349 ], [ -6.9414, 43.1317 ], [ -6.9373, 43.1397 ], [ -6.9204, 43.1405 ], [ -6.9019, 43.155 ], [ -6.8859, 43.1568 ], [ -6.8874, 43.1662 ], [ -6.8674, 43.1901 ], [ -6.8699, 43.18 ], [ -6.862, 43.182 ], [ -6.8563, 43.1724 ], [ -6.8389, 43.1661 ], [ -6.8221, 43.1433 ], [ -6.8276, 43.1231 ], [ -6.8553, 43.1085 ], [ -6.8717, 43.091 ], [ -6.8943, 43.0917 ], [ -6.9155, 43.0733 ], [ -6.9387, 43.0865 ], [ -6.9518, 43.0762 ], [ -6.9504, 43.0682 ], [ -6.9689, 43.0569 ], [ -6.9621, 43.0523 ], [ -6.9651, 43.0348 ], [ -6.9725, 43.0304 ], [ -6.9822, 43.0414 ], [ -6.9864, 43.0297 ], [ -6.9963, 43.0279 ], [ -6.9969, 43.0196 ], [ -6.9622, 42.9905 ], [ -6.9639, 42.9954 ], [ -6.956, 42.996 ], [ -6.9623, 43.0008 ], [ -6.9595, 43.0152 ], [ -6.9648, 43.0267 ], [ -6.9568, 43.0366 ], [ -6.9469, 43.0326 ], [ -6.9408, 43.0115 ], [ -6.91, 42.9899 ], [ -6.8809, 42.9913 ], [ -6.8646, 42.9838 ], [ -6.8358, 42.9577 ], [ -6.8347, 42.9413 ], [ -6.8418, 42.9284 ], [ -6.8358, 42.9163 ], [ -6.8242, 42.9151 ], [ -6.842, 42.9064 ], [ -6.8356, 42.9043 ], [ -6.8252, 42.8769 ], [ -6.8141, 42.8717 ], [ -6.8307, 42.8712 ], [ -6.8403, 42.8782 ], [ -6.8337, 42.8821 ], [ -6.8713, 42.8738 ], [ -6.8403, 42.8234 ], [ -6.8673, 42.8035 ], [ -6.8674, 42.7872 ], [ -6.8908, 42.7773 ], [ -6.8962, 42.7651 ], [ -6.9356, 42.7409 ], [ -6.9469, 42.7415 ], [ -6.9595, 42.755 ], [ -6.9678, 42.7475 ], [ -6.9667, 42.7387 ], [ -6.9728, 42.7379 ], [ -6.9729, 42.725 ], [ -6.9837, 42.7187 ], [ -6.9902, 42.7266 ], [ -7.0109, 42.7237 ], [ -7.0199, 42.7103 ], [ -7.0277, 42.7114 ], [ -7.0452, 42.6948 ], [ -7.0155, 42.6646 ], [ -7.0126, 42.6578 ], [ -7.0215, 42.6519 ], [ -7.0044, 42.6429 ], [ -7.0178, 42.6452 ], [ -7.047, 42.6327 ], [ -7.0455, 42.6042 ], [ -7.0502, 42.5979 ], [ -7.0336, 42.5841 ], [ -7.0562, 42.5665 ], [ -7.0568, 42.5577 ], [ -7.0695, 42.554 ], [ -7.0639, 42.5486 ], [ -7.0708, 42.5377 ], [ -7.0617, 42.5373 ], [ -7.0594, 42.5306 ], [ -7.0771, 42.508 ], [ -7.0762, 42.4967 ], [ -7.1003, 42.4679 ], [ -7.0997, 42.4588 ], [ -7.1139, 42.4568 ], [ -7.1309, 42.441 ], [ -7.1493, 42.4362 ], [ -7.1469, 42.4218 ], [ -7.1662, 42.4044 ], [ -7.1719, 42.3792 ], [ -7.1821, 42.376 ], [ -7.1823, 42.3656 ], [ -7.1905, 42.364 ], [ -7.2027, 42.3257 ], [ -7.2177, 42.3369 ], [ -7.2309, 42.3591 ], [ -7.2297, 42.3766 ], [ -7.2201, 42.3872 ], [ -7.2478, 42.3899 ], [ -7.2695, 42.4148 ], [ -7.291, 42.4143 ], [ -7.305, 42.4286 ], [ -7.3482, 42.4293 ], [ -7.3697, 42.4216 ], [ -7.3992, 42.4356 ], [ -7.4469, 42.4071 ], [ -7.4658, 42.4072 ], [ -7.5033, 42.3879 ], [ -7.5363, 42.3834 ], [ -7.5748, 42.4048 ], [ -7.6191, 42.3849 ], [ -7.6314, 42.4071 ], [ -7.6569, 42.4152 ], [ -7.6638, 42.4232 ] ] ], [ [ [ -7.609, 43.6762 ], [ -7.6098, 43.6763 ], [ -7.609, 43.6766 ], [ -7.609, 43.6762 ] ] ], [ [ [ -7.6053, 43.6975 ], [ -7.6042, 43.6979 ], [ -7.6049, 43.6973 ], [ -7.6053, 43.6975 ] ] ], [ [ [ -7.6038, 43.7129 ], [ -7.603, 43.7136 ], [ -7.6043, 43.712 ], [ -7.6038, 43.7129 ] ] ], [ [ [ -7.6291, 43.7573 ], [ -7.634, 43.7595 ], [ -7.6291, 43.7612 ], [ -7.6291, 43.7573 ] ] ], [ [ [ -7.4359, 43.6947 ], [ -7.4354, 43.6945 ], [ -7.4361, 43.6945 ], [ -7.4359, 43.6947 ] ] ], [ [ [ -7.5843, 43.6982 ], [ -7.584, 43.6989 ], [ -7.5833, 43.6984 ], [ -7.5843, 43.6982 ] ] ], [ [ [ -7.4408, 43.7005 ], [ -7.444, 43.7002 ], [ -7.4444, 43.7012 ], [ -7.4408, 43.7005 ] ] ], [ [ [ -7.4376, 43.7148 ], [ -7.4417, 43.715 ], [ -7.437, 43.715 ], [ -7.4376, 43.7148 ] ] ], [ [ [ -7.4407, 43.7166 ], [ -7.4411, 43.7179 ], [ -7.4378, 43.7186 ], [ -7.4407, 43.7166 ] ] ], [ [ [ -7.4369, 43.7189 ], [ -7.4363, 43.7193 ], [ -7.437, 43.7187 ], [ -7.4369, 43.7189 ] ] ], [ [ [ -7.5133, 43.7251 ], [ -7.5127, 43.7251 ], [ -7.5133, 43.7247 ], [ -7.5133, 43.7251 ] ] ], [ [ [ -7.4911, 43.7282 ], [ -7.4919, 43.7289 ], [ -7.4904, 43.729 ], [ -7.4911, 43.7282 ] ] ], [ [ [ -7.5175, 43.7303 ], [ -7.5168, 43.7315 ], [ -7.5165, 43.7303 ], [ -7.5175, 43.7303 ] ] ], [ [ [ -7.4889, 43.73 ], [ -7.4941, 43.7315 ], [ -7.4883, 43.7312 ], [ -7.4889, 43.73 ] ] ], [ [ [ -7.5471, 43.7333 ], [ -7.547, 43.7338 ], [ -7.5468, 43.7335 ], [ -7.5471, 43.7333 ] ] ], [ [ [ -7.548, 43.7347 ], [ -7.5477, 43.7349 ], [ -7.5476, 43.7347 ], [ -7.548, 43.7347 ] ] ], [ [ [ -7.3184, 43.6256 ], [ -7.3181, 43.6259 ], [ -7.3181, 43.6258 ], [ -7.3184, 43.6256 ] ] ], [ [ [ -7.3461, 43.6635 ], [ -7.3456, 43.6637 ], [ -7.3456, 43.6635 ], [ -7.3461, 43.6635 ] ] ], [ [ [ -7.3801, 43.6774 ], [ -7.3804, 43.6774 ], [ -7.3805, 43.6776 ], [ -7.3801, 43.6774 ] ] ], [ [ [ -7.1633, 43.5555 ], [ -7.1631, 43.5557 ], [ -7.1631, 43.5556 ], [ -7.1633, 43.5555 ] ] ], [ [ [ -7.1195, 43.5561 ], [ -7.1194, 43.5562 ], [ -7.1194, 43.5561 ], [ -7.1195, 43.5561 ] ] ], [ [ [ -7.1455, 43.5564 ], [ -7.1452, 43.5565 ], [ -7.1452, 43.5564 ], [ -7.1455, 43.5564 ] ] ], [ [ [ -7.0483, 43.5568 ], [ -7.0497, 43.5563 ], [ -7.05, 43.5575 ], [ -7.0483, 43.5568 ] ] ], [ [ [ -7.0412, 43.5557 ], [ -7.0428, 43.5572 ], [ -7.0407, 43.5563 ], [ -7.0412, 43.5557 ] ] ], [ [ [ -7.1388, 43.5573 ], [ -7.1389, 43.5581 ], [ -7.1385, 43.5581 ], [ -7.1388, 43.5573 ] ] ], [ [ [ -7.0552, 43.5579 ], [ -7.0548, 43.5578 ], [ -7.055, 43.5577 ], [ -7.0552, 43.5579 ] ] ], [ [ [ -7.0637, 43.5591 ], [ -7.0634, 43.5595 ], [ -7.0633, 43.559 ], [ -7.0637, 43.5591 ] ] ], [ [ [ -7.061, 43.5595 ], [ -7.0605, 43.5596 ], [ -7.0606, 43.5594 ], [ -7.061, 43.5595 ] ] ], [ [ [ -7.1178, 43.5616 ], [ -7.1178, 43.5622 ], [ -7.1176, 43.5621 ], [ -7.1178, 43.5616 ] ] ], [ [ [ -7.1791, 43.5622 ], [ -7.179, 43.5625 ], [ -7.1788, 43.5624 ], [ -7.1791, 43.5622 ] ] ] ] } },
{ "type": "Feature", "properties": { "prov": "Madrid", "ccaa": "Comunidad de Madrid" }, "geometry": { "type": "MultiPolygon", "coordinates": [ [ [ [ -4.5677, 40.218 ], [ -4.5593, 40.2313 ], [ -4.5671, 40.2398 ], [ -4.5695, 40.2573 ], [ -4.5566, 40.2644 ], [ -4.5554, 40.2769 ], [ -4.5294, 40.2931 ], [ -4.5462, 40.3418 ], [ -4.5268, 40.3449 ], [ -4.5271, 40.338 ], [ -4.5049, 40.3153 ], [ -4.4853, 40.3211 ], [ -4.4558, 40.3194 ], [ -4.4538, 40.3331 ], [ -4.4606, 40.3414 ], [ -4.4386, 40.3527 ], [ -4.4437, 40.3857 ], [ -4.4217, 40.4062 ], [ -4.4031, 40.4111 ], [ -4.3211, 40.4103 ], [ -4.3268, 40.4139 ], [ -4.3235, 40.4235 ], [ -4.3413, 40.4287 ], [ -4.3405, 40.438 ], [ -4.3313, 40.4411 ], [ -4.3322, 40.4488 ], [ -4.3197, 40.452 ], [ -4.3252, 40.4601 ], [ -4.3186, 40.4584 ], [ -4.3157, 40.4648 ], [ -4.3239, 40.4775 ], [ -4.3226, 40.5016 ], [ -4.3274, 40.5072 ], [ -4.3201, 40.5306 ], [ -4.3282, 40.5338 ], [ -4.3237, 40.5496 ], [ -4.2893, 40.5642 ], [ -4.2786, 40.6032 ], [ -4.2901, 40.6077 ], [ -4.2907, 40.6278 ], [ -4.2711, 40.629 ], [ -4.2621, 40.6052 ], [ -4.2454, 40.6024 ], [ -4.2143, 40.6054 ], [ -4.1612, 40.6235 ], [ -4.1729, 40.6304 ], [ -4.1666, 40.6527 ], [ -4.1735, 40.6672 ], [ -4.1716, 40.6806 ], [ -4.1444, 40.6958 ], [ -4.1361, 40.7177 ], [ -4.1208, 40.7357 ], [ -4.097, 40.7477 ], [ -4.0963, 40.7653 ], [ -4.081, 40.7766 ], [ -4.0767, 40.7889 ], [ -4.0701, 40.7939 ], [ -4.0324, 40.7816 ], [ -4.0036, 40.7887 ], [ -3.9797, 40.7846 ], [ -3.98, 40.7994 ], [ -3.9621, 40.8234 ], [ -3.9655, 40.838 ], [ -3.9471, 40.863 ], [ -3.9424, 40.889 ], [ -3.9523, 40.8936 ], [ -3.9371, 40.9157 ], [ -3.9379, 40.9272 ], [ -3.9218, 40.9299 ], [ -3.9074, 40.9553 ], [ -3.879, 40.9752 ], [ -3.87, 40.9711 ], [ -3.8593, 40.9792 ], [ -3.8094, 40.9878 ], [ -3.7814, 41.0003 ], [ -3.7483, 41.0367 ], [ -3.7405, 41.0536 ], [ -3.6977, 41.0819 ], [ -3.6761, 41.0867 ], [ -3.6511, 41.1078 ], [ -3.645, 41.1213 ], [ -3.6335, 41.1263 ], [ -3.6328, 41.1363 ], [ -3.5827, 41.1614 ], [ -3.5439, 41.1658 ], [ -3.5367, 41.1606 ], [ -3.5411, 41.1497 ], [ -3.526, 41.1391 ], [ -3.5106, 41.1373 ], [ -3.5023, 41.1276 ], [ -3.4888, 41.0943 ], [ -3.4752, 41.0953 ], [ -3.4484, 41.0806 ], [ -3.4258, 41.0829 ], [ -3.426, 41.0657 ], [ -3.4389, 41.0427 ], [ -3.4312, 41.0417 ], [ -3.3945, 41.0003 ], [ -3.4183, 40.9876 ], [ -3.4162, 40.9758 ], [ -3.436, 40.9461 ], [ -3.4382, 40.9315 ], [ -3.4489, 40.9225 ], [ -3.4513, 40.9129 ], [ -3.4441, 40.9068 ], [ -3.4606, 40.9067 ], [ -3.4606, 40.8985 ], [ -3.4396, 40.8911 ], [ -3.4448, 40.8871 ], [ -3.4405, 40.8753 ], [ -3.4727, 40.8641 ], [ -3.4658, 40.8569 ], [ -3.4763, 40.8513 ], [ -3.4697, 40.8432 ], [ -3.4792, 40.8376 ], [ -3.4774, 40.8236 ], [ -3.4911, 40.8084 ], [ -3.4919, 40.7984 ], [ -3.5012, 40.7986 ], [ -3.5043, 40.7892 ], [ -3.5093, 40.7905 ], [ -3.5116, 40.7885 ], [ -3.4591, 40.7812 ], [ -3.4443, 40.7616 ], [ -3.4504, 40.7349 ], [ -3.4419, 40.7377 ], [ -3.4349, 40.728 ], [ -3.4685, 40.6899 ], [ -3.4563, 40.6879 ], [ -3.4417, 40.6742 ], [ -3.4267, 40.6724 ], [ -3.4256, 40.6824 ], [ -3.4047, 40.6696 ], [ -3.4002, 40.6914 ], [ -3.3934, 40.6925 ], [ -3.3729, 40.6777 ], [ -3.3623, 40.6537 ], [ -3.3663, 40.648 ], [ -3.3456, 40.6377 ], [ -3.3272, 40.6406 ], [ -3.3165, 40.6552 ], [ -3.3139, 40.6497 ], [ -3.3237, 40.6297 ], [ -3.3385, 40.6258 ], [ -3.3216, 40.6122 ], [ -3.3314, 40.6039 ], [ -3.3283, 40.5948 ], [ -3.2841, 40.569 ], [ -3.2884, 40.5586 ], [ -3.2831, 40.551 ], [ -3.2971, 40.5375 ], [ -3.2893, 40.5316 ], [ -3.2499, 40.5443 ], [ -3.2312, 40.5317 ], [ -3.2314, 40.5397 ], [ -3.2229, 40.526 ], [ -3.2, 40.5144 ], [ -3.1986, 40.4423 ], [ -3.1726, 40.4363 ], [ -3.1555, 40.4394 ], [ -3.1474, 40.4196 ], [ -3.1306, 40.4052 ], [ -3.1354, 40.3901 ], [ -3.1433, 40.3875 ], [ -3.1383, 40.3755 ], [ -3.1534, 40.3677 ], [ -3.1412, 40.3505 ], [ -3.1556, 40.3425 ], [ -3.1529, 40.3316 ], [ -3.1829, 40.3083 ], [ -3.1842, 40.2697 ], [ -3.1972, 40.2575 ], [ -3.1944, 40.248 ], [ -3.1734, 40.2342 ], [ -3.1537, 40.2637 ], [ -3.1127, 40.2855 ], [ -3.1015, 40.2781 ], [ -3.096, 40.2691 ], [ -3.0997, 40.2614 ], [ -3.0797, 40.2278 ], [ -3.0795, 40.2084 ], [ -3.0882, 40.2003 ], [ -3.0858, 40.1861 ], [ -3.0678, 40.1579 ], [ -3.0893, 40.163 ], [ -3.0976, 40.1539 ], [ -3.0932, 40.1505 ], [ -3.0968, 40.1424 ], [ -3.0724, 40.1311 ], [ -3.0676, 40.1185 ], [ -3.0562, 40.1137 ], [ -3.053, 40.0994 ], [ -3.0888, 40.0706 ], [ -3.1182, 40.0614 ], [ -3.1616, 40.0649 ], [ -3.1661, 40.0907 ], [ -3.1779, 40.0922 ], [ -3.181, 40.0882 ], [ -3.1764, 40.0868 ], [ -3.2075, 40.0638 ], [ -3.201, 40.0605 ], [ -3.2436, 40.0534 ], [ -3.2456, 40.0595 ], [ -3.2543, 40.058 ], [ -3.2577, 40.0504 ], [ -3.2648, 40.0571 ], [ -3.2737, 40.0547 ], [ -3.2749, 40.0474 ], [ -3.3025, 40.0533 ], [ -3.3118, 40.0683 ], [ -3.3344, 40.0811 ], [ -3.3777, 40.0748 ], [ -3.3758, 40.0513 ], [ -3.3915, 40.0484 ], [ -3.393, 40.0365 ], [ -3.4011, 40.0342 ], [ -3.4244, 40.0469 ], [ -3.4304, 40.0384 ], [ -3.446, 40.0372 ], [ -3.4483, 40.0498 ], [ -3.4701, 40.0407 ], [ -3.4726, 40.046 ], [ -3.4877, 40.0412 ], [ -3.4906, 40.0476 ], [ -3.5069, 40.0487 ], [ -3.5173, 40.0401 ], [ -3.5197, 40.0211 ], [ -3.59, 40.0132 ], [ -3.5953, 40.0011 ], [ -3.638, 39.9884 ], [ -3.6305, 39.9686 ], [ -3.6345, 39.9659 ], [ -3.6616, 39.9658 ], [ -3.6976, 39.9467 ], [ -3.7111, 39.9547 ], [ -3.7439, 39.9408 ], [ -3.7566, 39.9211 ], [ -3.7788, 39.9109 ], [ -3.8044, 39.8847 ], [ -3.8345, 39.8999 ], [ -3.8683, 39.9049 ], [ -3.8754, 39.9107 ], [ -3.8674, 39.917 ], [ -3.8752, 39.9287 ], [ -3.84, 39.942 ], [ -3.832, 39.9316 ], [ -3.8244, 39.9473 ], [ -3.8095, 39.954 ], [ -3.7994, 39.9457 ], [ -3.7833, 39.9448 ], [ -3.7863, 39.9547 ], [ -3.7636, 39.9675 ], [ -3.758, 39.9583 ], [ -3.7707, 39.9506 ], [ -3.7545, 39.9504 ], [ -3.7511, 39.9566 ], [ -3.7589, 39.9689 ], [ -3.7423, 39.9615 ], [ -3.7279, 39.9645 ], [ -3.7237, 39.9706 ], [ -3.738, 39.9687 ], [ -3.7466, 39.9807 ], [ -3.7341, 39.9755 ], [ -3.7349, 39.9851 ], [ -3.7273, 39.9892 ], [ -3.7201, 39.9844 ], [ -3.7224, 40.0004 ], [ -3.6999, 40.0195 ], [ -3.6868, 40.0217 ], [ -3.6795, 40.0161 ], [ -3.6662, 40.0352 ], [ -3.6507, 40.0317 ], [ -3.6473, 40.0416 ], [ -3.6361, 40.0416 ], [ -3.6397, 40.05 ], [ -3.6219, 40.0549 ], [ -3.6242, 40.0606 ], [ -3.6166, 40.0688 ], [ -3.629, 40.0783 ], [ -3.6104, 40.0819 ], [ -3.6037, 40.0928 ], [ -3.6163, 40.0949 ], [ -3.6076, 40.109 ], [ -3.6563, 40.1253 ], [ -3.6673, 40.1433 ], [ -3.6837, 40.1323 ], [ -3.7222, 40.1477 ], [ -3.7444, 40.1322 ], [ -3.7705, 40.1394 ], [ -3.7832, 40.1616 ], [ -3.8046, 40.1768 ], [ -3.8104, 40.169 ], [ -3.818, 40.1711 ], [ -3.8342, 40.1614 ], [ -3.8517, 40.1684 ], [ -3.8536, 40.1799 ], [ -3.8763, 40.1912 ], [ -3.9117, 40.1901 ], [ -3.9311, 40.204 ], [ -3.941, 40.2017 ], [ -3.95, 40.1891 ], [ -3.9563, 40.1991 ], [ -3.9529, 40.2128 ], [ -3.991, 40.2095 ], [ -4.0262, 40.2356 ], [ -4.024, 40.2489 ], [ -4.0521, 40.2515 ], [ -4.0729, 40.2655 ], [ -4.0805, 40.2669 ], [ -4.1043, 40.2418 ], [ -4.1315, 40.249 ], [ -4.1458, 40.2452 ], [ -4.1507, 40.2492 ], [ -4.144, 40.2646 ], [ -4.1645, 40.2706 ], [ -4.1725, 40.2881 ], [ -4.1909, 40.2974 ], [ -4.2038, 40.2873 ], [ -4.2032, 40.2688 ], [ -4.2263, 40.2699 ], [ -4.2315, 40.2767 ], [ -4.2492, 40.2727 ], [ -4.2698, 40.2359 ], [ -4.2952, 40.2189 ], [ -4.3066, 40.222 ], [ -4.308, 40.2339 ], [ -4.3215, 40.2263 ], [ -4.3338, 40.2384 ], [ -4.3485, 40.2367 ], [ -4.3454, 40.2538 ], [ -4.3584, 40.2767 ], [ -4.3564, 40.3086 ], [ -4.3801, 40.3183 ], [ -4.3872, 40.3012 ], [ -4.3835, 40.289 ], [ -4.3973, 40.2846 ], [ -4.4272, 40.2576 ], [ -4.4352, 40.2591 ], [ -4.4374, 40.2367 ], [ -4.5098, 40.2192 ], [ -4.5169, 40.2147 ], [ -4.518, 40.2039 ], [ -4.5279, 40.2001 ], [ -4.5749, 40.2066 ], [ -4.5727, 40.2127 ], [ -4.5791, 40.2172 ], [ -4.5677, 40.218 ] ], [ [ -3.3744, 40.6261 ], [ -3.3637, 40.6316 ], [ -3.3636, 40.6384 ], [ -3.374, 40.6402 ], [ -3.3723, 40.6356 ], [ -3.3821, 40.6305 ], [ -3.3744, 40.6261 ] ] ], [ [ [ -4.3241, 40.658 ], [ -4.2848, 40.6812 ], [ -4.2674, 40.6745 ], [ -4.2541, 40.6587 ], [ -4.256, 40.6515 ], [ -4.3195, 40.6477 ], [ -4.3241, 40.658 ] ] ] ] } },
{ "type": "Feature", "properties": { "prov": "Málaga", "ccaa": "Andalucía" }, "geometry": { "type": "Polygon", "coordinates": [ [ [ -5.2239, 36.3677 ], [ -5.248, 36.3104 ], [ -5.2778, 36.3371 ], [ -5.3212, 36.3244 ], [ -5.323, 36.3322 ], [ -5.3152, 36.3433 ], [ -5.3351, 36.3705 ], [ -5.335, 36.3949 ], [ -5.3472, 36.4186 ], [ -5.3573, 36.4238 ], [ -5.3607, 36.44 ], [ -5.3955, 36.4696 ], [ -5.4041, 36.4946 ], [ -5.4098, 36.4965 ], [ -5.4129, 36.5203 ], [ -5.4252, 36.5249 ], [ -5.4289, 36.5336 ], [ -5.4565, 36.5385 ], [ -5.4655, 36.5287 ], [ -5.4737, 36.5371 ], [ -5.4914, 36.5372 ], [ -5.5138, 36.5107 ], [ -5.5148, 36.5014 ], [ -5.523, 36.4984 ], [ -5.5598, 36.5037 ], [ -5.5722, 36.5126 ], [ -5.5985, 36.5081 ], [ -5.6079, 36.512 ], [ -5.6113, 36.5426 ], [ -5.5997, 36.5507 ], [ -5.5746, 36.5484 ], [ -5.5416, 36.5377 ], [ -5.5371, 36.5272 ], [ -5.5233, 36.5311 ], [ -5.5021, 36.5476 ], [ -5.4896, 36.5705 ], [ -5.4608, 36.5888 ], [ -5.4555, 36.6197 ], [ -5.4385, 36.6142 ], [ -5.3807, 36.6318 ], [ -5.3338, 36.6724 ], [ -5.324, 36.6733 ], [ -5.3304, 36.6793 ], [ -5.3187, 36.6905 ], [ -5.3276, 36.6949 ], [ -5.3246, 36.724 ], [ -5.3121, 36.735 ], [ -5.2909, 36.7752 ], [ -5.3198, 36.7867 ], [ -5.3265, 36.8053 ], [ -5.3407, 36.8194 ], [ -5.3325, 36.8386 ], [ -5.3063, 36.8576 ], [ -5.3014, 36.8698 ], [ -5.2693, 36.884 ], [ -5.2659, 36.8754 ], [ -5.2251, 36.8563 ], [ -5.2218, 36.8425 ], [ -5.1707, 36.8244 ], [ -5.135, 36.8384 ], [ -5.1134, 36.8736 ], [ -5.111, 36.8882 ], [ -5.1028, 36.8914 ], [ -5.1056, 36.8978 ], [ -5.0868, 36.905 ], [ -5.1101, 36.9593 ], [ -5.0956, 36.9683 ], [ -5.1123, 36.9763 ], [ -5.1151, 36.989 ], [ -5.1424, 37.0039 ], [ -5.1228, 37.0277 ], [ -5.1122, 37.0191 ], [ -5.0833, 37.0315 ], [ -5.0531, 37.0306 ], [ -5.0336, 37.0489 ], [ -5.0241, 37.046 ], [ -5.0267, 37.0517 ], [ -4.9801, 37.0688 ], [ -4.9523, 37.0944 ], [ -4.9215, 37.1043 ], [ -4.9083, 37.1153 ], [ -4.9028, 37.1376 ], [ -4.9427, 37.1576 ], [ -4.9396, 37.1757 ], [ -4.9252, 37.1707 ], [ -4.9076, 37.1749 ], [ -4.9051, 37.1819 ], [ -4.8961, 37.1673 ], [ -4.9003, 37.1597 ], [ -4.8898, 37.1551 ], [ -4.8804, 37.1633 ], [ -4.8736, 37.1592 ], [ -4.8567, 37.1736 ], [ -4.8589, 37.1907 ], [ -4.8532, 37.1984 ], [ -4.8247, 37.2004 ], [ -4.8187, 37.1919 ], [ -4.8277, 37.1869 ], [ -4.8061, 37.1705 ], [ -4.7989, 37.1721 ], [ -4.8012, 37.1601 ], [ -4.7953, 37.1541 ], [ -4.7912, 37.1601 ], [ -4.7818, 37.159 ], [ -4.7798, 37.1667 ], [ -4.7616, 37.171 ], [ -4.76, 37.1773 ], [ -4.7086, 37.1977 ], [ -4.7113, 37.2069 ], [ -4.7272, 37.2111 ], [ -4.7323, 37.2261 ], [ -4.7179, 37.2399 ], [ -4.7357, 37.2448 ], [ -4.7197, 37.2597 ], [ -4.714, 37.2528 ], [ -4.6988, 37.2568 ], [ -4.691, 37.2519 ], [ -4.6588, 37.2577 ], [ -4.6446, 37.2467 ], [ -4.6152, 37.256 ], [ -4.6148, 37.2428 ], [ -4.5961, 37.2242 ], [ -4.6023, 37.2092 ], [ -4.5762, 37.2092 ], [ -4.5612, 37.2193 ], [ -4.5395, 37.2113 ], [ -4.4993, 37.2303 ], [ -4.4981, 37.2233 ], [ -4.4895, 37.2306 ], [ -4.4912, 37.2386 ], [ -4.4813, 37.238 ], [ -4.4776, 37.2447 ], [ -4.4857, 37.252 ], [ -4.477, 37.2574 ], [ -4.4641, 37.2521 ], [ -4.4682, 37.2575 ], [ -4.457, 37.2584 ], [ -4.444, 37.278 ], [ -4.433, 37.2739 ], [ -4.4191, 37.2822 ], [ -4.4074, 37.2738 ], [ -4.3804, 37.2757 ], [ -4.3761, 37.2572 ], [ -4.3774, 37.2418 ], [ -4.385, 37.2383 ], [ -4.3826, 37.2315 ], [ -4.3716, 37.2152 ], [ -4.3452, 37.2136 ], [ -4.3224, 37.2041 ], [ -4.3322, 37.19 ], [ -4.2871, 37.1195 ], [ -4.281, 37.0567 ], [ -4.27, 37.027 ], [ -4.2725, 37.0149 ], [ -4.2519, 37.023 ], [ -4.2313, 37.0169 ], [ -4.2233, 37.0123 ], [ -4.2154, 36.9918 ], [ -4.1666, 36.957 ], [ -4.0997, 36.9527 ], [ -4.09, 36.9321 ], [ -4.0612, 36.9199 ], [ -4.0465, 36.903 ], [ -4.0138, 36.8986 ], [ -3.9987, 36.8899 ], [ -3.9708, 36.8921 ], [ -3.9295, 36.8829 ], [ -3.9186, 36.8681 ], [ -3.8906, 36.8675 ], [ -3.8676, 36.8507 ], [ -3.8423, 36.8582 ], [ -3.8272, 36.8555 ], [ -3.7961, 36.8315 ], [ -3.7953, 36.821 ], [ -3.7865, 36.8124 ], [ -3.7681, 36.802 ], [ -3.7666, 36.7854 ], [ -3.7823, 36.7645 ], [ -3.7781, 36.7377 ], [ -3.7923, 36.7464 ], [ -3.8447, 36.7535 ], [ -3.8842, 36.7407 ], [ -3.9203, 36.7408 ], [ -3.9573, 36.7261 ], [ -4.005, 36.7411 ], [ -4.072, 36.7486 ], [ -4.1079, 36.7257 ], [ -4.1773, 36.7152 ], [ -4.3273, 36.7114 ], [ -4.3952, 36.7222 ], [ -4.4123, 36.7143 ], [ -4.4145, 36.6987 ], [ -4.4132, 36.7178 ], [ -4.4185, 36.7172 ], [ -4.4233, 36.712 ], [ -4.4173, 36.7123 ], [ -4.4229, 36.7104 ], [ -4.4182, 36.7011 ], [ -4.4275, 36.7013 ], [ -4.4256, 36.7048 ], [ -4.4257, 36.71 ], [ -4.4336, 36.7016 ], [ -4.4414, 36.6811 ], [ -4.4818, 36.6394 ], [ -4.5068, 36.6041 ], [ -4.5077, 36.5975 ], [ -4.5117, 36.5931 ], [ -4.509, 36.5968 ], [ -4.514, 36.5977 ], [ -4.5124, 36.5937 ], [ -4.5192, 36.5946 ], [ -4.5388, 36.5786 ], [ -4.559, 36.5803 ], [ -4.6035, 36.5629 ], [ -4.6384, 36.507 ], [ -4.6758, 36.5035 ], [ -4.6947, 36.4901 ], [ -4.7405, 36.4826 ], [ -4.8561, 36.5068 ], [ -4.9122, 36.5056 ], [ -4.9356, 36.4996 ], [ -4.9527, 36.4832 ], [ -4.955, 36.483 ], [ -4.9518, 36.4844 ], [ -4.9493, 36.4875 ], [ -4.9501, 36.4887 ], [ -5.0059, 36.4595 ], [ -5.033, 36.4613 ], [ -5.0597, 36.4501 ], [ -5.0817, 36.4504 ], [ -5.1084, 36.4338 ], [ -5.1403, 36.426 ], [ -5.1565, 36.4119 ], [ -5.1552, 36.4162 ], [ -5.1764, 36.4147 ], [ -5.2239, 36.3677 ] ] ] } },
{ "type": "Feature", "properties": { "prov": "Murcia", "ccaa": "Región de Murcia" }, "geometry": { "type": "MultiPolygon", "coordinates": [ [ [ [ -1.6232, 37.3781 ], [ -1.6233, 37.3783 ], [ -1.6232, 37.3784 ], [ -1.6232, 37.3781 ] ] ], [ [ [ -1.5473, 37.4096 ], [ -1.5437, 37.4089 ], [ -1.5458, 37.4076 ], [ -1.5473, 37.4096 ] ] ], [ [ [ -1.5291, 37.4223 ], [ -1.5292, 37.4221 ], [ -1.5297, 37.4223 ], [ -1.5291, 37.4223 ] ] ], [ [ [ -1.5021, 37.4296 ], [ -1.502, 37.4297 ], [ -1.502, 37.4295 ], [ -1.5021, 37.4296 ] ] ], [ [ [ -1.4815, 37.4525 ], [ -1.4842, 37.4354 ], [ -1.4774, 37.4289 ], [ -1.4862, 37.4229 ], [ -1.498, 37.4224 ], [ -1.5013, 37.431 ], [ -1.5045, 37.4324 ], [ -1.519, 37.4318 ], [ -1.5472, 37.4105 ], [ -1.5596, 37.4113 ], [ -1.5591, 37.4047 ], [ -1.5726, 37.4077 ], [ -1.5785, 37.4009 ], [ -1.5908, 37.4021 ], [ -1.6258, 37.3803 ], [ -1.6285, 37.3738 ], [ -1.7371, 37.4426 ], [ -1.8118, 37.4516 ], [ -1.8086, 37.4335 ], [ -1.8451, 37.455 ], [ -1.8589, 37.4799 ], [ -1.9538, 37.588 ], [ -1.9553, 37.6009 ], [ -1.9768, 37.6187 ], [ -1.9831, 37.6389 ], [ -1.9928, 37.6433 ], [ -2.0119, 37.6725 ], [ -2.0077, 37.7198 ], [ -1.9958, 37.728 ], [ -2.0088, 37.775 ], [ -1.9953, 37.8414 ], [ -1.9742, 37.8685 ], [ -1.995, 37.8803 ], [ -2.0216, 37.8682 ], [ -2.0571, 37.8809 ], [ -2.0973, 37.8769 ], [ -2.1249, 37.9003 ], [ -2.1507, 37.8984 ], [ -2.1721, 37.8887 ], [ -2.1947, 37.9098 ], [ -2.2474, 37.9342 ], [ -2.2837, 37.9694 ], [ -2.2963, 37.9878 ], [ -2.2984, 38.0028 ], [ -2.3442, 38.0298 ], [ -2.3281, 38.0684 ], [ -2.2657, 38.1088 ], [ -2.2457, 38.1488 ], [ -2.2241, 38.1733 ], [ -2.2133, 38.2021 ], [ -2.1683, 38.2264 ], [ -2.1129, 38.2377 ], [ -2.0824, 38.2657 ], [ -2.0633, 38.2975 ], [ -2.0486, 38.3057 ], [ -2.0213, 38.3007 ], [ -2.0007, 38.2839 ], [ -1.9826, 38.2812 ], [ -1.9075, 38.2977 ], [ -1.8702, 38.3164 ], [ -1.851, 38.3334 ], [ -1.8263, 38.3335 ], [ -1.8112, 38.3513 ], [ -1.7841, 38.3559 ], [ -1.7945, 38.3689 ], [ -1.7703, 38.3642 ], [ -1.772, 38.3784 ], [ -1.7523, 38.375 ], [ -1.7444, 38.3808 ], [ -1.7344, 38.3701 ], [ -1.7196, 38.3683 ], [ -1.7191, 38.363 ], [ -1.7038, 38.3748 ], [ -1.6877, 38.3654 ], [ -1.6815, 38.3496 ], [ -1.692, 38.3471 ], [ -1.6933, 38.3377 ], [ -1.672, 38.3217 ], [ -1.6697, 38.3118 ], [ -1.5895, 38.3099 ], [ -1.5588, 38.325 ], [ -1.5418, 38.3431 ], [ -1.4784, 38.3764 ], [ -1.4749, 38.4089 ], [ -1.4799, 38.4798 ], [ -1.4987, 38.5321 ], [ -1.4878, 38.5632 ], [ -1.452, 38.5815 ], [ -1.4433, 38.637 ], [ -1.4477, 38.6495 ], [ -1.4217, 38.6771 ], [ -1.3838, 38.6992 ], [ -1.3666, 38.704 ], [ -1.3431, 38.6774 ], [ -1.2837, 38.7072 ], [ -1.2497, 38.7387 ], [ -1.1838, 38.7551 ], [ -1.1197, 38.7377 ], [ -1.1158, 38.7114 ], [ -1.0429, 38.6613 ], [ -1.0261, 38.6556 ], [ -1.0239, 38.6401 ], [ -1.0158, 38.6352 ], [ -1.0015, 38.5727 ], [ -1.0261, 38.5228 ], [ -1.0137, 38.4967 ], [ -1.0594, 38.4558 ], [ -1.0942, 38.4379 ], [ -1.0772, 38.4314 ], [ -1.0852, 38.429 ], [ -1.088, 38.4053 ], [ -1.0844, 38.3462 ], [ -1.028, 38.3384 ], [ -0.9893, 38.3207 ], [ -0.968, 38.2758 ], [ -0.9681, 38.2558 ], [ -0.9888, 38.1994 ], [ -1.0091, 38.1667 ], [ -1.0367, 38.1377 ], [ -1.0226, 38.0757 ], [ -0.9657, 38.0127 ], [ -0.9228, 37.9463 ], [ -0.9002, 37.9231 ], [ -0.8305, 37.8644 ], [ -0.8036, 37.8592 ], [ -0.7811, 37.8446 ], [ -0.7624, 37.8466 ], [ -0.7573, 37.823 ], [ -0.7517, 37.823 ], [ -0.7506, 37.8212 ], [ -0.7547, 37.8227 ], [ -0.7553, 37.8209 ], [ -0.7575, 37.8224 ], [ -0.7574, 37.8193 ], [ -0.7529, 37.8207 ], [ -0.7582, 37.8174 ], [ -0.752, 37.7954 ], [ -0.7482, 37.7908 ], [ -0.7522, 37.7882 ], [ -0.7758, 37.8191 ], [ -0.7963, 37.8105 ], [ -0.8032, 37.7972 ], [ -0.798, 37.7848 ], [ -0.827, 37.7553 ], [ -0.8448, 37.748 ], [ -0.8496, 37.7322 ], [ -0.8598, 37.7228 ], [ -0.857, 37.7134 ], [ -0.8243, 37.6744 ], [ -0.8028, 37.6582 ], [ -0.7505, 37.6418 ], [ -0.7442, 37.6332 ], [ -0.7277, 37.6348 ], [ -0.7198, 37.6488 ], [ -0.7262, 37.6603 ], [ -0.7403, 37.6595 ], [ -0.7299, 37.662 ], [ -0.7457, 37.706 ], [ -0.739, 37.7373 ], [ -0.7437, 37.7428 ], [ -0.7456, 37.7482 ], [ -0.7416, 37.7432 ], [ -0.7419, 37.7474 ], [ -0.7335, 37.7465 ], [ -0.7455, 37.749 ], [ -0.7422, 37.7533 ], [ -0.7471, 37.758 ], [ -0.7537, 37.7755 ], [ -0.7505, 37.7775 ], [ -0.75, 37.7806 ], [ -0.7537, 37.7759 ], [ -0.7579, 37.7799 ], [ -0.7553, 37.7789 ], [ -0.7538, 37.7795 ], [ -0.7535, 37.7833 ], [ -0.7465, 37.7808 ], [ -0.7401, 37.7723 ], [ -0.7457, 37.7691 ], [ -0.7451, 37.7588 ], [ -0.7351, 37.7492 ], [ -0.7278, 37.7501 ], [ -0.7214, 37.74 ], [ -0.7272, 37.7467 ], [ -0.7331, 37.7469 ], [ -0.7283, 37.7445 ], [ -0.7344, 37.739 ], [ -0.7295, 37.7386 ], [ -0.7382, 37.7346 ], [ -0.7409, 37.7099 ], [ -0.7315, 37.6785 ], [ -0.7097, 37.6413 ], [ -0.6883, 37.6328 ], [ -0.7022, 37.6303 ], [ -0.7178, 37.6069 ], [ -0.7318, 37.6015 ], [ -0.7824, 37.5947 ], [ -0.82, 37.575 ], [ -0.85, 37.5821 ], [ -0.8771, 37.5771 ], [ -0.879, 37.57 ], [ -0.9192, 37.554 ], [ -0.934, 37.559 ], [ -0.9523, 37.5578 ], [ -0.9675, 37.5605 ], [ -0.9718, 37.5597 ], [ -0.9794, 37.5669 ], [ -0.9733, 37.5614 ], [ -0.9666, 37.5625 ], [ -0.971, 37.5692 ], [ -0.9614, 37.5635 ], [ -0.9505, 37.5683 ], [ -0.9758, 37.5773 ], [ -0.9753, 37.5885 ], [ -0.9835, 37.5891 ], [ -0.9756, 37.5893 ], [ -0.9731, 37.5972 ], [ -0.9761, 37.5989 ], [ -0.9751, 37.5968 ], [ -0.9817, 37.5972 ], [ -0.9792, 37.5955 ], [ -0.9852, 37.5953 ], [ -0.9897, 37.6014 ], [ -0.9935, 37.5955 ], [ -0.984, 37.5843 ], [ -0.9897, 37.5815 ], [ -1.0015, 37.5897 ], [ -0.9992, 37.5842 ], [ -1.0099, 37.5858 ], [ -1.0053, 37.5836 ], [ -1.0179, 37.5728 ], [ -1.022, 37.5736 ], [ -1.074, 37.5842 ], [ -1.0912, 37.5753 ], [ -1.0958, 37.5688 ], [ -1.1087, 37.5694 ], [ -1.1198, 37.5623 ], [ -1.1271, 37.5521 ], [ -1.1068, 37.5359 ], [ -1.1111, 37.5341 ], [ -1.1665, 37.5421 ], [ -1.1749, 37.5509 ], [ -1.1686, 37.5571 ], [ -1.1742, 37.5631 ], [ -1.2135, 37.5753 ], [ -1.2462, 37.5761 ], [ -1.2575, 37.5664 ], [ -1.2545, 37.5645 ], [ -1.2558, 37.5576 ], [ -1.3236, 37.5634 ], [ -1.3557, 37.5502 ], [ -1.3723, 37.5324 ], [ -1.3917, 37.524 ], [ -1.4016, 37.5072 ], [ -1.428, 37.5037 ], [ -1.4536, 37.4915 ], [ -1.4685, 37.4733 ], [ -1.4815, 37.4525 ] ] ], [ [ [ -1.4681, 37.4716 ], [ -1.4679, 37.4717 ], [ -1.4685, 37.4704 ], [ -1.4681, 37.4716 ] ] ], [ [ [ -1.4685, 37.4729 ], [ -1.4685, 37.473 ], [ -1.4682, 37.473 ], [ -1.4685, 37.4729 ] ] ], [ [ [ -1.27, 37.5551 ], [ -1.2671, 37.5578 ], [ -1.2659, 37.5559 ], [ -1.27, 37.5551 ] ] ], [ [ [ -1.328, 37.5572 ], [ -1.3278, 37.5571 ], [ -1.3279, 37.5563 ], [ -1.328, 37.5572 ] ] ], [ [ [ -0.9696, 37.5586 ], [ -0.9718, 37.5593 ], [ -0.9678, 37.5601 ], [ -0.9696, 37.5586 ] ] ], [ [ [ -1.0944, 37.5698 ], [ -1.0945, 37.5699 ], [ -1.0944, 37.57 ], [ -1.0944, 37.5698 ] ] ], [ [ [ -1.0415, 37.5702 ], [ -1.0414, 37.5701 ], [ -1.0421, 37.5697 ], [ -1.0415, 37.5702 ] ] ], [ [ [ -1.0421, 37.5713 ], [ -1.0406, 37.5704 ], [ -1.0415, 37.5702 ], [ -1.0419, 37.5701 ], [ -1.0421, 37.5713 ] ] ], [ [ [ -1.2079, 37.5723 ], [ -1.2074, 37.5721 ], [ -1.2076, 37.5708 ], [ -1.2079, 37.5723 ] ] ], [ [ [ -1.0226, 37.573 ], [ -1.0224, 37.5731 ], [ -1.0224, 37.573 ], [ -1.0226, 37.573 ] ] ], [ [ [ -1.0227, 37.5731 ], [ -1.0228, 37.5732 ], [ -1.0226, 37.5732 ], [ -1.0227, 37.5731 ] ] ], [ [ [ -1.0148, 37.5743 ], [ -1.0147, 37.5744 ], [ -1.0146, 37.5743 ], [ -1.0148, 37.5743 ] ] ], [ [ [ -0.972, 37.575 ], [ -0.9721, 37.575 ], [ -0.9721, 37.5751 ], [ -0.972, 37.575 ] ] ], [ [ [ -1.0116, 37.5764 ], [ -1.0118, 37.5764 ], [ -1.0118, 37.5766 ], [ -1.0116, 37.5764 ] ] ], [ [ [ -0.9779, 37.5811 ], [ -0.9777, 37.5811 ], [ -0.9778, 37.581 ], [ -0.9779, 37.5811 ] ] ], [ [ [ -0.9781, 37.5813 ], [ -0.9781, 37.5814 ], [ -0.9779, 37.5814 ], [ -0.9781, 37.5813 ] ] ], [ [ [ -0.8043, 37.7014 ], [ -0.8033, 37.7028 ], [ -0.7966, 37.702 ], [ -0.7984, 37.697 ], [ -0.8043, 37.7014 ] ] ], [ [ [ -0.7494, 37.6662 ], [ -0.7476, 37.6657 ], [ -0.7492, 37.6648 ], [ -0.7494, 37.6662 ] ] ], [ [ [ -0.7762, 37.6961 ], [ -0.7713, 37.7029 ], [ -0.7646, 37.6937 ], [ -0.7714, 37.691 ], [ -0.7762, 37.6961 ] ] ], [ [ [ -0.7554, 37.722 ], [ -0.7557, 37.722 ], [ -0.7557, 37.7222 ], [ -0.7554, 37.722 ] ] ], [ [ [ -0.7588, 37.7794 ], [ -0.759, 37.7798 ], [ -0.7587, 37.7798 ], [ -0.7588, 37.7794 ] ] ], [ [ [ -0.7443, 37.7811 ], [ -0.7442, 37.7808 ], [ -0.7446, 37.7807 ], [ -0.7443, 37.7811 ] ] ], [ [ [ -0.7591, 37.7808 ], [ -0.7595, 37.7823 ], [ -0.7573, 37.7824 ], [ -0.7591, 37.7808 ] ] ], [ [ [ -0.7449, 37.7817 ], [ -0.7446, 37.7814 ], [ -0.745, 37.7812 ], [ -0.7449, 37.7817 ] ] ], [ [ [ -0.7459, 37.7827 ], [ -0.7453, 37.7827 ], [ -0.7454, 37.7818 ], [ -0.7459, 37.7827 ] ] ], [ [ [ -0.7605, 37.7846 ], [ -0.7577, 37.7843 ], [ -0.758, 37.7837 ], [ -0.7596, 37.7825 ], [ -0.7605, 37.7846 ] ] ], [ [ [ -0.7462, 37.7837 ], [ -0.7459, 37.7843 ], [ -0.7454, 37.7837 ], [ -0.7462, 37.7837 ] ] ], [ [ [ -0.7465, 37.7855 ], [ -0.7465, 37.7856 ], [ -0.7463, 37.7856 ], [ -0.7465, 37.7855 ] ] ], [ [ [ -0.7584, 37.7861 ], [ -0.7573, 37.7855 ], [ -0.7571, 37.7851 ], [ -0.7584, 37.7861 ] ] ], [ [ [ -0.755, 37.7854 ], [ -0.7574, 37.7883 ], [ -0.756, 37.7876 ], [ -0.7536, 37.7836 ], [ -0.755, 37.7854 ] ] ], [ [ [ -0.7586, 37.788 ], [ -0.7581, 37.7887 ], [ -0.7574, 37.7883 ], [ -0.7586, 37.788 ] ] ], [ [ [ -0.7597, 37.7877 ], [ -0.7588, 37.7887 ], [ -0.7586, 37.788 ], [ -0.7597, 37.7877 ] ] ], [ [ [ -0.7466, 37.7863 ], [ -0.7471, 37.786 ], [ -0.7472, 37.7863 ], [ -0.7466, 37.7863 ] ] ], [ [ [ -0.7594, 37.7863 ], [ -0.7592, 37.7863 ], [ -0.7593, 37.7862 ], [ -0.7594, 37.7863 ] ] ], [ [ [ -0.7589, 37.7865 ], [ -0.7587, 37.7864 ], [ -0.7593, 37.7865 ], [ -0.7589, 37.7865 ] ] ], [ [ [ -0.7616, 37.7885 ], [ -0.7592, 37.7888 ], [ -0.7599, 37.7886 ], [ -0.7599, 37.7861 ], [ -0.7573, 37.7849 ], [ -0.76, 37.7848 ], [ -0.7616, 37.7885 ] ] ], [ [ [ -0.7591, 37.7871 ], [ -0.7585, 37.7865 ], [ -0.7586, 37.7865 ], [ -0.7591, 37.7871 ] ] ], [ [ [ -0.7592, 37.7874 ], [ -0.7579, 37.7867 ], [ -0.7582, 37.7864 ], [ -0.7592, 37.7874 ] ] ], [ [ [ -0.7476, 37.7873 ], [ -0.7479, 37.7873 ], [ -0.7478, 37.7875 ], [ -0.7476, 37.7873 ] ] ], [ [ [ -0.7483, 37.7891 ], [ -0.7478, 37.7894 ], [ -0.7475, 37.7882 ], [ -0.7483, 37.7891 ] ] ], [ [ [ -0.7624, 37.7907 ], [ -0.759, 37.7903 ], [ -0.7615, 37.7887 ], [ -0.7624, 37.7907 ] ] ], [ [ [ -0.7569, 37.7916 ], [ -0.7573, 37.7917 ], [ -0.7572, 37.7918 ], [ -0.7569, 37.7916 ] ] ], [ [ [ -0.7488, 37.7919 ], [ -0.7486, 37.7921 ], [ -0.7486, 37.7919 ], [ -0.7488, 37.7919 ] ] ], [ [ [ -0.7618, 37.7921 ], [ -0.7613, 37.7919 ], [ -0.7616, 37.7917 ], [ -0.7618, 37.7921 ] ] ], [ [ [ -0.7576, 37.7922 ], [ -0.7576, 37.792 ], [ -0.7577, 37.7921 ], [ -0.7576, 37.7922 ] ] ], [ [ [ -0.7579, 37.7923 ], [ -0.7582, 37.7924 ], [ -0.7583, 37.7924 ], [ -0.7581, 37.7929 ], [ -0.7578, 37.7926 ], [ -0.758, 37.7925 ], [ -0.7579, 37.7923 ] ] ], [ [ [ -0.7592, 37.7924 ], [ -0.7594, 37.7922 ], [ -0.7594, 37.7926 ], [ -0.7592, 37.7924 ] ] ], [ [ [ -0.7622, 37.7926 ], [ -0.7622, 37.7925 ], [ -0.7624, 37.793 ], [ -0.7622, 37.7926 ] ] ], [ [ [ -0.7622, 37.7936 ], [ -0.7624, 37.7932 ], [ -0.7625, 37.7937 ], [ -0.7622, 37.7936 ] ] ], [ [ [ -0.7605, 37.8458 ], [ -0.7605, 37.8455 ], [ -0.7608, 37.8461 ], [ -0.7605, 37.8458 ] ] ], [ [ [ -0.7609, 37.847 ], [ -0.761, 37.8471 ], [ -0.7609, 37.8472 ], [ -0.7609, 37.847 ] ] ], [ [ [ -0.7084, 37.6182 ], [ -0.7086, 37.6182 ], [ -0.7085, 37.6185 ], [ -0.7084, 37.6182 ] ] ], [ [ [ -0.7092, 37.6196 ], [ -0.7084, 37.6191 ], [ -0.7087, 37.619 ], [ -0.7092, 37.6196 ] ] ], [ [ [ -0.7055, 37.624 ], [ -0.7055, 37.6236 ], [ -0.7057, 37.6237 ], [ -0.7055, 37.624 ] ] ], [ [ [ -0.7018, 37.6239 ], [ -0.7021, 37.6239 ], [ -0.7019, 37.624 ], [ -0.7018, 37.6239 ] ] ], [ [ [ -0.702, 37.6241 ], [ -0.7021, 37.6242 ], [ -0.702, 37.6243 ], [ -0.702, 37.6241 ] ] ], [ [ [ -0.7026, 37.6245 ], [ -0.7025, 37.6244 ], [ -0.703, 37.6241 ], [ -0.7026, 37.6245 ] ] ], [ [ [ -0.6942, 37.6294 ], [ -0.6944, 37.6293 ], [ -0.6945, 37.6297 ], [ -0.6942, 37.6294 ] ] ], [ [ [ -0.693, 37.6297 ], [ -0.6935, 37.6296 ], [ -0.6935, 37.6299 ], [ -0.693, 37.6297 ] ] ], [ [ [ -0.6894, 37.6314 ], [ -0.6895, 37.6315 ], [ -0.6894, 37.6316 ], [ -0.6894, 37.6314 ] ] ], [ [ [ -0.691, 37.6317 ], [ -0.6911, 37.6317 ], [ -0.691, 37.6318 ], [ -0.691, 37.6317 ] ] ], [ [ [ -0.6893, 37.6318 ], [ -0.6894, 37.6319 ], [ -0.6894, 37.632 ], [ -0.6893, 37.632 ], [ -0.6893, 37.6318 ] ] ], [ [ [ -0.6895, 37.6321 ], [ -0.6894, 37.632 ], [ -0.6896, 37.632 ], [ -0.6895, 37.6321 ] ] ], [ [ [ -0.6886, 37.6322 ], [ -0.6887, 37.6322 ], [ -0.6887, 37.6323 ], [ -0.6886, 37.6322 ] ] ], [ [ [ -0.6881, 37.6332 ], [ -0.6881, 37.6333 ], [ -0.688, 37.6334 ], [ -0.6881, 37.6332 ] ] ], [ [ [ -0.6874, 37.6335 ], [ -0.6872, 37.6336 ], [ -0.6872, 37.6335 ], [ -0.6874, 37.6335 ] ] ], [ [ [ -0.688, 37.6358 ], [ -0.6883, 37.6358 ], [ -0.6881, 37.636 ], [ -0.688, 37.6358 ] ] ], [ [ [ -0.6889, 37.6364 ], [ -0.6891, 37.6364 ], [ -0.689, 37.6365 ], [ -0.6889, 37.6364 ] ] ], [ [ [ -0.6534, 37.6523 ], [ -0.6532, 37.6522 ], [ -0.6537, 37.652 ], [ -0.6534, 37.6523 ] ] ], [ [ [ -0.6485, 37.6565 ], [ -0.6481, 37.6565 ], [ -0.6494, 37.655 ], [ -0.6485, 37.6565 ] ] ], [ [ [ -0.7183, 37.6646 ], [ -0.7189, 37.6645 ], [ -0.7187, 37.6648 ], [ -0.7183, 37.6646 ] ] ], [ [ [ -0.7403, 37.6705 ], [ -0.739, 37.6694 ], [ -0.7401, 37.6687 ], [ -0.7403, 37.6705 ] ] ], [ [ [ -0.7093, 37.7303 ], [ -0.7061, 37.7304 ], [ -0.7057, 37.7264 ], [ -0.7093, 37.7303 ] ] ], [ [ [ -0.698, 37.732 ], [ -0.6976, 37.7317 ], [ -0.6981, 37.7314 ], [ -0.698, 37.732 ] ] ], [ [ [ -0.7443, 37.7785 ], [ -0.7442, 37.7786 ], [ -0.7439, 37.7787 ], [ -0.7443, 37.7785 ] ] ], [ [ [ -0.7441, 37.7799 ], [ -0.7444, 37.7795 ], [ -0.7445, 37.7802 ], [ -0.7441, 37.7799 ] ] ] ] } },
{ "type": "Feature", "properties": { "prov": "Navarra", "ccaa": "Comunidad Foral de Navarra" }, "geometry": { "type": "MultiPolygon", "coordinates": [ [ [ [ -2.1368, 42.4212 ], [ -2.175, 42.4078 ], [ -2.1861, 42.4188 ], [ -2.2165, 42.416 ], [ -2.2121, 42.4214 ], [ -2.235, 42.4261 ], [ -2.241, 42.4418 ], [ -2.2626, 42.4495 ], [ -2.2764, 42.4467 ], [ -2.288, 42.4674 ], [ -2.2969, 42.4681 ], [ -2.2932, 42.46 ], [ -2.2987, 42.4574 ], [ -2.33, 42.4688 ], [ -2.3365, 42.4646 ], [ -2.3318, 42.454 ], [ -2.3442, 42.4515 ], [ -2.3526, 42.4656 ], [ -2.3636, 42.4616 ], [ -2.3766, 42.4728 ], [ -2.4, 42.4714 ], [ -2.4153, 42.4903 ], [ -2.4206, 42.4892 ], [ -2.4238, 42.5096 ], [ -2.3922, 42.517 ], [ -2.4011, 42.5385 ], [ -2.39, 42.5491 ], [ -2.4, 42.5891 ], [ -2.3968, 42.5991 ], [ -2.4211, 42.6071 ], [ -2.4532, 42.5671 ], [ -2.4622, 42.5874 ], [ -2.4903, 42.585 ], [ -2.5001, 42.6165 ], [ -2.4831, 42.6122 ], [ -2.4711, 42.6273 ], [ -2.4546, 42.6349 ], [ -2.4501, 42.6473 ], [ -2.4158, 42.6627 ], [ -2.3946, 42.6608 ], [ -2.3763, 42.6507 ], [ -2.3817, 42.6474 ], [ -2.3721, 42.6434 ], [ -2.3819, 42.6343 ], [ -2.3449, 42.6345 ], [ -2.3322, 42.6462 ], [ -2.2885, 42.6551 ], [ -2.2936, 42.6779 ], [ -2.3093, 42.6712 ], [ -2.3169, 42.6825 ], [ -2.3129, 42.7087 ], [ -2.324, 42.7238 ], [ -2.3168, 42.7393 ], [ -2.3044, 42.7358 ], [ -2.2622, 42.7485 ], [ -2.281, 42.7851 ], [ -2.2687, 42.7947 ], [ -2.2677, 42.8134 ], [ -2.2354, 42.8353 ], [ -2.241, 42.8856 ], [ -2.2531, 42.8928 ], [ -2.2378, 42.896 ], [ -2.2378, 42.9215 ], [ -2.2322, 42.9318 ], [ -2.2203, 42.9332 ], [ -2.2103, 42.9499 ], [ -2.1991, 42.9512 ], [ -2.181, 42.9351 ], [ -2.1562, 42.9422 ], [ -2.1174, 42.9421 ], [ -2.1035, 42.9485 ], [ -2.0953, 42.9723 ], [ -2.0383, 42.981 ], [ -2.0283, 42.9988 ], [ -2.0414, 43.0297 ], [ -2.0317, 43.0317 ], [ -2.0204, 43.0467 ], [ -2.0228, 43.0652 ], [ -1.9751, 43.0834 ], [ -1.9716, 43.0933 ], [ -1.9475, 43.0975 ], [ -1.902, 43.1359 ], [ -1.9051, 43.1443 ], [ -1.9207, 43.1506 ], [ -1.9159, 43.1647 ], [ -1.922, 43.1867 ], [ -1.911, 43.2043 ], [ -1.9157, 43.2234 ], [ -1.9106, 43.2272 ], [ -1.9033, 43.2113 ], [ -1.8902, 43.2073 ], [ -1.8872, 43.2146 ], [ -1.8819, 43.2068 ], [ -1.8817, 43.2121 ], [ -1.8749, 43.2105 ], [ -1.8808, 43.2179 ], [ -1.874, 43.2196 ], [ -1.8807, 43.2206 ], [ -1.8767, 43.2319 ], [ -1.8736, 43.2262 ], [ -1.8676, 43.2305 ], [ -1.8617, 43.2121 ], [ -1.85, 43.2285 ], [ -1.8471, 43.2237 ], [ -1.8257, 43.2283 ], [ -1.8191, 43.239 ], [ -1.7952, 43.2463 ], [ -1.7939, 43.2765 ], [ -1.7832, 43.2868 ], [ -1.7294, 43.2938 ], [ -1.6958, 43.3121 ], [ -1.6684, 43.3148 ], [ -1.624, 43.306 ], [ -1.6307, 43.285 ], [ -1.6217, 43.2636 ], [ -1.6088, 43.2519 ], [ -1.5752, 43.2499 ], [ -1.5571, 43.2794 ], [ -1.565, 43.288 ], [ -1.5353, 43.2947 ], [ -1.506, 43.2935 ], [ -1.4924, 43.2805 ], [ -1.4825, 43.2832 ], [ -1.4686, 43.2733 ], [ -1.4385, 43.2666 ], [ -1.4132, 43.2735 ], [ -1.403, 43.2692 ], [ -1.3825, 43.2531 ], [ -1.3777, 43.2298 ], [ -1.3844, 43.2214 ], [ -1.3806, 43.2147 ], [ -1.3866, 43.1948 ], [ -1.3816, 43.1896 ], [ -1.4021, 43.1782 ], [ -1.4022, 43.1557 ], [ -1.4164, 43.1493 ], [ -1.4097, 43.1427 ], [ -1.4148, 43.1275 ], [ -1.4732, 43.0867 ], [ -1.4412, 43.0463 ], [ -1.3539, 43.0283 ], [ -1.343, 43.0544 ], [ -1.3448, 43.0944 ], [ -1.3214, 43.1127 ], [ -1.2702, 43.1183 ], [ -1.2998, 43.0923 ], [ -1.3098, 43.0693 ], [ -1.2711, 43.0552 ], [ -1.2636, 43.044 ], [ -1.2476, 43.0426 ], [ -1.2297, 43.0555 ], [ -1.2126, 43.0515 ], [ -1.181, 43.0326 ], [ -1.174, 43.0376 ], [ -1.1455, 43.0258 ], [ -1.1419, 43.0076 ], [ -1.115, 43.024 ], [ -1.0834, 43.0113 ], [ -1.0863, 43.0026 ], [ -1.0723, 42.998 ], [ -1.0174, 42.9954 ], [ -0.9971, 42.9754 ], [ -0.945, 42.9534 ], [ -0.9257, 42.9539 ], [ -0.9084, 42.9645 ], [ -0.8957, 42.9555 ], [ -0.8639, 42.9508 ], [ -0.8105, 42.9513 ], [ -0.793, 42.963 ], [ -0.7674, 42.9692 ], [ -0.7519, 42.9675 ], [ -0.7435, 42.9508 ], [ -0.7307, 42.9468 ], [ -0.7325, 42.9284 ], [ -0.7254, 42.9196 ], [ -0.7829, 42.9216 ], [ -0.819, 42.901 ], [ -0.8197, 42.8885 ], [ -0.814, 42.888 ], [ -0.8186, 42.8687 ], [ -0.8294, 42.8666 ], [ -0.8478, 42.8475 ], [ -0.8568, 42.8471 ], [ -0.8514, 42.8076 ], [ -0.86, 42.7986 ], [ -0.8475, 42.7859 ], [ -0.8648, 42.7634 ], [ -0.9005, 42.7605 ], [ -0.9005, 42.7431 ], [ -0.923, 42.744 ], [ -0.9359, 42.7343 ], [ -0.9487, 42.7115 ], [ -0.9692, 42.7037 ], [ -1.028, 42.7001 ], [ -1.0392, 42.6916 ], [ -1.0325, 42.6756 ], [ -1.0396, 42.6642 ], [ -1.0368, 42.6516 ], [ -1.0519, 42.6426 ], [ -1.152, 42.6479 ], [ -1.1571, 42.6109 ], [ -1.1719, 42.6171 ], [ -1.1798, 42.6106 ], [ -1.158, 42.5992 ], [ -1.2019, 42.5782 ], [ -1.2028, 42.5497 ], [ -1.2183, 42.5492 ], [ -1.2262, 42.5422 ], [ -1.2648, 42.5568 ], [ -1.2881, 42.5228 ], [ -1.2935, 42.511 ], [ -1.2875, 42.5086 ], [ -1.2867, 42.4985 ], [ -1.2751, 42.4958 ], [ -1.2728, 42.4819 ], [ -1.2814, 42.4644 ], [ -1.3152, 42.4492 ], [ -1.3415, 42.4239 ], [ -1.3429, 42.4081 ], [ -1.3599, 42.378 ], [ -1.3506, 42.3701 ], [ -1.3362, 42.372 ], [ -1.3291, 42.3554 ], [ -1.3991, 42.2913 ], [ -1.3914, 42.2721 ], [ -1.4175, 42.2124 ], [ -1.3919, 42.1814 ], [ -1.3989, 42.1262 ], [ -1.3668, 42.107 ], [ -1.3653, 42.0932 ], [ -1.3523, 42.0731 ], [ -1.3106, 42.0723 ], [ -1.3048, 42.0429 ], [ -1.3395, 42.018 ], [ -1.3744, 41.962 ], [ -1.386, 41.9572 ], [ -1.3822, 41.9433 ], [ -1.4036, 41.9351 ], [ -1.4182, 41.9136 ], [ -1.4533, 41.9157 ], [ -1.4776, 41.9249 ], [ -1.5018, 41.9243 ], [ -1.5061, 41.9159 ], [ -1.5233, 41.9099 ], [ -1.5593, 41.9139 ], [ -1.5963, 41.9271 ], [ -1.6148, 41.9505 ], [ -1.6541, 41.9654 ], [ -1.6636, 41.96 ], [ -1.6755, 41.9668 ], [ -1.6868, 41.9529 ], [ -1.7152, 41.957 ], [ -1.7414, 41.9684 ], [ -1.7669, 41.9958 ], [ -1.7914, 41.9896 ], [ -1.8103, 41.998 ], [ -1.8337, 41.9951 ], [ -1.8464, 42.008 ], [ -1.8552, 42.0026 ], [ -1.8829, 42.0263 ], [ -1.9016, 42.0297 ], [ -1.9033, 42.0545 ], [ -1.9092, 42.0591 ], [ -1.9023, 42.0739 ], [ -1.8403, 42.1281 ], [ -1.8324, 42.1482 ], [ -1.8216, 42.1536 ], [ -1.779, 42.1377 ], [ -1.7647, 42.1504 ], [ -1.7397, 42.1497 ], [ -1.7199, 42.1334 ], [ -1.6797, 42.1517 ], [ -1.6938, 42.1584 ], [ -1.7009, 42.1731 ], [ -1.6795, 42.1911 ], [ -1.7038, 42.1915 ], [ -1.7097, 42.21 ], [ -1.7412, 42.212 ], [ -1.7664, 42.2212 ], [ -1.7727, 42.2144 ], [ -1.7803, 42.2242 ], [ -1.8152, 42.2281 ], [ -1.8206, 42.2339 ], [ -1.8192, 42.2486 ], [ -1.8297, 42.2441 ], [ -1.8498, 42.2593 ], [ -1.8558, 42.2497 ], [ -1.8723, 42.2527 ], [ -1.8762, 42.259 ], [ -1.8662, 42.2754 ], [ -1.8707, 42.289 ], [ -1.8844, 42.2878 ], [ -1.9138, 42.3001 ], [ -1.9071, 42.3085 ], [ -1.919, 42.3161 ], [ -1.9185, 42.327 ], [ -1.9315, 42.3222 ], [ -1.9423, 42.3352 ], [ -1.9645, 42.3338 ], [ -1.9696, 42.3525 ], [ -1.9786, 42.3499 ], [ -1.9955, 42.3636 ], [ -2.0061, 42.3608 ], [ -2.016, 42.3693 ], [ -2.07, 42.3425 ], [ -2.09, 42.347 ], [ -2.0897, 42.3567 ], [ -2.0786, 42.3681 ], [ -2.0928, 42.3758 ], [ -2.0891, 42.385 ], [ -2.1155, 42.3991 ], [ -2.1051, 42.4159 ], [ -2.1368, 42.4212 ] ] ], [ [ [ -1.1805, 42.4256 ], [ -1.1542, 42.4414 ], [ -1.1452, 42.4417 ], [ -1.1547, 42.4138 ], [ -1.1847, 42.4009 ], [ -1.189, 42.4042 ], [ -1.1805, 42.4256 ] ] ], [ [ [ -1.1294, 42.4474 ], [ -1.1028, 42.4848 ], [ -1.092, 42.4858 ], [ -1.0852, 42.4836 ], [ -1.0855, 42.4734 ], [ -1.0696, 42.4665 ], [ -1.0517, 42.4399 ], [ -1.0616, 42.4334 ], [ -1.1294, 42.4474 ] ] ] ] } },
{ "type": "Feature", "properties": { "prov": "Ourense", "ccaa": "Galicia" }, "geometry": { "type": "Polygon", "coordinates": [ [ [ -7.9825, 41.8712 ], [ -8.006, 41.8471 ], [ -8.0141, 41.829 ], [ -8.0387, 41.83 ], [ -8.0577, 41.8157 ], [ -8.0939, 41.808 ], [ -8.1166, 41.8127 ], [ -8.1309, 41.8089 ], [ -8.165, 41.8181 ], [ -8.1618, 41.861 ], [ -8.1702, 41.8774 ], [ -8.1995, 41.8737 ], [ -8.2014, 41.888 ], [ -8.2154, 41.8981 ], [ -8.2168, 41.9136 ], [ -8.1979, 41.9395 ], [ -8.1749, 41.9549 ], [ -8.1629, 41.9827 ], [ -8.1408, 41.9887 ], [ -8.1279, 42.0056 ], [ -8.086, 42.0165 ], [ -8.0845, 42.0473 ], [ -8.0966, 42.0723 ], [ -8.1187, 42.0823 ], [ -8.138, 42.0758 ], [ -8.1496, 42.0793 ], [ -8.1755, 42.0653 ], [ -8.1881, 42.0739 ], [ -8.1859, 42.0981 ], [ -8.1935, 42.1291 ], [ -8.188, 42.1435 ], [ -8.1987, 42.1543 ], [ -8.1817, 42.1577 ], [ -8.1612, 42.1792 ], [ -8.176, 42.1857 ], [ -8.1797, 42.2099 ], [ -8.1923, 42.2091 ], [ -8.1646, 42.2214 ], [ -8.1623, 42.2273 ], [ -8.1727, 42.2352 ], [ -8.1618, 42.2441 ], [ -8.2034, 42.2445 ], [ -8.2121, 42.2358 ], [ -8.2295, 42.2329 ], [ -8.2417, 42.245 ], [ -8.2646, 42.2529 ], [ -8.2729, 42.2824 ], [ -8.262, 42.3154 ], [ -8.2848, 42.3177 ], [ -8.3052, 42.34 ], [ -8.3247, 42.345 ], [ -8.3251, 42.352 ], [ -8.3175, 42.3563 ], [ -8.3245, 42.3692 ], [ -8.3147, 42.381 ], [ -8.3383, 42.4334 ], [ -8.3358, 42.448 ], [ -8.342, 42.4657 ], [ -8.3663, 42.4873 ], [ -8.3526, 42.4808 ], [ -8.3421, 42.4844 ], [ -8.3405, 42.4924 ], [ -8.3123, 42.4954 ], [ -8.3027, 42.4902 ], [ -8.2748, 42.5084 ], [ -8.2637, 42.5257 ], [ -8.2389, 42.5385 ], [ -8.2176, 42.5339 ], [ -8.1993, 42.5518 ], [ -8.1843, 42.5569 ], [ -8.1865, 42.5651 ], [ -8.1739, 42.572 ], [ -8.1468, 42.5487 ], [ -8.0905, 42.5578 ], [ -8.0594, 42.5487 ], [ -8.0484, 42.5549 ], [ -8.0186, 42.5422 ], [ -7.9925, 42.5725 ], [ -7.967, 42.5664 ], [ -7.928, 42.5785 ], [ -7.9116, 42.5561 ], [ -7.89, 42.5502 ], [ -7.8887, 42.5381 ], [ -7.924, 42.525 ], [ -7.9016, 42.5214 ], [ -7.9132, 42.5084 ], [ -7.8754, 42.5109 ], [ -7.8779, 42.5026 ], [ -7.8615, 42.5041 ], [ -7.8451, 42.4984 ], [ -7.8421, 42.4905 ], [ -7.8188, 42.4917 ], [ -7.8013, 42.48 ], [ -7.765, 42.494 ], [ -7.7483, 42.48 ], [ -7.7884, 42.4735 ], [ -7.7889, 42.466 ], [ -7.7813, 42.4681 ], [ -7.7527, 42.451 ], [ -7.7392, 42.4566 ], [ -7.7132, 42.4524 ], [ -7.6979, 42.4295 ], [ -7.6819, 42.4225 ], [ -7.6621, 42.423 ], [ -7.6569, 42.4152 ], [ -7.6314, 42.4071 ], [ -7.6191, 42.3849 ], [ -7.5761, 42.4049 ], [ -7.542, 42.3844 ], [ -7.5076, 42.3868 ], [ -7.4658, 42.4072 ], [ -7.4469, 42.4071 ], [ -7.3992, 42.4356 ], [ -7.3697, 42.4216 ], [ -7.3482, 42.4293 ], [ -7.3065, 42.4288 ], [ -7.291, 42.4143 ], [ -7.2695, 42.4148 ], [ -7.2478, 42.3899 ], [ -7.2201, 42.3872 ], [ -7.2297, 42.3766 ], [ -7.2309, 42.3591 ], [ -7.2177, 42.3369 ], [ -7.2027, 42.3257 ], [ -7.1905, 42.364 ], [ -7.1823, 42.3656 ], [ -7.1821, 42.376 ], [ -7.1719, 42.3792 ], [ -7.1662, 42.4044 ], [ -7.1469, 42.4218 ], [ -7.1493, 42.4362 ], [ -7.1309, 42.441 ], [ -7.1139, 42.4568 ], [ -7.0997, 42.4588 ], [ -7.1003, 42.4679 ], [ -7.0762, 42.4967 ], [ -7.0771, 42.508 ], [ -7.0458, 42.5078 ], [ -7.0287, 42.4979 ], [ -7.001, 42.5057 ], [ -6.9785, 42.4933 ], [ -6.9601, 42.5178 ], [ -6.9322, 42.5205 ], [ -6.9165, 42.5084 ], [ -6.8606, 42.4891 ], [ -6.8492, 42.4867 ], [ -6.837, 42.4955 ], [ -6.8232, 42.4913 ], [ -6.8255, 42.4857 ], [ -6.8083, 42.4686 ], [ -6.8228, 42.4529 ], [ -6.8218, 42.4333 ], [ -6.8143, 42.4274 ], [ -6.8248, 42.4259 ], [ -6.821, 42.4214 ], [ -6.8423, 42.4036 ], [ -6.8208, 42.3856 ], [ -6.7786, 42.381 ], [ -6.7665, 42.365 ], [ -6.7578, 42.3676 ], [ -6.734, 42.3591 ], [ -6.7405, 42.3287 ], [ -6.7343, 42.3187 ], [ -6.7394, 42.3217 ], [ -6.7362, 42.3111 ], [ -6.7411, 42.2987 ], [ -6.765, 42.2727 ], [ -6.767, 42.2575 ], [ -6.7908, 42.253 ], [ -6.8031, 42.239 ], [ -6.7961, 42.2218 ], [ -6.787, 42.2159 ], [ -6.7966, 42.209 ], [ -6.8025, 42.2187 ], [ -6.8436, 42.2283 ], [ -6.8866, 42.2145 ], [ -6.8927, 42.2077 ], [ -6.8882, 42.2023 ], [ -6.9008, 42.1895 ], [ -6.9146, 42.189 ], [ -6.9438, 42.1719 ], [ -6.9487, 42.1356 ], [ -6.9555, 42.1293 ], [ -6.9862, 42.124 ], [ -6.9897, 42.1015 ], [ -7.0025, 42.0971 ], [ -7.0021, 42.0846 ], [ -7.0197, 42.0833 ], [ -7.0336, 42.0742 ], [ -7.031, 42.0633 ], [ -7.0118, 42.0524 ], [ -6.9748, 42.0552 ], [ -6.9731, 42.0391 ], [ -6.9611, 42.0279 ], [ -6.9911, 41.9883 ], [ -6.9858, 41.971 ], [ -7.0062, 41.9506 ], [ -7.0431, 41.955 ], [ -7.0537, 41.9491 ], [ -7.0734, 41.95 ], [ -7.0875, 41.9735 ], [ -7.1414, 41.9908 ], [ -7.1584, 41.9763 ], [ -7.1782, 41.9801 ], [ -7.1871, 41.9695 ], [ -7.1878, 41.9567 ], [ -7.1821, 41.9521 ], [ -7.1896, 41.9419 ], [ -7.1734, 41.919 ], [ -7.182, 41.9129 ], [ -7.1967, 41.88 ], [ -7.232, 41.8674 ], [ -7.2578, 41.8659 ], [ -7.315, 41.8428 ], [ -7.3564, 41.8405 ], [ -7.3658, 41.8528 ], [ -7.3904, 41.8424 ], [ -7.3976, 41.8264 ], [ -7.4282, 41.8072 ], [ -7.4247, 41.8165 ], [ -7.4309, 41.8229 ], [ -7.4258, 41.8302 ], [ -7.4437, 41.8394 ], [ -7.4456, 41.8578 ], [ -7.4525, 41.8651 ], [ -7.4853, 41.8613 ], [ -7.4913, 41.8712 ], [ -7.5022, 41.8694 ], [ -7.5133, 41.8621 ], [ -7.5055, 41.8508 ], [ -7.5213, 41.8418 ], [ -7.5739, 41.8297 ], [ -7.6114, 41.8292 ], [ -7.6116, 41.8467 ], [ -7.6002, 41.8604 ], [ -7.6018, 41.8667 ], [ -7.5841, 41.8757 ], [ -7.5859, 41.8819 ], [ -7.6539, 41.8812 ], [ -7.7008, 41.9077 ], [ -7.7333, 41.8923 ], [ -7.7635, 41.899 ], [ -7.7869, 41.8841 ], [ -7.8452, 41.8813 ], [ -7.8415, 41.8665 ], [ -7.8663, 41.8589 ], [ -7.8728, 41.8449 ], [ -7.8922, 41.8595 ], [ -7.8848, 41.8809 ], [ -7.8847, 41.9243 ], [ -7.9063, 41.9271 ], [ -7.9212, 41.8778 ], [ -7.9825, 41.8712 ] ] ] } },
{ "type": "Feature", "properties": { "prov": "Asturias", "ccaa": "Principado de Asturias" }, "geometry": { "type": "MultiPolygon", "coordinates": [ [ [ [ -6.862, 43.182 ], [ -6.8699, 43.18 ], [ -6.8671, 43.1897 ], [ -6.8711, 43.1888 ], [ -6.8874, 43.1662 ], [ -6.8859, 43.1568 ], [ -6.9019, 43.155 ], [ -6.9204, 43.1405 ], [ -6.9373, 43.1397 ], [ -6.9414, 43.1317 ], [ -6.9571, 43.1349 ], [ -6.9604, 43.1448 ], [ -6.9731, 43.1494 ], [ -6.9808, 43.1665 ], [ -6.9649, 43.1875 ], [ -6.971, 43.2042 ], [ -7.0014, 43.2073 ], [ -7.0096, 43.2229 ], [ -7.017, 43.222 ], [ -7.0201, 43.2132 ], [ -7.0616, 43.244 ], [ -7.0715, 43.2712 ], [ -7.0598, 43.3053 ], [ -7.0904, 43.2998 ], [ -7.1009, 43.3038 ], [ -7.1152, 43.3262 ], [ -7.1312, 43.3313 ], [ -7.1275, 43.3726 ], [ -7.1384, 43.3834 ], [ -7.1596, 43.3747 ], [ -7.1767, 43.3825 ], [ -7.177, 43.3913 ], [ -7.1825, 43.3925 ], [ -7.1688, 43.4048 ], [ -7.1764, 43.4142 ], [ -7.1698, 43.4219 ], [ -7.1728, 43.4302 ], [ -7.142, 43.4307 ], [ -7.1278, 43.4234 ], [ -7.1027, 43.427 ], [ -7.1062, 43.4327 ], [ -7.0978, 43.4328 ], [ -7.1004, 43.4409 ], [ -7.0862, 43.4436 ], [ -7.0902, 43.4553 ], [ -7.0705, 43.4702 ], [ -7.0473, 43.4774 ], [ -7.0452, 43.5148 ], [ -7.0324, 43.5334 ], [ -7.0332, 43.5447 ], [ -7.0256, 43.5461 ], [ -7.0218, 43.5496 ], [ -7.0283, 43.5574 ], [ -7.024, 43.5558 ], [ -7.0213, 43.5594 ], [ -7.0173, 43.5559 ], [ -7.0061, 43.555 ], [ -7.0045, 43.5577 ], [ -6.9983, 43.5541 ], [ -6.9741, 43.5568 ], [ -6.9558, 43.5637 ], [ -6.9537, 43.5685 ], [ -6.948, 43.5636 ], [ -6.9461, 43.575 ], [ -6.9369, 43.5699 ], [ -6.9301, 43.5701 ], [ -6.9254, 43.575 ], [ -6.9142, 43.5728 ], [ -6.9141, 43.5701 ], [ -6.9094, 43.5682 ], [ -6.9101, 43.5664 ], [ -6.8892, 43.5695 ], [ -6.8862, 43.5679 ], [ -6.8762, 43.5624 ], [ -6.8715, 43.5663 ], [ -6.8663, 43.5705 ], [ -6.8648, 43.5668 ], [ -6.8572, 43.5679 ], [ -6.8563, 43.5686 ], [ -6.8539, 43.5705 ], [ -6.8546, 43.5679 ], [ -6.8528, 43.5671 ], [ -6.8541, 43.5656 ], [ -6.8499, 43.5651 ], [ -6.8517, 43.5627 ], [ -6.8283, 43.5664 ], [ -6.8107, 43.5544 ], [ -6.8033, 43.5594 ], [ -6.8033, 43.5573 ], [ -6.7995, 43.5554 ], [ -6.7846, 43.5561 ], [ -6.7829, 43.565 ], [ -6.7746, 43.5686 ], [ -6.7708, 43.5661 ], [ -6.7634, 43.5686 ], [ -6.7642, 43.5646 ], [ -6.7584, 43.5613 ], [ -6.7335, 43.5645 ], [ -6.7238, 43.5559 ], [ -6.7095, 43.5641 ], [ -6.6848, 43.5587 ], [ -6.6587, 43.5673 ], [ -6.6322, 43.5672 ], [ -6.6263, 43.5729 ], [ -6.6141, 43.5617 ], [ -6.6035, 43.5661 ], [ -6.5985, 43.554 ], [ -6.5773, 43.5579 ], [ -6.5584, 43.5558 ], [ -6.5572, 43.5504 ], [ -6.5425, 43.5548 ], [ -6.5333, 43.5452 ], [ -6.532, 43.5507 ], [ -6.5128, 43.5472 ], [ -6.4745, 43.5503 ], [ -6.4702, 43.5712 ], [ -6.4496, 43.561 ], [ -6.4474, 43.561 ], [ -6.4474, 43.5611 ], [ -6.4455, 43.5627 ], [ -6.4454, 43.5624 ], [ -6.445, 43.5612 ], [ -6.4445, 43.5611 ], [ -6.4444, 43.561 ], [ -6.4446, 43.5602 ], [ -6.4443, 43.56 ], [ -6.4439, 43.5595 ], [ -6.443, 43.5592 ], [ -6.4427, 43.559 ], [ -6.4391, 43.5589 ], [ -6.4388, 43.5561 ], [ -6.4298, 43.5528 ], [ -6.4206, 43.5538 ], [ -6.4197, 43.5543 ], [ -6.4172, 43.5586 ], [ -6.4171, 43.5587 ], [ -6.415, 43.5595 ], [ -6.4148, 43.5579 ], [ -6.4042, 43.5562 ], [ -6.4016, 43.557 ], [ -6.3969, 43.5605 ], [ -6.3836, 43.556 ], [ -6.3743, 43.5555 ], [ -6.3678, 43.5583 ], [ -6.3706, 43.5514 ], [ -6.3558, 43.5511 ], [ -6.3101, 43.5635 ], [ -6.3095, 43.5676 ], [ -6.3083, 43.5635 ], [ -6.3036, 43.5634 ], [ -6.2957, 43.5666 ], [ -6.2988, 43.5693 ], [ -6.2971, 43.5712 ], [ -6.2964, 43.5695 ], [ -6.2854, 43.57 ], [ -6.2677, 43.579 ], [ -6.2559, 43.5778 ], [ -6.2425, 43.5888 ], [ -6.2445, 43.5952 ], [ -6.2313, 43.5882 ], [ -6.2266, 43.5891 ], [ -6.22, 43.5794 ], [ -6.2091, 43.5851 ], [ -6.2031, 43.5729 ], [ -6.1882, 43.5795 ], [ -6.192, 43.5698 ], [ -6.1857, 43.5637 ], [ -6.1545, 43.5707 ], [ -6.1542, 43.5683 ], [ -6.1511, 43.5697 ], [ -6.1474, 43.5675 ], [ -6.1529, 43.568 ], [ -6.1474, 43.5637 ], [ -6.1356, 43.5647 ], [ -6.1329, 43.5587 ], [ -6.1272, 43.5593 ], [ -6.1237, 43.5614 ], [ -6.1237, 43.5569 ], [ -6.113, 43.5554 ], [ -6.1052, 43.5586 ], [ -6.1059, 43.5622 ], [ -6.0982, 43.5583 ], [ -6.0925, 43.5583 ], [ -6.0782, 43.5647 ], [ -6.0791, 43.5678 ], [ -6.0774, 43.5704 ], [ -6.0779, 43.5643 ], [ -6.066, 43.5659 ], [ -6.0372, 43.5786 ], [ -6.0352, 43.5811 ], [ -6.0371, 43.584 ], [ -6.0348, 43.5834 ], [ -6.0333, 43.584 ], [ -6.0325, 43.5835 ], [ -6.0286, 43.586 ], [ -6.0222, 43.5857 ], [ -6.0173, 43.5883 ], [ -6.017, 43.5829 ], [ -5.9966, 43.5741 ], [ -5.9742, 43.582 ], [ -5.9643, 43.5781 ], [ -5.9563, 43.5798 ], [ -5.9419, 43.5882 ], [ -5.9463, 43.5926 ], [ -5.9296, 43.5887 ], [ -5.948, 43.5972 ], [ -5.918, 43.6054 ], [ -5.914, 43.6093 ], [ -5.9161, 43.6119 ], [ -5.9111, 43.6166 ], [ -5.9138, 43.6244 ], [ -5.9067, 43.6234 ], [ -5.9016, 43.6261 ], [ -5.9007, 43.6286 ], [ -5.8987, 43.6242 ], [ -5.8877, 43.6231 ], [ -5.8667, 43.6313 ], [ -5.8592, 43.6365 ], [ -5.8589, 43.6551 ], [ -5.84, 43.6606 ], [ -5.8423, 43.6565 ], [ -5.834, 43.6545 ], [ -5.8357, 43.6453 ], [ -5.83, 43.6401 ], [ -5.8113, 43.6425 ], [ -5.8099, 43.6326 ], [ -5.7974, 43.6368 ], [ -5.794, 43.6297 ], [ -5.7831, 43.6313 ], [ -5.7829, 43.6192 ], [ -5.7909, 43.6141 ], [ -5.7757, 43.6061 ], [ -5.7709, 43.6082 ], [ -5.7678, 43.5955 ], [ -5.7599, 43.595 ], [ -5.7605, 43.5866 ], [ -5.747, 43.5843 ], [ -5.744, 43.5783 ], [ -5.7353, 43.5737 ], [ -5.7116, 43.5683 ], [ -5.6962, 43.5726 ], [ -5.6943, 43.5823 ], [ -5.6756, 43.5867 ], [ -5.6745, 43.5796 ], [ -5.693, 43.5784 ], [ -5.6873, 43.5694 ], [ -5.6759, 43.5709 ], [ -5.6821, 43.5693 ], [ -5.6803, 43.5651 ], [ -5.693, 43.5651 ], [ -5.6916, 43.5611 ], [ -5.6961, 43.5668 ], [ -5.7013, 43.5662 ], [ -5.6927, 43.5552 ], [ -5.6984, 43.5579 ], [ -5.6956, 43.5501 ], [ -5.6844, 43.5607 ], [ -5.6804, 43.5562 ], [ -5.6945, 43.5462 ], [ -5.6794, 43.5455 ], [ -5.6779, 43.5403 ], [ -5.6767, 43.5452 ], [ -5.6646, 43.5443 ], [ -5.6704, 43.5466 ], [ -5.6648, 43.5498 ], [ -5.6588, 43.5426 ], [ -5.6477, 43.542 ], [ -5.6392, 43.5516 ], [ -5.6288, 43.5501 ], [ -5.6176, 43.559 ], [ -5.6098, 43.5502 ], [ -5.5974, 43.5479 ], [ -5.5289, 43.5457 ], [ -5.5182, 43.5518 ], [ -5.4938, 43.544 ], [ -5.4726, 43.5514 ], [ -5.4132, 43.5549 ], [ -5.3974, 43.5499 ], [ -5.3994, 43.5441 ], [ -5.389, 43.5406 ], [ -5.3882, 43.5297 ], [ -5.388, 43.5359 ], [ -5.387, 43.5301 ], [ -5.3856, 43.5301 ], [ -5.3859, 43.5351 ], [ -5.3718, 43.5397 ], [ -5.3533, 43.5309 ], [ -5.2954, 43.5352 ], [ -5.2654, 43.5186 ], [ -5.2682, 43.507 ], [ -5.2501, 43.5011 ], [ -5.2162, 43.4749 ], [ -5.1738, 43.4746 ], [ -5.1235, 43.4846 ], [ -5.1151, 43.4765 ], [ -5.0864, 43.4761 ], [ -5.0734, 43.4662 ], [ -5.0572, 43.4692 ], [ -5.037, 43.4607 ], [ -5.0086, 43.4586 ], [ -4.9851, 43.4615 ], [ -4.9828, 43.4549 ], [ -4.9751, 43.4623 ], [ -4.9365, 43.457 ], [ -4.9261, 43.4624 ], [ -4.9236, 43.4572 ], [ -4.8747, 43.4416 ], [ -4.8393, 43.4466 ], [ -4.8368, 43.4334 ], [ -4.8332, 43.4398 ], [ -4.8228, 43.4357 ], [ -4.8129, 43.4395 ], [ -4.8082, 43.4316 ], [ -4.7868, 43.4321 ], [ -4.7858, 43.4259 ], [ -4.7856, 43.4317 ], [ -4.7661, 43.4293 ], [ -4.7647, 43.4259 ], [ -4.7467, 43.4218 ], [ -4.7518, 43.4206 ], [ -4.7402, 43.415 ], [ -4.7358, 43.4159 ], [ -4.7356, 43.418 ], [ -4.7279, 43.4159 ], [ -4.7244, 43.4186 ], [ -4.7128, 43.4115 ], [ -4.6984, 43.4126 ], [ -4.6994, 43.4048 ], [ -4.6809, 43.4092 ], [ -4.619, 43.3952 ], [ -4.5818, 43.3994 ], [ -4.5767, 43.3931 ], [ -4.5674, 43.392 ], [ -4.5576, 43.3931 ], [ -4.5559, 43.3949 ], [ -4.5556, 43.3951 ], [ -4.5573, 43.398 ], [ -4.534, 43.3999 ], [ -4.5124, 43.3933 ], [ -4.5105, 43.3817 ], [ -4.5212, 43.3662 ], [ -4.5349, 43.3674 ], [ -4.5314, 43.3591 ], [ -4.5399, 43.3561 ], [ -4.5343, 43.3532 ], [ -4.5386, 43.3435 ], [ -4.523, 43.3381 ], [ -4.527, 43.3276 ], [ -4.5191, 43.3099 ], [ -4.5224, 43.279 ], [ -4.5474, 43.269 ], [ -4.554, 43.2774 ], [ -4.5518, 43.2867 ], [ -4.6076, 43.2986 ], [ -4.6365, 43.2755 ], [ -4.6316, 43.2671 ], [ -4.706, 43.2669 ], [ -4.7309, 43.2573 ], [ -4.721, 43.2295 ], [ -4.7308, 43.2232 ], [ -4.7278, 43.2168 ], [ -4.7376, 43.1981 ], [ -4.7336, 43.191 ], [ -4.743, 43.1845 ], [ -4.779, 43.1921 ], [ -4.819, 43.1791 ], [ -4.841, 43.1808 ], [ -4.8396, 43.1897 ], [ -4.8608, 43.2053 ], [ -4.8613, 43.2184 ], [ -4.871, 43.228 ], [ -4.9086, 43.238 ], [ -4.9195, 43.227 ], [ -4.9426, 43.2249 ], [ -4.9706, 43.2017 ], [ -4.9803, 43.2003 ], [ -4.9964, 43.1853 ], [ -4.9976, 43.1703 ], [ -5.0215, 43.1835 ], [ -5.0409, 43.1847 ], [ -5.0595, 43.1743 ], [ -5.0766, 43.179 ], [ -5.0754, 43.1669 ], [ -5.0939, 43.143 ], [ -5.0915, 43.1323 ], [ -5.0993, 43.1158 ], [ -5.0957, 43.1077 ], [ -5.1017, 43.1018 ], [ -5.1407, 43.1029 ], [ -5.1478, 43.1151 ], [ -5.2166, 43.0845 ], [ -5.2685, 43.0876 ], [ -5.2821, 43.0774 ], [ -5.3115, 43.0842 ], [ -5.3269, 43.0796 ], [ -5.3414, 43.0838 ], [ -5.3385, 43.0909 ], [ -5.3437, 43.0939 ], [ -5.3691, 43.0946 ], [ -5.3831, 43.0872 ], [ -5.3905, 43.0493 ], [ -5.4785, 43.0549 ], [ -5.4938, 43.0212 ], [ -5.5063, 43.0286 ], [ -5.5402, 43.0184 ], [ -5.5698, 43.0221 ], [ -5.5748, 43.0321 ], [ -5.6367, 43.035 ], [ -5.6931, 43.0563 ], [ -5.7283, 43.0425 ], [ -5.7354, 43.023 ], [ -5.7483, 43.0173 ], [ -5.7664, 42.9859 ], [ -5.7603, 42.9727 ], [ -5.804, 42.9626 ], [ -5.8237, 42.9677 ], [ -5.843, 42.9643 ], [ -5.8617, 42.9817 ], [ -5.8885, 42.9792 ], [ -5.8919, 42.9892 ], [ -5.8872, 42.9941 ], [ -5.9079, 42.9906 ], [ -5.9334, 43.0107 ], [ -5.9565, 43.0176 ], [ -5.9604, 43.0337 ], [ -5.9697, 43.0408 ], [ -5.9622, 43.0529 ], [ -5.9738, 43.0653 ], [ -5.9889, 43.0672 ], [ -5.9963, 43.0579 ], [ -6.0209, 43.0538 ], [ -6.0521, 43.0682 ], [ -6.0694, 43.0664 ], [ -6.0813, 43.0759 ], [ -6.0919, 43.0669 ], [ -6.095, 43.0489 ], [ -6.0898, 43.0382 ], [ -6.096, 43.0313 ], [ -6.1367, 43.021 ], [ -6.1784, 43.0478 ], [ -6.1876, 43.0493 ], [ -6.1951, 43.0427 ], [ -6.2156, 43.0472 ], [ -6.2298, 43.023 ], [ -6.2268, 43.0089 ], [ -6.2637, 43.0161 ], [ -6.2852, 43.0364 ], [ -6.2952, 43.0269 ], [ -6.3265, 43.0313 ], [ -6.3332, 43.0465 ], [ -6.3591, 43.0596 ], [ -6.3735, 43.0411 ], [ -6.397, 43.0383 ], [ -6.3908, 43.0258 ], [ -6.3944, 43.0166 ], [ -6.4111, 43.0169 ], [ -6.4074, 42.9994 ], [ -6.4241, 42.9876 ], [ -6.4371, 42.993 ], [ -6.4464, 42.9822 ], [ -6.4781, 42.9912 ], [ -6.473, 42.9678 ], [ -6.4336, 42.9642 ], [ -6.4416, 42.9473 ], [ -6.4331, 42.9398 ], [ -6.4786, 42.9336 ], [ -6.4898, 42.9202 ], [ -6.5106, 42.9287 ], [ -6.5356, 42.9216 ], [ -6.5412, 42.9125 ], [ -6.6065, 42.9161 ], [ -6.6129, 42.9246 ], [ -6.6286, 42.9195 ], [ -6.6388, 42.9255 ], [ -6.7227, 42.9175 ], [ -6.7567, 42.8831 ], [ -6.7728, 42.8825 ], [ -6.7707, 42.8986 ], [ -6.8358, 42.9163 ], [ -6.8418, 42.9284 ], [ -6.8347, 42.9413 ], [ -6.8358, 42.9577 ], [ -6.8711, 42.9886 ], [ -6.91, 42.9899 ], [ -6.9408, 43.0115 ], [ -6.9469, 43.0326 ], [ -6.9568, 43.0366 ], [ -6.9648, 43.0267 ], [ -6.9595, 43.0152 ], [ -6.9623, 43.0008 ], [ -6.956, 42.996 ], [ -6.9639, 42.9954 ], [ -6.9622, 42.9905 ], [ -6.9969, 43.0196 ], [ -6.9963, 43.0279 ], [ -6.9864, 43.0297 ], [ -6.9822, 43.0414 ], [ -6.9725, 43.0304 ], [ -6.9651, 43.0348 ], [ -6.9621, 43.0523 ], [ -6.9689, 43.0569 ], [ -6.9504, 43.0682 ], [ -6.9518, 43.0762 ], [ -6.9387, 43.0865 ], [ -6.9155, 43.0733 ], [ -6.8943, 43.0917 ], [ -6.8717, 43.091 ], [ -6.8553, 43.1085 ], [ -6.8276, 43.1231 ], [ -6.8221, 43.1433 ], [ -6.8389, 43.1661 ], [ -6.8573, 43.1732 ], [ -6.862, 43.182 ] ] ], [ [ [ -7.0255, 43.5476 ], [ -7.026, 43.5476 ], [ -7.0258, 43.5477 ], [ -7.0255, 43.5476 ] ] ], [ [ [ -7.01, 43.5565 ], [ -7.0104, 43.5567 ], [ -7.0103, 43.5568 ], [ -7.01, 43.5565 ] ] ], [ [ [ -7.0134, 43.5565 ], [ -7.0139, 43.5568 ], [ -7.0137, 43.5568 ], [ -7.0134, 43.5565 ] ] ], [ [ [ -7.0239, 43.5569 ], [ -7.0242, 43.557 ], [ -7.0239, 43.5572 ], [ -7.0239, 43.5569 ] ] ], [ [ [ -6.9887, 43.5576 ], [ -6.9884, 43.5576 ], [ -6.9883, 43.5575 ], [ -6.9887, 43.5576 ] ] ], [ [ [ -7.0087, 43.558 ], [ -7.0089, 43.5583 ], [ -7.0087, 43.5583 ], [ -7.0087, 43.558 ] ] ], [ [ [ -6.989, 43.5592 ], [ -6.9865, 43.5589 ], [ -6.9874, 43.558 ], [ -6.989, 43.5592 ] ] ], [ [ [ -7.02, 43.5589 ], [ -7.0205, 43.5589 ], [ -7.0203, 43.5591 ], [ -7.02, 43.5589 ] ] ], [ [ [ -7.0196, 43.5596 ], [ -7.0184, 43.5595 ], [ -7.0185, 43.559 ], [ -7.0196, 43.5596 ] ] ], [ [ [ -7.0224, 43.5602 ], [ -7.0225, 43.5604 ], [ -7.0222, 43.5605 ], [ -7.0224, 43.5602 ] ] ], [ [ [ -6.9871, 43.5611 ], [ -6.9847, 43.5616 ], [ -6.9861, 43.5597 ], [ -6.9871, 43.5611 ] ] ], [ [ [ -7.0218, 43.5608 ], [ -7.0221, 43.5611 ], [ -7.0218, 43.5612 ], [ -7.0218, 43.5608 ] ] ], [ [ [ -6.9879, 43.5622 ], [ -6.9878, 43.5621 ], [ -6.9884, 43.5621 ], [ -6.9879, 43.5622 ] ] ], [ [ [ -6.8765, 43.5638 ], [ -6.8767, 43.5633 ], [ -6.8771, 43.5635 ], [ -6.8765, 43.5638 ] ] ], [ [ [ -6.8764, 43.5645 ], [ -6.8761, 43.564 ], [ -6.8763, 43.5638 ], [ -6.8764, 43.5645 ] ] ], [ [ [ -6.8776, 43.5643 ], [ -6.8776, 43.5642 ], [ -6.8782, 43.5645 ], [ -6.8776, 43.5643 ] ] ], [ [ [ -6.8749, 43.5644 ], [ -6.8746, 43.5644 ], [ -6.8747, 43.5643 ], [ -6.8749, 43.5644 ] ] ], [ [ [ -6.9566, 43.5644 ], [ -6.9567, 43.5645 ], [ -6.9563, 43.5645 ], [ -6.9566, 43.5644 ] ] ], [ [ [ -6.8748, 43.5647 ], [ -6.8747, 43.5646 ], [ -6.8748, 43.5645 ], [ -6.8748, 43.5647 ] ] ], [ [ [ -6.8746, 43.5647 ], [ -6.8744, 43.5647 ], [ -6.8744, 43.5646 ], [ -6.8746, 43.5647 ] ] ], [ [ [ -6.875, 43.5649 ], [ -6.8749, 43.5647 ], [ -6.875, 43.5647 ], [ -6.875, 43.5649 ] ] ], [ [ [ -6.958, 43.5652 ], [ -6.9573, 43.5651 ], [ -6.9581, 43.5644 ], [ -6.958, 43.5652 ] ] ], [ [ [ -6.8757, 43.5648 ], [ -6.8756, 43.565 ], [ -6.8755, 43.5649 ], [ -6.8757, 43.5648 ] ] ], [ [ [ -6.8727, 43.5657 ], [ -6.8727, 43.5658 ], [ -6.8724, 43.5657 ], [ -6.8727, 43.5657 ] ] ], [ [ [ -6.8731, 43.5665 ], [ -6.873, 43.5665 ], [ -6.8729, 43.5656 ], [ -6.8731, 43.5665 ] ] ], [ [ [ -6.8725, 43.5659 ], [ -6.8727, 43.5659 ], [ -6.8724, 43.5662 ], [ -6.8725, 43.5659 ] ] ], [ [ [ -6.8719, 43.5663 ], [ -6.8718, 43.5662 ], [ -6.872, 43.5661 ], [ -6.8719, 43.5663 ] ] ], [ [ [ -6.8525, 43.5663 ], [ -6.8523, 43.5663 ], [ -6.8523, 43.5662 ], [ -6.8525, 43.5663 ] ] ], [ [ [ -6.8725, 43.5663 ], [ -6.8727, 43.5661 ], [ -6.8729, 43.5666 ], [ -6.8725, 43.5663 ] ] ], [ [ [ -6.8722, 43.5665 ], [ -6.872, 43.5664 ], [ -6.8722, 43.5664 ], [ -6.8722, 43.5665 ] ] ], [ [ [ -6.8743, 43.5674 ], [ -6.8731, 43.567 ], [ -6.8743, 43.5659 ], [ -6.8743, 43.5674 ] ] ], [ [ [ -6.871, 43.5671 ], [ -6.8714, 43.5666 ], [ -6.8715, 43.5671 ], [ -6.871, 43.5671 ] ] ], [ [ [ -6.8747, 43.5679 ], [ -6.8745, 43.5679 ], [ -6.8751, 43.5668 ], [ -6.8757, 43.5669 ], [ -6.8747, 43.5679 ] ] ], [ [ [ -6.8524, 43.5675 ], [ -6.8531, 43.5676 ], [ -6.853, 43.5677 ], [ -6.8524, 43.5675 ] ] ], [ [ [ -6.8537, 43.5677 ], [ -6.8535, 43.5678 ], [ -6.8534, 43.5676 ], [ -6.8537, 43.5677 ] ] ], [ [ [ -6.885, 43.5676 ], [ -6.8853, 43.5678 ], [ -6.8849, 43.5678 ], [ -6.885, 43.5676 ] ] ], [ [ [ -6.958, 43.568 ], [ -6.9581, 43.5675 ], [ -6.9582, 43.5676 ], [ -6.958, 43.568 ] ] ], [ [ [ -6.8704, 43.5677 ], [ -6.8706, 43.5676 ], [ -6.8701, 43.5682 ], [ -6.8704, 43.5677 ] ] ], [ [ [ -6.8855, 43.5679 ], [ -6.8862, 43.5679 ], [ -6.8862, 43.568 ], [ -6.8855, 43.5679 ] ] ], [ [ [ -6.8862, 43.568 ], [ -6.8864, 43.5681 ], [ -6.8862, 43.5684 ], [ -6.8862, 43.568 ] ] ], [ [ [ -6.9092, 43.5682 ], [ -6.9092, 43.5683 ], [ -6.9089, 43.5685 ], [ -6.9092, 43.5682 ] ] ], [ [ [ -6.8609, 43.5682 ], [ -6.861, 43.5683 ], [ -6.8606, 43.5685 ], [ -6.8609, 43.5682 ] ] ], [ [ [ -6.8712, 43.5694 ], [ -6.8702, 43.5692 ], [ -6.8707, 43.5681 ], [ -6.8712, 43.5694 ] ] ], [ [ [ -6.8563, 43.5686 ], [ -6.8569, 43.5687 ], [ -6.8568, 43.5689 ], [ -6.8563, 43.5686 ] ] ], [ [ [ -6.8562, 43.5691 ], [ -6.8563, 43.5691 ], [ -6.856, 43.5694 ], [ -6.8562, 43.5691 ] ] ], [ [ [ -6.8559, 43.5693 ], [ -6.856, 43.5694 ], [ -6.856, 43.5695 ], [ -6.8558, 43.5697 ], [ -6.8559, 43.5693 ] ] ], [ [ [ -6.891, 43.5699 ], [ -6.8905, 43.5701 ], [ -6.891, 43.5693 ], [ -6.891, 43.5699 ] ] ], [ [ [ -6.9505, 43.5708 ], [ -6.9491, 43.5698 ], [ -6.9497, 43.5696 ], [ -6.9505, 43.5708 ] ] ], [ [ [ -6.8671, 43.5706 ], [ -6.867, 43.5705 ], [ -6.8671, 43.5704 ], [ -6.8671, 43.5706 ] ] ], [ [ [ -6.9327, 43.5703 ], [ -6.933, 43.5706 ], [ -6.9328, 43.5707 ], [ -6.9327, 43.5703 ] ] ], [ [ [ -6.8654, 43.5708 ], [ -6.8652, 43.5708 ], [ -6.8651, 43.5707 ], [ -6.8654, 43.5708 ] ] ], [ [ [ -6.8533, 43.5706 ], [ -6.8533, 43.5709 ], [ -6.8532, 43.5709 ], [ -6.8533, 43.5706 ] ] ], [ [ [ -6.8898, 43.5716 ], [ -6.891, 43.5701 ], [ -6.8912, 43.5702 ], [ -6.8898, 43.5716 ] ] ], [ [ [ -6.8548, 43.571 ], [ -6.8546, 43.5711 ], [ -6.8546, 43.5709 ], [ -6.8548, 43.571 ] ] ], [ [ [ -6.9513, 43.571 ], [ -6.9511, 43.5711 ], [ -6.9511, 43.5709 ], [ -6.9513, 43.571 ] ] ], [ [ [ -6.8664, 43.5712 ], [ -6.8669, 43.5708 ], [ -6.8668, 43.5712 ], [ -6.8664, 43.5712 ] ] ], [ [ [ -6.9324, 43.5717 ], [ -6.932, 43.5714 ], [ -6.9327, 43.5711 ], [ -6.9324, 43.5717 ] ] ], [ [ [ -6.9356, 43.5716 ], [ -6.9361, 43.5717 ], [ -6.9357, 43.5721 ], [ -6.9356, 43.5716 ] ] ], [ [ [ -6.913, 43.5719 ], [ -6.9137, 43.5718 ], [ -6.9137, 43.5722 ], [ -6.913, 43.5719 ] ] ], [ [ [ -6.9384, 43.5718 ], [ -6.9389, 43.5719 ], [ -6.9386, 43.5722 ], [ -6.9384, 43.5718 ] ] ], [ [ [ -6.8917, 43.5724 ], [ -6.8919, 43.5723 ], [ -6.892, 43.5725 ], [ -6.8917, 43.5724 ] ] ], [ [ [ -6.9426, 43.5733 ], [ -6.9429, 43.5737 ], [ -6.9424, 43.5738 ], [ -6.9426, 43.5733 ] ] ], [ [ [ -6.9427, 43.574 ], [ -6.943, 43.5738 ], [ -6.9432, 43.5741 ], [ -6.9427, 43.574 ] ] ], [ [ [ -6.9472, 43.5747 ], [ -6.9469, 43.5749 ], [ -6.9469, 43.5739 ], [ -6.9472, 43.5747 ] ] ], [ [ [ -6.9479, 43.5745 ], [ -6.9475, 43.5748 ], [ -6.9475, 43.5747 ], [ -6.9479, 43.5745 ] ] ], [ [ [ -6.943, 43.5745 ], [ -6.9427, 43.575 ], [ -6.9426, 43.5749 ], [ -6.943, 43.5745 ] ] ], [ [ [ -6.9478, 43.5751 ], [ -6.9476, 43.5751 ], [ -6.9477, 43.5749 ], [ -6.9478, 43.5751 ] ] ], [ [ [ -6.9491, 43.5762 ], [ -6.9489, 43.576 ], [ -6.9497, 43.5755 ], [ -6.9491, 43.5762 ] ] ], [ [ [ -6.9489, 43.5767 ], [ -6.9485, 43.5767 ], [ -6.9486, 43.5765 ], [ -6.9489, 43.5767 ] ] ], [ [ [ -6.9483, 43.5774 ], [ -6.9486, 43.5774 ], [ -6.9484, 43.5778 ], [ -6.9483, 43.5774 ] ] ], [ [ [ -6.8112, 43.556 ], [ -6.8112, 43.5562 ], [ -6.811, 43.5562 ], [ -6.8112, 43.556 ] ] ], [ [ [ -6.8126, 43.5569 ], [ -6.8123, 43.557 ], [ -6.8125, 43.5568 ], [ -6.8126, 43.5569 ] ] ], [ [ [ -6.8016, 43.557 ], [ -6.8017, 43.5571 ], [ -6.8012, 43.5572 ], [ -6.8016, 43.557 ] ] ], [ [ [ -6.8088, 43.5573 ], [ -6.8091, 43.5574 ], [ -6.8086, 43.5576 ], [ -6.8088, 43.5573 ] ] ], [ [ [ -6.788, 43.5577 ], [ -6.7877, 43.5578 ], [ -6.7878, 43.5575 ], [ -6.788, 43.5577 ] ] ], [ [ [ -6.8075, 43.5577 ], [ -6.8079, 43.5578 ], [ -6.8077, 43.5581 ], [ -6.8075, 43.5577 ] ] ], [ [ [ -6.8094, 43.5579 ], [ -6.8096, 43.5579 ], [ -6.8094, 43.5582 ], [ -6.8094, 43.5579 ] ] ], [ [ [ -6.79, 43.5581 ], [ -6.79, 43.5583 ], [ -6.7897, 43.5584 ], [ -6.79, 43.5581 ] ] ], [ [ [ -6.8076, 43.5582 ], [ -6.8078, 43.5583 ], [ -6.8073, 43.5584 ], [ -6.8076, 43.5582 ] ] ], [ [ [ -6.7899, 43.5585 ], [ -6.7902, 43.5585 ], [ -6.7899, 43.5587 ], [ -6.7899, 43.5585 ] ] ], [ [ [ -6.7961, 43.5586 ], [ -6.7964, 43.5587 ], [ -6.7958, 43.5589 ], [ -6.7961, 43.5586 ] ] ], [ [ [ -6.7949, 43.5587 ], [ -6.7951, 43.5589 ], [ -6.7947, 43.559 ], [ -6.7949, 43.5587 ] ] ], [ [ [ -6.8086, 43.5587 ], [ -6.8087, 43.5587 ], [ -6.8085, 43.559 ], [ -6.8086, 43.5587 ] ] ], [ [ [ -6.7922, 43.5591 ], [ -6.7918, 43.5591 ], [ -6.7924, 43.5586 ], [ -6.7922, 43.5591 ] ] ], [ [ [ -6.8162, 43.559 ], [ -6.8163, 43.5591 ], [ -6.816, 43.5593 ], [ -6.8162, 43.559 ] ] ], [ [ [ -6.7968, 43.5592 ], [ -6.7969, 43.5594 ], [ -6.7967, 43.5595 ], [ -6.7968, 43.5592 ] ] ], [ [ [ -6.8068, 43.5597 ], [ -6.8067, 43.5595 ], [ -6.8072, 43.5594 ], [ -6.8068, 43.5597 ] ] ], [ [ [ -6.8058, 43.5603 ], [ -6.8059, 43.5594 ], [ -6.8064, 43.5597 ], [ -6.8058, 43.5603 ] ] ], [ [ [ -6.804, 43.5597 ], [ -6.8044, 43.5599 ], [ -6.8041, 43.5601 ], [ -6.804, 43.5597 ] ] ], [ [ [ -6.7945, 43.5608 ], [ -6.7942, 43.5601 ], [ -6.7946, 43.56 ], [ -6.7945, 43.5608 ] ] ], [ [ [ -6.7926, 43.561 ], [ -6.7923, 43.561 ], [ -6.7923, 43.5606 ], [ -6.7926, 43.561 ] ] ], [ [ [ -6.8171, 43.5609 ], [ -6.8168, 43.5609 ], [ -6.8168, 43.5608 ], [ -6.8171, 43.5609 ] ] ], [ [ [ -6.818, 43.5611 ], [ -6.8183, 43.5611 ], [ -6.8182, 43.5613 ], [ -6.818, 43.5611 ] ] ], [ [ [ -6.7839, 43.5621 ], [ -6.7841, 43.5623 ], [ -6.7839, 43.5623 ], [ -6.7839, 43.5621 ] ] ], [ [ [ -6.784, 43.5628 ], [ -6.7842, 43.5629 ], [ -6.7837, 43.563 ], [ -6.784, 43.5628 ] ] ], [ [ [ -6.7846, 43.5633 ], [ -6.7845, 43.5635 ], [ -6.7844, 43.5633 ], [ -6.7846, 43.5633 ] ] ], [ [ [ -6.7047, 43.5634 ], [ -6.7052, 43.5635 ], [ -6.7052, 43.5636 ], [ -6.7047, 43.5634 ] ] ], [ [ [ -6.7842, 43.5635 ], [ -6.7845, 43.5638 ], [ -6.7843, 43.5638 ], [ -6.7842, 43.5635 ] ] ], [ [ [ -6.7845, 43.564 ], [ -6.7845, 43.5642 ], [ -6.7844, 43.5642 ], [ -6.7845, 43.564 ] ] ], [ [ [ -6.8197, 43.5642 ], [ -6.8199, 43.5644 ], [ -6.8195, 43.5643 ], [ -6.8197, 43.5642 ] ] ], [ [ [ -6.8159, 43.5645 ], [ -6.8169, 43.564 ], [ -6.8168, 43.5642 ], [ -6.8159, 43.5645 ] ] ], [ [ [ -6.7551, 43.5648 ], [ -6.7552, 43.5642 ], [ -6.7558, 43.5642 ], [ -6.7551, 43.5648 ] ] ], [ [ [ -6.8191, 43.5644 ], [ -6.8193, 43.5646 ], [ -6.8191, 43.5646 ], [ -6.8191, 43.5644 ] ] ], [ [ [ -6.7562, 43.5645 ], [ -6.7564, 43.5645 ], [ -6.7564, 43.5648 ], [ -6.7562, 43.5645 ] ] ], [ [ [ -6.7844, 43.5647 ], [ -6.7845, 43.5649 ], [ -6.7842, 43.5649 ], [ -6.7844, 43.5647 ] ] ], [ [ [ -6.7567, 43.5648 ], [ -6.7566, 43.565 ], [ -6.7565, 43.5649 ], [ -6.7567, 43.5648 ] ] ], [ [ [ -6.8479, 43.565 ], [ -6.8477, 43.5652 ], [ -6.8477, 43.565 ], [ -6.8479, 43.565 ] ] ], [ [ [ -6.8471, 43.5654 ], [ -6.847, 43.5656 ], [ -6.8468, 43.5657 ], [ -6.8471, 43.5654 ] ] ], [ [ [ -6.7493, 43.5657 ], [ -6.7496, 43.5657 ], [ -6.7495, 43.5659 ], [ -6.7493, 43.5657 ] ] ], [ [ [ -6.7836, 43.5661 ], [ -6.7832, 43.5656 ], [ -6.7843, 43.5659 ], [ -6.7836, 43.5661 ] ] ], [ [ [ -6.7826, 43.5661 ], [ -6.782, 43.5658 ], [ -6.7825, 43.5656 ], [ -6.7826, 43.5661 ] ] ], [ [ [ -6.7817, 43.5658 ], [ -6.7818, 43.5659 ], [ -6.7816, 43.5661 ], [ -6.7817, 43.5658 ] ] ], [ [ [ -6.7537, 43.5667 ], [ -6.7537, 43.5674 ], [ -6.7514, 43.5673 ], [ -6.7537, 43.5667 ] ] ], [ [ [ -6.7485, 43.5667 ], [ -6.7489, 43.566 ], [ -6.7489, 43.5663 ], [ -6.7485, 43.5667 ] ] ], [ [ [ -6.832, 43.5664 ], [ -6.8321, 43.5666 ], [ -6.8318, 43.5666 ], [ -6.832, 43.5664 ] ] ], [ [ [ -6.7872, 43.5666 ], [ -6.7875, 43.5664 ], [ -6.7879, 43.5667 ], [ -6.7872, 43.5666 ] ] ], [ [ [ -6.7586, 43.5666 ], [ -6.7588, 43.5665 ], [ -6.7589, 43.5667 ], [ -6.7586, 43.5666 ] ] ], [ [ [ -6.7473, 43.5668 ], [ -6.7473, 43.5667 ], [ -6.7476, 43.5669 ], [ -6.7473, 43.5668 ] ] ], [ [ [ -6.7816, 43.5669 ], [ -6.7817, 43.5673 ], [ -6.7815, 43.5673 ], [ -6.7816, 43.5669 ] ] ], [ [ [ -6.7449, 43.5672 ], [ -6.7451, 43.5669 ], [ -6.7452, 43.567 ], [ -6.7449, 43.5672 ] ] ], [ [ [ -6.7467, 43.5673 ], [ -6.7469, 43.5669 ], [ -6.7471, 43.567 ], [ -6.7467, 43.5673 ] ] ], [ [ [ -6.6632, 43.5672 ], [ -6.6637, 43.5675 ], [ -6.6634, 43.5677 ], [ -6.6632, 43.5672 ] ] ], [ [ [ -6.6593, 43.5677 ], [ -6.6588, 43.5677 ], [ -6.6591, 43.5673 ], [ -6.6593, 43.5677 ] ] ], [ [ [ -6.8335, 43.5676 ], [ -6.8338, 43.5676 ], [ -6.8338, 43.5679 ], [ -6.8335, 43.5676 ] ] ], [ [ [ -6.7711, 43.5678 ], [ -6.7712, 43.5679 ], [ -6.7708, 43.568 ], [ -6.7711, 43.5678 ] ] ], [ [ [ -6.7509, 43.5678 ], [ -6.751, 43.5677 ], [ -6.7511, 43.568 ], [ -6.7509, 43.5678 ] ] ], [ [ [ -6.7515, 43.5683 ], [ -6.7514, 43.5675 ], [ -6.7517, 43.5678 ], [ -6.7515, 43.5683 ] ] ], [ [ [ -6.7718, 43.5683 ], [ -6.7715, 43.568 ], [ -6.7723, 43.5681 ], [ -6.7718, 43.5683 ] ] ], [ [ [ -6.7772, 43.5685 ], [ -6.7774, 43.5682 ], [ -6.7776, 43.5683 ], [ -6.7772, 43.5685 ] ] ], [ [ [ -6.7631, 43.5685 ], [ -6.763, 43.5687 ], [ -6.7629, 43.5685 ], [ -6.7631, 43.5685 ] ] ], [ [ [ -6.7759, 43.5683 ], [ -6.7766, 43.5687 ], [ -6.7764, 43.5687 ], [ -6.7759, 43.5683 ] ] ], [ [ [ -6.6613, 43.5689 ], [ -6.6587, 43.5691 ], [ -6.6592, 43.5678 ], [ -6.6613, 43.5689 ] ] ], [ [ [ -6.7736, 43.5686 ], [ -6.7737, 43.5683 ], [ -6.7741, 43.5685 ], [ -6.7736, 43.5686 ] ] ], [ [ [ -6.7713, 43.5688 ], [ -6.7716, 43.5691 ], [ -6.7714, 43.5691 ], [ -6.7713, 43.5688 ] ] ], [ [ [ -6.7804, 43.5694 ], [ -6.7804, 43.5692 ], [ -6.7812, 43.5694 ], [ -6.7804, 43.5694 ] ] ], [ [ [ -6.7657, 43.5701 ], [ -6.7645, 43.5693 ], [ -6.7651, 43.569 ], [ -6.7657, 43.5701 ] ] ], [ [ [ -6.7828, 43.5706 ], [ -6.7831, 43.5704 ], [ -6.7834, 43.5708 ], [ -6.7828, 43.5706 ] ] ], [ [ [ -6.7645, 43.571 ], [ -6.7647, 43.5709 ], [ -6.7647, 43.5713 ], [ -6.7645, 43.571 ] ] ], [ [ [ -6.6236, 43.5716 ], [ -6.6234, 43.5716 ], [ -6.6233, 43.5715 ], [ -6.6236, 43.5716 ] ] ], [ [ [ -6.6282, 43.5726 ], [ -6.6278, 43.5726 ], [ -6.628, 43.5725 ], [ -6.6282, 43.5726 ] ] ], [ [ [ -6.6277, 43.5727 ], [ -6.6278, 43.5728 ], [ -6.6276, 43.573 ], [ -6.6277, 43.5727 ] ] ], [ [ [ -6.6267, 43.5732 ], [ -6.6267, 43.5734 ], [ -6.6265, 43.5734 ], [ -6.6267, 43.5732 ] ] ], [ [ [ -6.6269, 43.5743 ], [ -6.6266, 43.5739 ], [ -6.627, 43.5739 ], [ -6.6269, 43.5743 ] ] ], [ [ [ -6.7682, 43.5747 ], [ -6.7661, 43.5738 ], [ -6.7667, 43.5736 ], [ -6.7682, 43.5747 ] ] ], [ [ [ -6.6259, 43.5752 ], [ -6.6256, 43.5747 ], [ -6.6263, 43.5748 ], [ -6.6259, 43.5752 ] ] ], [ [ [ -6.4912, 43.55 ], [ -6.4917, 43.5496 ], [ -6.4919, 43.5501 ], [ -6.4912, 43.55 ] ] ], [ [ [ -6.5083, 43.5504 ], [ -6.5093, 43.5497 ], [ -6.5093, 43.5498 ], [ -6.5083, 43.5504 ] ] ], [ [ [ -6.507, 43.5515 ], [ -6.5082, 43.5507 ], [ -6.5078, 43.5512 ], [ -6.507, 43.5515 ] ] ], [ [ [ -6.4997, 43.5516 ], [ -6.5004, 43.5514 ], [ -6.5, 43.5519 ], [ -6.4997, 43.5516 ] ] ], [ [ [ -6.4861, 43.5527 ], [ -6.4856, 43.5525 ], [ -6.4857, 43.5518 ], [ -6.4861, 43.5527 ] ] ], [ [ [ -6.5132, 43.5529 ], [ -6.5128, 43.5528 ], [ -6.5139, 43.5519 ], [ -6.5132, 43.5529 ] ] ], [ [ [ -6.4995, 43.5531 ], [ -6.4997, 43.5533 ], [ -6.4994, 43.5534 ], [ -6.4995, 43.5531 ] ] ], [ [ [ -6.4827, 43.5539 ], [ -6.4836, 43.5535 ], [ -6.4835, 43.5537 ], [ -6.4827, 43.5539 ] ] ], [ [ [ -6.4976, 43.5542 ], [ -6.498, 43.554 ], [ -6.4982, 43.5543 ], [ -6.4976, 43.5542 ] ] ], [ [ [ -6.4824, 43.5548 ], [ -6.4827, 43.5541 ], [ -6.4831, 43.5544 ], [ -6.4824, 43.5548 ] ] ], [ [ [ -6.4755, 43.5566 ], [ -6.4751, 43.5565 ], [ -6.4757, 43.556 ], [ -6.4755, 43.5566 ] ] ], [ [ [ -6.476, 43.5587 ], [ -6.4764, 43.5586 ], [ -6.4762, 43.5589 ], [ -6.476, 43.5587 ] ] ], [ [ [ -6.4429, 43.5592 ], [ -6.443, 43.5592 ], [ -6.443, 43.5593 ], [ -6.4429, 43.5592 ] ] ], [ [ [ -6.4405, 43.5591 ], [ -6.4406, 43.5591 ], [ -6.4403, 43.5595 ], [ -6.4405, 43.5591 ] ] ], [ [ [ -6.4431, 43.5594 ], [ -6.443, 43.5593 ], [ -6.4431, 43.5593 ], [ -6.4431, 43.5594 ] ] ], [ [ [ -6.4406, 43.5596 ], [ -6.4404, 43.5597 ], [ -6.4403, 43.5596 ], [ -6.4406, 43.5596 ] ] ], [ [ [ -6.4409, 43.5598 ], [ -6.4407, 43.5598 ], [ -6.4408, 43.5596 ], [ -6.4409, 43.5598 ] ] ], [ [ [ -6.4436, 43.56 ], [ -6.4436, 43.5599 ], [ -6.4438, 43.5598 ], [ -6.4436, 43.56 ] ] ], [ [ [ -6.4423, 43.5599 ], [ -6.4424, 43.56 ], [ -6.4424, 43.5601 ], [ -6.4423, 43.5599 ] ] ], [ [ [ -6.4442, 43.5602 ], [ -6.4443, 43.56 ], [ -6.4443, 43.5601 ], [ -6.4442, 43.5602 ] ] ], [ [ [ -6.4427, 43.5603 ], [ -6.4426, 43.5602 ], [ -6.4427, 43.5601 ], [ -6.4427, 43.5603 ] ] ], [ [ [ -6.4402, 43.5603 ], [ -6.4404, 43.5602 ], [ -6.4404, 43.5603 ], [ -6.4402, 43.5603 ] ] ], [ [ [ -6.4443, 43.5603 ], [ -6.4444, 43.5603 ], [ -6.4444, 43.5604 ], [ -6.4443, 43.5603 ] ] ], [ [ [ -6.4402, 43.5607 ], [ -6.4402, 43.5608 ], [ -6.4401, 43.5608 ], [ -6.4401, 43.5607 ], [ -6.4402, 43.5607 ] ] ], [ [ [ -6.442, 43.5609 ], [ -6.4418, 43.5608 ], [ -6.4419, 43.5607 ], [ -6.442, 43.5609 ] ] ], [ [ [ -6.4443, 43.561 ], [ -6.4441, 43.561 ], [ -6.4443, 43.5608 ], [ -6.4443, 43.561 ] ] ], [ [ [ -6.4403, 43.5611 ], [ -6.4409, 43.5609 ], [ -6.4407, 43.5612 ], [ -6.4403, 43.5611 ] ] ], [ [ [ -6.4445, 43.5614 ], [ -6.4444, 43.5613 ], [ -6.4445, 43.5611 ], [ -6.4445, 43.5614 ] ] ], [ [ [ -6.4474, 43.5611 ], [ -6.4476, 43.5612 ], [ -6.4474, 43.5616 ], [ -6.4474, 43.5611 ] ] ], [ [ [ -6.444, 43.5615 ], [ -6.4438, 43.5615 ], [ -6.4438, 43.5614 ], [ -6.444, 43.5615 ] ] ], [ [ [ -6.4403, 43.5616 ], [ -6.4403, 43.5615 ], [ -6.4405, 43.5615 ], [ -6.4403, 43.5616 ] ] ], [ [ [ -6.4475, 43.5623 ], [ -6.4474, 43.5623 ], [ -6.4475, 43.5621 ], [ -6.4475, 43.5623 ] ] ], [ [ [ -6.4521, 43.5626 ], [ -6.452, 43.5625 ], [ -6.4521, 43.5624 ], [ -6.4521, 43.5626 ] ] ], [ [ [ -6.4448, 43.5627 ], [ -6.4448, 43.5625 ], [ -6.4449, 43.5626 ], [ -6.4448, 43.5627 ] ] ], [ [ [ -6.4451, 43.5628 ], [ -6.4449, 43.5628 ], [ -6.445, 43.5627 ], [ -6.4451, 43.5628 ] ] ], [ [ [ -6.4513, 43.5628 ], [ -6.4512, 43.5628 ], [ -6.4512, 43.5627 ], [ -6.4513, 43.5628 ] ] ], [ [ [ -6.4478, 43.5627 ], [ -6.4482, 43.5625 ], [ -6.448, 43.5629 ], [ -6.4478, 43.5627 ] ] ], [ [ [ -6.4465, 43.5626 ], [ -6.4466, 43.5628 ], [ -6.4465, 43.5629 ], [ -6.4465, 43.5626 ] ] ], [ [ [ -6.4528, 43.5628 ], [ -6.453, 43.5628 ], [ -6.4529, 43.5632 ], [ -6.4528, 43.5628 ] ] ], [ [ [ -6.4457, 43.5629 ], [ -6.446, 43.563 ], [ -6.4459, 43.5631 ], [ -6.4457, 43.5629 ] ] ], [ [ [ -6.4514, 43.5633 ], [ -6.4511, 43.5633 ], [ -6.4512, 43.5632 ], [ -6.4514, 43.5633 ] ] ], [ [ [ -6.444, 43.5633 ], [ -6.444, 43.5632 ], [ -6.4441, 43.5633 ], [ -6.444, 43.5633 ] ] ], [ [ [ -6.4435, 43.5632 ], [ -6.4437, 43.5633 ], [ -6.4436, 43.5635 ], [ -6.4435, 43.5632 ] ] ], [ [ [ -6.4524, 43.5634 ], [ -6.4525, 43.5634 ], [ -6.4524, 43.5635 ], [ -6.4524, 43.5634 ] ] ], [ [ [ -6.4542, 43.5634 ], [ -6.4544, 43.5636 ], [ -6.4542, 43.5637 ], [ -6.4542, 43.5634 ] ] ], [ [ [ -6.4509, 43.5636 ], [ -6.4508, 43.5636 ], [ -6.4509, 43.5635 ], [ -6.4509, 43.5636 ] ] ], [ [ [ -6.4451, 43.5636 ], [ -6.4449, 43.5637 ], [ -6.4451, 43.5635 ], [ -6.4451, 43.5636 ] ] ], [ [ [ -6.4535, 43.5637 ], [ -6.4534, 43.5636 ], [ -6.4536, 43.5636 ], [ -6.4535, 43.5637 ] ] ], [ [ [ -6.452, 43.5636 ], [ -6.4522, 43.5637 ], [ -6.452, 43.564 ], [ -6.452, 43.5636 ] ] ], [ [ [ -6.4535, 43.5638 ], [ -6.4536, 43.5639 ], [ -6.4535, 43.564 ], [ -6.4535, 43.5638 ] ] ], [ [ [ -6.4544, 43.5641 ], [ -6.4541, 43.5643 ], [ -6.4541, 43.5642 ], [ -6.4544, 43.5641 ] ] ], [ [ [ -6.4755, 43.5645 ], [ -6.4757, 43.5641 ], [ -6.4763, 43.5643 ], [ -6.4755, 43.5645 ] ] ], [ [ [ -6.4562, 43.5646 ], [ -6.4561, 43.5647 ], [ -6.456, 43.5646 ], [ -6.456, 43.5645 ], [ -6.4562, 43.5646 ] ] ], [ [ [ -6.4558, 43.5647 ], [ -6.4558, 43.5646 ], [ -6.456, 43.5646 ], [ -6.4559, 43.5647 ], [ -6.4558, 43.5647 ] ] ], [ [ [ -6.4558, 43.5648 ], [ -6.4557, 43.5647 ], [ -6.4558, 43.5647 ], [ -6.4558, 43.5648 ] ] ], [ [ [ -6.4561, 43.5649 ], [ -6.4557, 43.5649 ], [ -6.4558, 43.5648 ], [ -6.4561, 43.5649 ] ] ], [ [ [ -6.4543, 43.5651 ], [ -6.454, 43.5652 ], [ -6.454, 43.5651 ], [ -6.4543, 43.5651 ] ] ], [ [ [ -6.4553, 43.5651 ], [ -6.4551, 43.5652 ], [ -6.455, 43.5651 ], [ -6.4553, 43.5651 ] ] ], [ [ [ -6.4562, 43.5652 ], [ -6.4563, 43.5651 ], [ -6.4563, 43.5652 ], [ -6.4562, 43.5652 ] ] ], [ [ [ -6.4547, 43.5651 ], [ -6.4549, 43.5651 ], [ -6.4548, 43.5654 ], [ -6.4547, 43.5651 ] ] ], [ [ [ -6.4561, 43.5654 ], [ -6.456, 43.5653 ], [ -6.4562, 43.5653 ], [ -6.4561, 43.5654 ] ] ], [ [ [ -6.4563, 43.5655 ], [ -6.4564, 43.5656 ], [ -6.4563, 43.5657 ], [ -6.4563, 43.5655 ] ] ], [ [ [ -6.4598, 43.5666 ], [ -6.4601, 43.5667 ], [ -6.4596, 43.5669 ], [ -6.4598, 43.5666 ] ] ], [ [ [ -6.4601, 43.5671 ], [ -6.4602, 43.567 ], [ -6.4601, 43.5674 ], [ -6.4601, 43.5671 ] ] ], [ [ [ -6.4625, 43.5697 ], [ -6.4622, 43.5698 ], [ -6.4622, 43.5697 ], [ -6.4625, 43.5697 ] ] ], [ [ [ -6.4616, 43.5707 ], [ -6.4612, 43.5703 ], [ -6.4618, 43.5697 ], [ -6.4616, 43.5707 ] ] ], [ [ [ -6.4728, 43.5708 ], [ -6.4728, 43.5706 ], [ -6.4735, 43.5706 ], [ -6.4728, 43.5708 ] ] ], [ [ [ -6.4721, 43.5711 ], [ -6.4718, 43.571 ], [ -6.4722, 43.5707 ], [ -6.4721, 43.5711 ] ] ], [ [ [ -6.4757, 43.5714 ], [ -6.4757, 43.5713 ], [ -6.4765, 43.5714 ], [ -6.4757, 43.5714 ] ] ], [ [ [ -6.4304, 43.5532 ], [ -6.4306, 43.5533 ], [ -6.4302, 43.5536 ], [ -6.4304, 43.5532 ] ] ], [ [ [ -6.4312, 43.5538 ], [ -6.4311, 43.5538 ], [ -6.4312, 43.5537 ], [ -6.4312, 43.5538 ] ] ], [ [ [ -6.4298, 43.5539 ], [ -6.4299, 43.5538 ], [ -6.43, 43.5539 ], [ -6.4298, 43.5539 ] ] ], [ [ [ -6.4203, 43.5544 ], [ -6.4204, 43.5546 ], [ -6.4201, 43.5546 ], [ -6.4203, 43.5544 ] ] ], [ [ [ -6.4318, 43.5553 ], [ -6.4325, 43.5547 ], [ -6.4322, 43.5552 ], [ -6.4318, 43.5553 ] ] ], [ [ [ -6.4327, 43.5552 ], [ -6.4325, 43.5551 ], [ -6.4326, 43.555 ], [ -6.4327, 43.5552 ] ] ], [ [ [ -6.4245, 43.5553 ], [ -6.425, 43.5549 ], [ -6.4251, 43.5557 ], [ -6.4245, 43.5553 ] ] ], [ [ [ -6.4327, 43.5554 ], [ -6.433, 43.5552 ], [ -6.4328, 43.5556 ], [ -6.4327, 43.5554 ] ] ], [ [ [ -6.4245, 43.5559 ], [ -6.4243, 43.5559 ], [ -6.4242, 43.5557 ], [ -6.4245, 43.5559 ] ] ], [ [ [ -6.4336, 43.5558 ], [ -6.4337, 43.5559 ], [ -6.4334, 43.5559 ], [ -6.4336, 43.5558 ] ] ], [ [ [ -6.4333, 43.5564 ], [ -6.4336, 43.5563 ], [ -6.4335, 43.5566 ], [ -6.4333, 43.5564 ] ] ], [ [ [ -6.4191, 43.5565 ], [ -6.4191, 43.5566 ], [ -6.4188, 43.5566 ], [ -6.4191, 43.5565 ] ] ], [ [ [ -6.4331, 43.5568 ], [ -6.4332, 43.5567 ], [ -6.4334, 43.557 ], [ -6.4331, 43.5568 ] ] ], [ [ [ -6.407, 43.5572 ], [ -6.4074, 43.5573 ], [ -6.4072, 43.5574 ], [ -6.407, 43.5572 ] ] ], [ [ [ -6.4345, 43.5573 ], [ -6.4345, 43.5572 ], [ -6.4347, 43.5573 ], [ -6.4345, 43.5573 ] ] ], [ [ [ -6.4334, 43.5574 ], [ -6.4334, 43.5573 ], [ -6.4336, 43.5573 ], [ -6.4334, 43.5574 ] ] ], [ [ [ -6.4386, 43.5575 ], [ -6.4387, 43.5576 ], [ -6.4386, 43.5576 ], [ -6.4386, 43.5575 ] ] ], [ [ [ -6.408, 43.5578 ], [ -6.408, 43.5577 ], [ -6.4087, 43.5579 ], [ -6.408, 43.5578 ] ] ], [ [ [ -6.4386, 43.5578 ], [ -6.4387, 43.5577 ], [ -6.4387, 43.5578 ], [ -6.4386, 43.5578 ] ] ], [ [ [ -6.4101, 43.5584 ], [ -6.4094, 43.5584 ], [ -6.4098, 43.5581 ], [ -6.4101, 43.5584 ] ] ], [ [ [ -6.3999, 43.5589 ], [ -6.401, 43.5582 ], [ -6.401, 43.5583 ], [ -6.3999, 43.5589 ] ] ], [ [ [ -6.4112, 43.5585 ], [ -6.4113, 43.5586 ], [ -6.4109, 43.5587 ], [ -6.4112, 43.5585 ] ] ], [ [ [ -6.412, 43.5588 ], [ -6.4122, 43.5582 ], [ -6.4125, 43.5587 ], [ -6.412, 43.5588 ] ] ], [ [ [ -6.4201, 43.5587 ], [ -6.42, 43.5587 ], [ -6.4201, 43.5586 ], [ -6.4201, 43.5587 ] ] ], [ [ [ -6.4173, 43.5588 ], [ -6.4173, 43.5589 ], [ -6.4172, 43.5589 ], [ -6.4173, 43.5588 ] ] ], [ [ [ -6.4127, 43.559 ], [ -6.4126, 43.5589 ], [ -6.4128, 43.5588 ], [ -6.4127, 43.559 ] ] ], [ [ [ -6.4092, 43.5587 ], [ -6.4094, 43.5589 ], [ -6.4092, 43.5591 ], [ -6.4092, 43.5587 ] ] ], [ [ [ -6.4199, 43.5588 ], [ -6.4199, 43.559 ], [ -6.4197, 43.5591 ], [ -6.4199, 43.5588 ] ] ], [ [ [ -6.4083, 43.559 ], [ -6.4081, 43.5591 ], [ -6.4081, 43.5589 ], [ -6.4083, 43.559 ] ] ], [ [ [ -6.4388, 43.559 ], [ -6.4387, 43.5589 ], [ -6.4388, 43.5589 ], [ -6.4388, 43.559 ] ] ], [ [ [ -6.4182, 43.5591 ], [ -6.4193, 43.5588 ], [ -6.4193, 43.559 ], [ -6.4182, 43.5591 ] ] ], [ [ [ -6.4376, 43.5592 ], [ -6.4374, 43.5592 ], [ -6.4375, 43.559 ], [ -6.4376, 43.5592 ] ] ], [ [ [ -6.4134, 43.5593 ], [ -6.4133, 43.5593 ], [ -6.4133, 43.5591 ], [ -6.4134, 43.5593 ] ] ], [ [ [ -6.4388, 43.5591 ], [ -6.4389, 43.5592 ], [ -6.4387, 43.5592 ], [ -6.4386, 43.5591 ], [ -6.4388, 43.5591 ] ] ], [ [ [ -6.3997, 43.5593 ], [ -6.3996, 43.5592 ], [ -6.3996, 43.5591 ], [ -6.3997, 43.5593 ] ] ], [ [ [ -6.4111, 43.559 ], [ -6.4114, 43.5591 ], [ -6.4113, 43.5593 ], [ -6.4111, 43.559 ] ] ], [ [ [ -6.44, 43.5591 ], [ -6.4402, 43.5593 ], [ -6.4399, 43.5594 ], [ -6.44, 43.5591 ] ] ], [ [ [ -6.439, 43.5594 ], [ -6.4391, 43.5593 ], [ -6.4391, 43.5594 ], [ -6.439, 43.5594 ] ] ], [ [ [ -6.4384, 43.5594 ], [ -6.4387, 43.5594 ], [ -6.4386, 43.5595 ], [ -6.4384, 43.5594 ] ] ], [ [ [ -6.4376, 43.5594 ], [ -6.4377, 43.5596 ], [ -6.4374, 43.5596 ], [ -6.4376, 43.5594 ] ] ], [ [ [ -6.4383, 43.5596 ], [ -6.4382, 43.5595 ], [ -6.4383, 43.5595 ], [ -6.4383, 43.5596 ] ] ], [ [ [ -6.4389, 43.5595 ], [ -6.4386, 43.5596 ], [ -6.4388, 43.5594 ], [ -6.4389, 43.5595 ] ] ], [ [ [ -6.4077, 43.5595 ], [ -6.4078, 43.5593 ], [ -6.4082, 43.5596 ], [ -6.4077, 43.5595 ] ] ], [ [ [ -6.3916, 43.5596 ], [ -6.3922, 43.5593 ], [ -6.392, 43.5596 ], [ -6.3916, 43.5596 ] ] ], [ [ [ -6.3903, 43.5596 ], [ -6.3907, 43.5595 ], [ -6.3904, 43.5598 ], [ -6.3903, 43.5596 ] ] ], [ [ [ -6.4191, 43.5597 ], [ -6.4188, 43.5597 ], [ -6.4188, 43.5596 ], [ -6.4191, 43.5597 ] ] ], [ [ [ -6.438, 43.5599 ], [ -6.4379, 43.5597 ], [ -6.4381, 43.5597 ], [ -6.438, 43.5599 ] ] ], [ [ [ -6.3984, 43.56 ], [ -6.3992, 43.5595 ], [ -6.3992, 43.5597 ], [ -6.3984, 43.56 ] ] ], [ [ [ -6.41, 43.5598 ], [ -6.4096, 43.5599 ], [ -6.4097, 43.5598 ], [ -6.41, 43.5598 ] ] ], [ [ [ -6.4108, 43.5597 ], [ -6.4111, 43.5597 ], [ -6.4109, 43.5601 ], [ -6.4108, 43.5597 ] ] ], [ [ [ -6.4187, 43.5599 ], [ -6.4165, 43.5606 ], [ -6.417, 43.5592 ], [ -6.4187, 43.5599 ] ] ], [ [ [ -6.3943, 43.5598 ], [ -6.3945, 43.56 ], [ -6.3943, 43.5601 ], [ -6.3943, 43.5598 ] ] ], [ [ [ -6.3913, 43.56 ], [ -6.3913, 43.5599 ], [ -6.3915, 43.5599 ], [ -6.3913, 43.56 ] ] ], [ [ [ -6.3922, 43.5599 ], [ -6.3925, 43.5597 ], [ -6.3924, 43.5601 ], [ -6.3922, 43.5599 ] ] ], [ [ [ -6.4384, 43.5601 ], [ -6.4383, 43.5602 ], [ -6.4381, 43.5601 ], [ -6.4384, 43.5601 ] ] ], [ [ [ -6.4103, 43.56 ], [ -6.4103, 43.5601 ], [ -6.41, 43.5601 ], [ -6.4103, 43.56 ] ] ], [ [ [ -6.4376, 43.5602 ], [ -6.4374, 43.5601 ], [ -6.4375, 43.5601 ], [ -6.4376, 43.5602 ] ] ], [ [ [ -6.419, 43.5601 ], [ -6.4193, 43.5604 ], [ -6.4192, 43.5605 ], [ -6.419, 43.5601 ] ] ], [ [ [ -6.3995, 43.5601 ], [ -6.3998, 43.5603 ], [ -6.3995, 43.5605 ], [ -6.3995, 43.5601 ] ] ], [ [ [ -6.398, 43.5602 ], [ -6.3981, 43.5603 ], [ -6.3977, 43.5605 ], [ -6.398, 43.5602 ] ] ], [ [ [ -6.3944, 43.5603 ], [ -6.3948, 43.5603 ], [ -6.3945, 43.5605 ], [ -6.3944, 43.5603 ] ] ], [ [ [ -6.3985, 43.5603 ], [ -6.3989, 43.5604 ], [ -6.3988, 43.5606 ], [ -6.3985, 43.5603 ] ] ], [ [ [ -6.4399, 43.5606 ], [ -6.4398, 43.5605 ], [ -6.4399, 43.5604 ], [ -6.4399, 43.5606 ] ] ], [ [ [ -6.3957, 43.5604 ], [ -6.3958, 43.5605 ], [ -6.3955, 43.5608 ], [ -6.3957, 43.5604 ] ] ], [ [ [ -6.4185, 43.5607 ], [ -6.4187, 43.5609 ], [ -6.4184, 43.5609 ], [ -6.4185, 43.5607 ] ] ], [ [ [ -6.397, 43.5608 ], [ -6.3973, 43.5609 ], [ -6.397, 43.5611 ], [ -6.397, 43.5608 ] ] ], [ [ [ -6.4393, 43.5611 ], [ -6.4392, 43.5611 ], [ -6.4393, 43.561 ], [ -6.4393, 43.5611 ] ] ], [ [ [ -6.3978, 43.5611 ], [ -6.3977, 43.561 ], [ -6.3978, 43.561 ], [ -6.3978, 43.5611 ] ] ], [ [ [ -6.398, 43.5612 ], [ -6.398, 43.5611 ], [ -6.3983, 43.561 ], [ -6.398, 43.5612 ] ] ], [ [ [ -6.4192, 43.5614 ], [ -6.419, 43.5615 ], [ -6.419, 43.5614 ], [ -6.4192, 43.5614 ] ] ], [ [ [ -6.3963, 43.5616 ], [ -6.3961, 43.5615 ], [ -6.3964, 43.5614 ], [ -6.3963, 43.5616 ] ] ], [ [ [ -6.3961, 43.5619 ], [ -6.3958, 43.5619 ], [ -6.3959, 43.5617 ], [ -6.3961, 43.5619 ] ] ], [ [ [ -6.4156, 43.5619 ], [ -6.4155, 43.5618 ], [ -6.4156, 43.5618 ], [ -6.4156, 43.5619 ] ] ], [ [ [ -6.4002, 43.5638 ], [ -6.4001, 43.5639 ], [ -6.3998, 43.5637 ], [ -6.4002, 43.5638 ] ] ], [ [ [ -6.3986, 43.5655 ], [ -6.3984, 43.5652 ], [ -6.3993, 43.5647 ], [ -6.3986, 43.5655 ] ] ], [ [ [ -6.3995, 43.5653 ], [ -6.4002, 43.565 ], [ -6.4, 43.5654 ], [ -6.3995, 43.5653 ] ] ], [ [ [ -6.4003, 43.5659 ], [ -6.4, 43.5656 ], [ -6.4006, 43.5653 ], [ -6.4003, 43.5659 ] ] ], [ [ [ -6.3988, 43.5658 ], [ -6.3992, 43.5659 ], [ -6.3992, 43.5662 ], [ -6.3988, 43.5658 ] ] ], [ [ [ -6.3672, 43.5523 ], [ -6.3674, 43.5523 ], [ -6.3675, 43.5525 ], [ -6.3672, 43.5523 ] ] ], [ [ [ -6.3595, 43.5532 ], [ -6.3588, 43.5529 ], [ -6.3592, 43.5526 ], [ -6.3595, 43.5532 ] ] ], [ [ [ -6.3501, 43.5532 ], [ -6.35, 43.553 ], [ -6.3501, 43.5529 ], [ -6.3501, 43.5532 ] ] ], [ [ [ -6.364, 43.553 ], [ -6.3641, 43.5528 ], [ -6.3642, 43.5531 ], [ -6.364, 43.553 ] ] ], [ [ [ -6.3618, 43.5536 ], [ -6.3615, 43.5537 ], [ -6.3616, 43.5535 ], [ -6.3618, 43.5536 ] ] ], [ [ [ -6.3589, 43.5539 ], [ -6.3587, 43.5539 ], [ -6.3587, 43.5538 ], [ -6.3589, 43.5539 ] ] ], [ [ [ -6.359, 43.554 ], [ -6.3589, 43.5539 ], [ -6.359, 43.5538 ], [ -6.359, 43.554 ] ] ], [ [ [ -6.3598, 43.5543 ], [ -6.3596, 43.5542 ], [ -6.3599, 43.5536 ], [ -6.3598, 43.5543 ] ] ], [ [ [ -6.3591, 43.554 ], [ -6.3593, 43.5539 ], [ -6.3593, 43.554 ], [ -6.3591, 43.554 ] ] ], [ [ [ -6.3576, 43.556 ], [ -6.3574, 43.5559 ], [ -6.358, 43.5554 ], [ -6.3576, 43.556 ] ] ], [ [ [ -6.3583, 43.5562 ], [ -6.3581, 43.5565 ], [ -6.358, 43.5564 ], [ -6.3583, 43.5562 ] ] ], [ [ [ -6.3818, 43.5572 ], [ -6.3819, 43.5574 ], [ -6.3816, 43.5575 ], [ -6.3818, 43.5572 ] ] ], [ [ [ -6.3844, 43.5574 ], [ -6.3846, 43.5572 ], [ -6.3849, 43.5576 ], [ -6.3844, 43.5574 ] ] ], [ [ [ -6.3721, 43.5576 ], [ -6.3722, 43.5577 ], [ -6.3719, 43.5577 ], [ -6.3721, 43.5576 ] ] ], [ [ [ -6.3818, 43.5576 ], [ -6.3824, 43.5575 ], [ -6.3824, 43.5576 ], [ -6.3818, 43.5576 ] ] ], [ [ [ -6.3865, 43.5578 ], [ -6.3865, 43.558 ], [ -6.3862, 43.5581 ], [ -6.3865, 43.5578 ] ] ], [ [ [ -6.3808, 43.558 ], [ -6.3811, 43.5578 ], [ -6.3811, 43.5581 ], [ -6.3808, 43.558 ] ] ], [ [ [ -6.3795, 43.5581 ], [ -6.3793, 43.558 ], [ -6.3793, 43.5579 ], [ -6.3795, 43.5581 ] ] ], [ [ [ -6.3807, 43.5587 ], [ -6.3798, 43.5584 ], [ -6.38, 43.5577 ], [ -6.3807, 43.5587 ] ] ], [ [ [ -6.3722, 43.558 ], [ -6.3723, 43.5581 ], [ -6.3719, 43.5583 ], [ -6.3722, 43.558 ] ] ], [ [ [ -6.3824, 43.5582 ], [ -6.3823, 43.5585 ], [ -6.3821, 43.5585 ], [ -6.3824, 43.5582 ] ] ], [ [ [ -6.3795, 43.5583 ], [ -6.3797, 43.5585 ], [ -6.3795, 43.5586 ], [ -6.3795, 43.5583 ] ] ], [ [ [ -6.3445, 43.5584 ], [ -6.3452, 43.5585 ], [ -6.3451, 43.5587 ], [ -6.3445, 43.5584 ] ] ], [ [ [ -6.3724, 43.5586 ], [ -6.3723, 43.5588 ], [ -6.3721, 43.5588 ], [ -6.3724, 43.5586 ] ] ], [ [ [ -6.3678, 43.5588 ], [ -6.3676, 43.559 ], [ -6.3675, 43.5589 ], [ -6.3678, 43.5588 ] ] ], [ [ [ -6.3695, 43.5588 ], [ -6.3694, 43.559 ], [ -6.3693, 43.5589 ], [ -6.3695, 43.5588 ] ] ], [ [ [ -6.3716, 43.5588 ], [ -6.3718, 43.5589 ], [ -6.3717, 43.5591 ], [ -6.3716, 43.5588 ] ] ], [ [ [ -6.3888, 43.5592 ], [ -6.3886, 43.5591 ], [ -6.3886, 43.559 ], [ -6.3888, 43.5592 ] ] ], [ [ [ -6.3708, 43.5592 ], [ -6.3709, 43.559 ], [ -6.371, 43.5591 ], [ -6.3708, 43.5592 ] ] ], [ [ [ -6.3701, 43.5593 ], [ -6.37, 43.5594 ], [ -6.3699, 43.5592 ], [ -6.3701, 43.5593 ] ] ], [ [ [ -6.3789, 43.5597 ], [ -6.379, 43.5589 ], [ -6.3796, 43.5591 ], [ -6.3789, 43.5597 ] ] ], [ [ [ -6.3714, 43.5594 ], [ -6.3712, 43.5595 ], [ -6.3711, 43.5594 ], [ -6.3714, 43.5594 ] ] ], [ [ [ -6.3697, 43.5596 ], [ -6.3696, 43.5594 ], [ -6.3698, 43.5594 ], [ -6.3697, 43.5596 ] ] ], [ [ [ -6.3703, 43.5597 ], [ -6.3702, 43.5597 ], [ -6.3703, 43.5596 ], [ -6.3703, 43.5597 ] ] ], [ [ [ -6.3721, 43.5597 ], [ -6.3718, 43.5597 ], [ -6.3718, 43.5596 ], [ -6.3721, 43.5597 ] ] ], [ [ [ -6.3803, 43.5598 ], [ -6.3801, 43.5597 ], [ -6.3802, 43.5596 ], [ -6.3803, 43.5598 ] ] ], [ [ [ -6.3707, 43.5598 ], [ -6.3705, 43.5599 ], [ -6.3705, 43.5597 ], [ -6.3707, 43.5598 ] ] ], [ [ [ -6.3699, 43.5599 ], [ -6.3697, 43.5599 ], [ -6.3698, 43.5598 ], [ -6.3699, 43.5599 ] ] ], [ [ [ -6.3389, 43.5597 ], [ -6.3393, 43.5597 ], [ -6.3386, 43.5601 ], [ -6.3389, 43.5597 ] ] ], [ [ [ -6.39, 43.5599 ], [ -6.39, 43.5601 ], [ -6.3898, 43.5601 ], [ -6.39, 43.5599 ] ] ], [ [ [ -6.3391, 43.5605 ], [ -6.3387, 43.5602 ], [ -6.3396, 43.5599 ], [ -6.3391, 43.5605 ] ] ], [ [ [ -6.341, 43.5601 ], [ -6.3415, 43.56 ], [ -6.3416, 43.5603 ], [ -6.341, 43.5601 ] ] ], [ [ [ -6.34, 43.5609 ], [ -6.3402, 43.5611 ], [ -6.3399, 43.5611 ], [ -6.34, 43.5609 ] ] ], [ [ [ -6.3381, 43.5619 ], [ -6.3384, 43.562 ], [ -6.3381, 43.5621 ], [ -6.3381, 43.5619 ] ] ], [ [ [ -6.332, 43.5619 ], [ -6.3328, 43.5618 ], [ -6.3328, 43.562 ], [ -6.332, 43.5619 ] ] ], [ [ [ -6.3317, 43.5625 ], [ -6.3315, 43.5624 ], [ -6.3316, 43.5623 ], [ -6.3317, 43.5625 ] ] ], [ [ [ -6.3279, 43.5628 ], [ -6.328, 43.5623 ], [ -6.3286, 43.5623 ], [ -6.3279, 43.5628 ] ] ], [ [ [ -6.3273, 43.5628 ], [ -6.3277, 43.5629 ], [ -6.3276, 43.5631 ], [ -6.3273, 43.5628 ] ] ], [ [ [ -6.325, 43.5634 ], [ -6.3249, 43.5632 ], [ -6.3257, 43.5629 ], [ -6.325, 43.5634 ] ] ], [ [ [ -6.3239, 43.5637 ], [ -6.3241, 43.5632 ], [ -6.3243, 43.5633 ], [ -6.3239, 43.5637 ] ] ], [ [ [ -6.3169, 43.5643 ], [ -6.3166, 43.564 ], [ -6.317, 43.5638 ], [ -6.3169, 43.5643 ] ] ], [ [ [ -6.3214, 43.5644 ], [ -6.3206, 43.5648 ], [ -6.3207, 43.5636 ], [ -6.3214, 43.5644 ] ] ], [ [ [ -6.3048, 43.5646 ], [ -6.3052, 43.5645 ], [ -6.3053, 43.5648 ], [ -6.3048, 43.5646 ] ] ], [ [ [ -6.3223, 43.5646 ], [ -6.3223, 43.5648 ], [ -6.3221, 43.5648 ], [ -6.3223, 43.5646 ] ] ], [ [ [ -6.3218, 43.5648 ], [ -6.3222, 43.5651 ], [ -6.322, 43.5652 ], [ -6.3218, 43.5648 ] ] ], [ [ [ -6.303, 43.5651 ], [ -6.3031, 43.5651 ], [ -6.3027, 43.5653 ], [ -6.303, 43.5651 ] ] ], [ [ [ -6.3209, 43.5658 ], [ -6.3209, 43.5659 ], [ -6.3207, 43.566 ], [ -6.3209, 43.5658 ] ] ], [ [ [ -6.3016, 43.5657 ], [ -6.3018, 43.5658 ], [ -6.3016, 43.566 ], [ -6.3016, 43.5657 ] ] ], [ [ [ -6.3223, 43.5659 ], [ -6.3226, 43.5661 ], [ -6.3224, 43.5662 ], [ -6.3223, 43.5659 ] ] ], [ [ [ -6.3017, 43.5663 ], [ -6.3027, 43.5658 ], [ -6.3026, 43.566 ], [ -6.3017, 43.5663 ] ] ], [ [ [ -6.3085, 43.5668 ], [ -6.3086, 43.567 ], [ -6.3084, 43.5671 ], [ -6.3085, 43.5668 ] ] ], [ [ [ -6.3015, 43.5672 ], [ -6.3016, 43.5674 ], [ -6.3013, 43.5675 ], [ -6.3015, 43.5672 ] ] ], [ [ [ -6.3009, 43.5674 ], [ -6.301, 43.5675 ], [ -6.3007, 43.5678 ], [ -6.3009, 43.5674 ] ] ], [ [ [ -6.3075, 43.5679 ], [ -6.3075, 43.5674 ], [ -6.308, 43.5677 ], [ -6.3075, 43.5679 ] ] ], [ [ [ -6.3109, 43.5676 ], [ -6.3109, 43.5678 ], [ -6.3106, 43.5679 ], [ -6.3109, 43.5676 ] ] ], [ [ [ -6.3094, 43.5678 ], [ -6.3093, 43.568 ], [ -6.309, 43.5679 ], [ -6.3094, 43.5678 ] ] ], [ [ [ -6.3084, 43.5698 ], [ -6.3076, 43.5686 ], [ -6.3078, 43.5686 ], [ -6.3084, 43.5698 ] ] ], [ [ [ -6.2959, 43.5704 ], [ -6.2962, 43.5708 ], [ -6.2961, 43.5708 ], [ -6.2959, 43.5704 ] ] ], [ [ [ -6.2952, 43.5705 ], [ -6.2956, 43.5705 ], [ -6.2953, 43.5708 ], [ -6.2952, 43.5705 ] ] ], [ [ [ -6.2962, 43.5711 ], [ -6.2961, 43.5711 ], [ -6.2963, 43.5709 ], [ -6.2962, 43.5711 ] ] ], [ [ [ -6.2915, 43.5713 ], [ -6.2914, 43.5714 ], [ -6.2913, 43.5714 ], [ -6.2915, 43.5713 ] ] ], [ [ [ -6.2957, 43.5714 ], [ -6.2959, 43.5716 ], [ -6.2956, 43.5717 ], [ -6.2957, 43.5714 ] ] ], [ [ [ -6.2928, 43.5729 ], [ -6.2923, 43.5719 ], [ -6.2934, 43.5713 ], [ -6.2928, 43.5729 ] ] ], [ [ [ -6.2916, 43.5724 ], [ -6.2915, 43.5726 ], [ -6.2912, 43.5724 ], [ -6.2916, 43.5724 ] ] ], [ [ [ -6.2876, 43.5725 ], [ -6.288, 43.5725 ], [ -6.288, 43.5728 ], [ -6.2876, 43.5725 ] ] ], [ [ [ -6.2948, 43.573 ], [ -6.2947, 43.5727 ], [ -6.2953, 43.5725 ], [ -6.2948, 43.573 ] ] ], [ [ [ -6.2854, 43.5728 ], [ -6.2855, 43.5729 ], [ -6.2851, 43.573 ], [ -6.2854, 43.5728 ] ] ], [ [ [ -6.2837, 43.5735 ], [ -6.2837, 43.5729 ], [ -6.2845, 43.5728 ], [ -6.2837, 43.5735 ] ] ], [ [ [ -6.2911, 43.5733 ], [ -6.2908, 43.5734 ], [ -6.2908, 43.5733 ], [ -6.2911, 43.5733 ] ] ], [ [ [ -6.2919, 43.574 ], [ -6.2922, 43.574 ], [ -6.292, 43.5744 ], [ -6.2919, 43.574 ] ] ], [ [ [ -6.2927, 43.5748 ], [ -6.2929, 43.5751 ], [ -6.2926, 43.5754 ], [ -6.2927, 43.5748 ] ] ], [ [ [ -6.1191, 43.558 ], [ -6.1193, 43.558 ], [ -6.1192, 43.5581 ], [ -6.1191, 43.558 ] ] ], [ [ [ -6.119, 43.5582 ], [ -6.119, 43.5581 ], [ -6.1192, 43.5583 ], [ -6.119, 43.5582 ] ] ], [ [ [ -6.1234, 43.5604 ], [ -6.1233, 43.5605 ], [ -6.1232, 43.5604 ], [ -6.1234, 43.5604 ] ] ], [ [ [ -6.1274, 43.5603 ], [ -6.1272, 43.5607 ], [ -6.1271, 43.5604 ], [ -6.1274, 43.5603 ] ] ], [ [ [ -6.128, 43.5609 ], [ -6.1281, 43.5609 ], [ -6.1281, 43.5611 ], [ -6.128, 43.5609 ] ] ], [ [ [ -6.1252, 43.5613 ], [ -6.1254, 43.5615 ], [ -6.1252, 43.5616 ], [ -6.1252, 43.5613 ] ] ], [ [ [ -6.1281, 43.5615 ], [ -6.128, 43.5616 ], [ -6.1279, 43.5614 ], [ -6.1281, 43.5615 ] ] ], [ [ [ -6.1829, 43.565 ], [ -6.1828, 43.5651 ], [ -6.1828, 43.5649 ], [ -6.1829, 43.565 ] ] ], [ [ [ -6.1455, 43.5652 ], [ -6.1454, 43.5651 ], [ -6.1456, 43.5648 ], [ -6.1455, 43.5652 ] ] ], [ [ [ -6.1381, 43.5648 ], [ -6.1384, 43.5651 ], [ -6.1379, 43.5652 ], [ -6.1381, 43.5648 ] ] ], [ [ [ -6.1491, 43.5654 ], [ -6.1491, 43.5657 ], [ -6.149, 43.5657 ], [ -6.1491, 43.5654 ] ] ], [ [ [ -6.1391, 43.5657 ], [ -6.1391, 43.5656 ], [ -6.1393, 43.5656 ], [ -6.1391, 43.5657 ] ] ], [ [ [ -6.1389, 43.5656 ], [ -6.1389, 43.5657 ], [ -6.1387, 43.5657 ], [ -6.1389, 43.5656 ] ] ], [ [ [ -6.1399, 43.5656 ], [ -6.14, 43.5656 ], [ -6.1399, 43.5658 ], [ -6.1399, 43.5656 ] ] ], [ [ [ -6.1376, 43.5658 ], [ -6.1378, 43.5659 ], [ -6.1376, 43.5659 ], [ -6.1376, 43.5658 ] ] ], [ [ [ -6.1419, 43.5661 ], [ -6.142, 43.5657 ], [ -6.1422, 43.5658 ], [ -6.1419, 43.5661 ] ] ], [ [ [ -6.1809, 43.5662 ], [ -6.1807, 43.5662 ], [ -6.1808, 43.566 ], [ -6.1809, 43.5662 ] ] ], [ [ [ -6.1396, 43.5664 ], [ -6.1394, 43.5662 ], [ -6.1396, 43.5659 ], [ -6.1396, 43.5664 ] ] ], [ [ [ -6.173, 43.5681 ], [ -6.1734, 43.568 ], [ -6.1734, 43.5681 ], [ -6.173, 43.5681 ] ] ], [ [ [ -6.1756, 43.5685 ], [ -6.1757, 43.5685 ], [ -6.1757, 43.5687 ], [ -6.1756, 43.5685 ] ] ], [ [ [ -6.178, 43.5685 ], [ -6.1779, 43.5687 ], [ -6.1778, 43.5686 ], [ -6.178, 43.5685 ] ] ], [ [ [ -6.1758, 43.5691 ], [ -6.1759, 43.5689 ], [ -6.176, 43.569 ], [ -6.1758, 43.5691 ] ] ], [ [ [ -6.1749, 43.569 ], [ -6.175, 43.5689 ], [ -6.1751, 43.5691 ], [ -6.1749, 43.569 ] ] ], [ [ [ -6.1535, 43.5692 ], [ -6.1534, 43.5692 ], [ -6.1534, 43.5689 ], [ -6.1535, 43.5692 ] ] ], [ [ [ -6.1675, 43.5692 ], [ -6.1678, 43.5692 ], [ -6.1678, 43.5693 ], [ -6.1675, 43.5692 ] ] ], [ [ [ -6.1717, 43.5694 ], [ -6.1718, 43.5692 ], [ -6.1719, 43.5694 ], [ -6.1717, 43.5694 ] ] ], [ [ [ -6.1677, 43.5696 ], [ -6.1674, 43.5696 ], [ -6.1674, 43.5695 ], [ -6.1677, 43.5696 ] ] ], [ [ [ -6.1708, 43.5697 ], [ -6.1709, 43.5695 ], [ -6.171, 43.5696 ], [ -6.1708, 43.5697 ] ] ], [ [ [ -6.161, 43.5698 ], [ -6.1605, 43.5698 ], [ -6.1605, 43.5696 ], [ -6.161, 43.5698 ] ] ], [ [ [ -6.1687, 43.5694 ], [ -6.1694, 43.5698 ], [ -6.1693, 43.57 ], [ -6.1687, 43.5694 ] ] ], [ [ [ -6.1713, 43.5699 ], [ -6.1712, 43.5699 ], [ -6.1712, 43.5695 ], [ -6.1713, 43.5699 ] ] ], [ [ [ -6.1672, 43.5698 ], [ -6.1671, 43.5697 ], [ -6.1675, 43.5698 ], [ -6.1672, 43.5698 ] ] ], [ [ [ -6.1622, 43.5698 ], [ -6.1624, 43.5696 ], [ -6.1625, 43.5697 ], [ -6.1622, 43.5698 ] ] ], [ [ [ -6.1671, 43.57 ], [ -6.1672, 43.57 ], [ -6.1672, 43.5702 ], [ -6.1671, 43.57 ] ] ], [ [ [ -6.1503, 43.5709 ], [ -6.1499, 43.5709 ], [ -6.1499, 43.5705 ], [ -6.1503, 43.5709 ] ] ], [ [ [ -6.162, 43.5708 ], [ -6.1621, 43.5705 ], [ -6.1622, 43.5706 ], [ -6.162, 43.5708 ] ] ], [ [ [ -6.1667, 43.5708 ], [ -6.1663, 43.571 ], [ -6.1662, 43.5707 ], [ -6.1667, 43.5708 ] ] ], [ [ [ -6.1538, 43.571 ], [ -6.1539, 43.5709 ], [ -6.154, 43.5711 ], [ -6.1538, 43.571 ] ] ], [ [ [ -6.1669, 43.5712 ], [ -6.167, 43.5713 ], [ -6.167, 43.5715 ], [ -6.1669, 43.5712 ] ] ], [ [ [ -6.1495, 43.5716 ], [ -6.1494, 43.5714 ], [ -6.1495, 43.5714 ], [ -6.1495, 43.5716 ] ] ], [ [ [ -6.1498, 43.5722 ], [ -6.1499, 43.572 ], [ -6.1499, 43.5723 ], [ -6.1498, 43.5722 ] ] ], [ [ [ -6.1668, 43.5724 ], [ -6.1668, 43.5722 ], [ -6.1671, 43.5722 ], [ -6.1668, 43.5724 ] ] ], [ [ [ -6.1663, 43.5728 ], [ -6.1664, 43.5727 ], [ -6.1665, 43.573 ], [ -6.1663, 43.5728 ] ] ], [ [ [ -6.2777, 43.5747 ], [ -6.2778, 43.5748 ], [ -6.2776, 43.5748 ], [ -6.2777, 43.5747 ] ] ], [ [ [ -6.2774, 43.5751 ], [ -6.2776, 43.5752 ], [ -6.2774, 43.5753 ], [ -6.2774, 43.5751 ] ] ], [ [ [ -6.2805, 43.5756 ], [ -6.2802, 43.5752 ], [ -6.2811, 43.5748 ], [ -6.2805, 43.5756 ] ] ], [ [ [ -6.2762, 43.5763 ], [ -6.2761, 43.5765 ], [ -6.2758, 43.5764 ], [ -6.2762, 43.5763 ] ] ], [ [ [ -6.1948, 43.5773 ], [ -6.1945, 43.5769 ], [ -6.1946, 43.5768 ], [ -6.1948, 43.5773 ] ] ], [ [ [ -6.2759, 43.5778 ], [ -6.2759, 43.578 ], [ -6.2757, 43.578 ], [ -6.2759, 43.5778 ] ] ], [ [ [ -6.1945, 43.5785 ], [ -6.1947, 43.5786 ], [ -6.1946, 43.5787 ], [ -6.1945, 43.5785 ] ] ], [ [ [ -6.2673, 43.5798 ], [ -6.267, 43.5791 ], [ -6.2676, 43.5792 ], [ -6.2673, 43.5798 ] ] ], [ [ [ -6.1888, 43.5799 ], [ -6.1889, 43.5799 ], [ -6.1888, 43.5803 ], [ -6.1888, 43.5799 ] ] ], [ [ [ -6.1919, 43.5806 ], [ -6.1935, 43.5809 ], [ -6.193, 43.5819 ], [ -6.1919, 43.5806 ] ] ], [ [ [ -6.2665, 43.5816 ], [ -6.2668, 43.5812 ], [ -6.2669, 43.5817 ], [ -6.2665, 43.5816 ] ] ], [ [ [ -6.1914, 43.5812 ], [ -6.1913, 43.582 ], [ -6.1911, 43.582 ], [ -6.1914, 43.5812 ] ] ], [ [ [ -6.1913, 43.5825 ], [ -6.1907, 43.5823 ], [ -6.1915, 43.5822 ], [ -6.1913, 43.5825 ] ] ], [ [ [ -6.1925, 43.5823 ], [ -6.1926, 43.5823 ], [ -6.1924, 43.5826 ], [ -6.1925, 43.5823 ] ] ], [ [ [ -6.1906, 43.5829 ], [ -6.1907, 43.5826 ], [ -6.1909, 43.5827 ], [ -6.1906, 43.5829 ] ] ], [ [ [ -6.2513, 43.583 ], [ -6.2516, 43.583 ], [ -6.2514, 43.5833 ], [ -6.2513, 43.583 ] ] ], [ [ [ -6.2719, 43.5837 ], [ -6.2711, 43.5837 ], [ -6.2725, 43.5833 ], [ -6.2719, 43.5837 ] ] ], [ [ [ -6.2511, 43.584 ], [ -6.2514, 43.5842 ], [ -6.2513, 43.5844 ], [ -6.2511, 43.584 ] ] ], [ [ [ -6.2706, 43.5848 ], [ -6.2704, 43.5847 ], [ -6.2712, 43.5842 ], [ -6.2706, 43.5848 ] ] ], [ [ [ -6.209, 43.5852 ], [ -6.2088, 43.5857 ], [ -6.2086, 43.5855 ], [ -6.209, 43.5852 ] ] ], [ [ [ -6.2263, 43.5909 ], [ -6.2267, 43.5899 ], [ -6.2274, 43.5911 ], [ -6.2263, 43.5909 ] ] ], [ [ [ -6.234, 43.5919 ], [ -6.2335, 43.592 ], [ -6.2336, 43.5917 ], [ -6.234, 43.5919 ] ] ], [ [ [ -6.2316, 43.5914 ], [ -6.2324, 43.5915 ], [ -6.2321, 43.5927 ], [ -6.2316, 43.5914 ] ] ], [ [ [ -6.2431, 43.5952 ], [ -6.2446, 43.5955 ], [ -6.2444, 43.5962 ], [ -6.2431, 43.5952 ] ] ], [ [ [ -6.1103, 43.5578 ], [ -6.1105, 43.5577 ], [ -6.1105, 43.5578 ], [ -6.1103, 43.5578 ] ] ], [ [ [ -6.1116, 43.5581 ], [ -6.1115, 43.558 ], [ -6.1115, 43.5579 ], [ -6.1116, 43.5581 ] ] ], [ [ [ -6.1119, 43.5582 ], [ -6.1119, 43.5583 ], [ -6.1118, 43.5581 ], [ -6.1119, 43.5582 ] ] ], [ [ [ -6.1114, 43.5584 ], [ -6.1115, 43.5584 ], [ -6.1115, 43.5586 ], [ -6.1114, 43.5584 ] ] ], [ [ [ -6.1067, 43.5585 ], [ -6.1069, 43.5585 ], [ -6.1067, 43.5586 ], [ -6.1067, 43.5585 ] ] ], [ [ [ -6.1069, 43.5586 ], [ -6.1069, 43.5588 ], [ -6.1068, 43.5588 ], [ -6.1069, 43.5586 ] ] ], [ [ [ -6.0952, 43.5604 ], [ -6.0961, 43.5591 ], [ -6.0969, 43.5594 ], [ -6.0952, 43.5604 ] ] ], [ [ [ -6.0996, 43.5606 ], [ -6.0997, 43.5604 ], [ -6.0998, 43.5605 ], [ -6.0996, 43.5606 ] ] ], [ [ [ -6.1009, 43.5608 ], [ -6.1009, 43.5609 ], [ -6.1007, 43.5608 ], [ -6.1009, 43.5608 ] ] ], [ [ [ -6.0924, 43.5614 ], [ -6.0922, 43.5612 ], [ -6.0924, 43.5611 ], [ -6.0924, 43.5614 ] ] ], [ [ [ -6.0917, 43.562 ], [ -6.0918, 43.5619 ], [ -6.0919, 43.5621 ], [ -6.0917, 43.562 ] ] ], [ [ [ -6.1075, 43.5621 ], [ -6.1075, 43.5622 ], [ -6.1074, 43.5622 ], [ -6.1075, 43.5621 ] ] ], [ [ [ -6.1051, 43.5625 ], [ -6.105, 43.5625 ], [ -6.105, 43.5622 ], [ -6.1051, 43.5625 ] ] ], [ [ [ -6.1064, 43.5628 ], [ -6.1062, 43.5625 ], [ -6.1063, 43.5624 ], [ -6.1064, 43.5628 ] ] ], [ [ [ -6.1077, 43.5629 ], [ -6.1075, 43.5626 ], [ -6.1076, 43.5626 ], [ -6.1077, 43.5629 ] ] ], [ [ [ -6.1051, 43.5627 ], [ -6.1052, 43.5628 ], [ -6.1051, 43.5629 ], [ -6.1051, 43.5627 ] ] ], [ [ [ -6.1056, 43.5631 ], [ -6.1059, 43.5631 ], [ -6.1058, 43.5632 ], [ -6.1056, 43.5631 ] ] ], [ [ [ -6.1069, 43.5635 ], [ -6.107, 43.563 ], [ -6.1071, 43.5631 ], [ -6.1069, 43.5635 ] ] ], [ [ [ -6.0897, 43.5635 ], [ -6.0897, 43.5633 ], [ -6.0899, 43.5633 ], [ -6.0897, 43.5635 ] ] ], [ [ [ -6.0864, 43.5633 ], [ -6.086, 43.5639 ], [ -6.0858, 43.5636 ], [ -6.0864, 43.5633 ] ] ], [ [ [ -6.0895, 43.5636 ], [ -6.0897, 43.5637 ], [ -6.0896, 43.5637 ], [ -6.0895, 43.5636 ] ] ], [ [ [ -6.09, 43.564 ], [ -6.0899, 43.5638 ], [ -6.0901, 43.5638 ], [ -6.09, 43.564 ] ] ], [ [ [ -6.0896, 43.564 ], [ -6.0895, 43.5642 ], [ -6.0894, 43.564 ], [ -6.0896, 43.564 ] ] ], [ [ [ -6.0875, 43.5643 ], [ -6.0874, 43.564 ], [ -6.0876, 43.5642 ], [ -6.0875, 43.5643 ] ] ], [ [ [ -6.081, 43.5664 ], [ -6.0811, 43.5664 ], [ -6.0808, 43.5665 ], [ -6.081, 43.5664 ] ] ], [ [ [ -6.0801, 43.5666 ], [ -6.0801, 43.5664 ], [ -6.0803, 43.5664 ], [ -6.0801, 43.5666 ] ] ], [ [ [ -6.0831, 43.567 ], [ -6.0832, 43.567 ], [ -6.0832, 43.5671 ], [ -6.0831, 43.567 ] ] ], [ [ [ -6.0696, 43.5679 ], [ -6.0687, 43.5675 ], [ -6.0744, 43.569 ], [ -6.0696, 43.5679 ] ] ], [ [ [ -6.053, 43.5753 ], [ -6.0536, 43.5756 ], [ -6.0532, 43.5756 ], [ -6.053, 43.5753 ] ] ], [ [ [ -5.9935, 43.5769 ], [ -5.9933, 43.5772 ], [ -5.9931, 43.5769 ], [ -5.9935, 43.5769 ] ] ], [ [ [ -6.0027, 43.5799 ], [ -6.0029, 43.5796 ], [ -6.0031, 43.5798 ], [ -6.0027, 43.5799 ] ] ], [ [ [ -6.0377, 43.58 ], [ -6.0376, 43.5804 ], [ -6.0374, 43.5801 ], [ -6.0377, 43.58 ] ] ], [ [ [ -6.0361, 43.5804 ], [ -6.036, 43.5803 ], [ -6.0363, 43.5802 ], [ -6.0361, 43.5804 ] ] ], [ [ [ -6.0091, 43.5812 ], [ -6.0089, 43.581 ], [ -6.0092, 43.581 ], [ -6.0091, 43.5812 ] ] ], [ [ [ -6.0373, 43.5812 ], [ -6.037, 43.581 ], [ -6.0372, 43.581 ], [ -6.0373, 43.5812 ] ] ], [ [ [ -5.9684, 43.5813 ], [ -5.9681, 43.5814 ], [ -5.9684, 43.581 ], [ -5.9684, 43.5813 ] ] ], [ [ [ -6.038, 43.5819 ], [ -6.0379, 43.5817 ], [ -6.0381, 43.5817 ], [ -6.038, 43.5819 ] ] ], [ [ [ -6.0368, 43.5831 ], [ -6.0371, 43.5829 ], [ -6.0372, 43.5833 ], [ -6.0368, 43.5831 ] ] ], [ [ [ -6.0348, 43.5835 ], [ -6.0349, 43.5835 ], [ -6.035, 43.5838 ], [ -6.0348, 43.5835 ] ] ], [ [ [ -6.0353, 43.5838 ], [ -6.0353, 43.5836 ], [ -6.0357, 43.5837 ], [ -6.0353, 43.5838 ] ] ], [ [ [ -6.0368, 43.5844 ], [ -6.0367, 43.5841 ], [ -6.037, 43.5841 ], [ -6.0368, 43.5844 ] ] ], [ [ [ -6.0326, 43.5845 ], [ -6.0328, 43.5847 ], [ -6.0327, 43.5847 ], [ -6.0326, 43.5845 ] ] ], [ [ [ -6.0346, 43.585 ], [ -6.0345, 43.5849 ], [ -6.0345, 43.5848 ], [ -6.0346, 43.585 ] ] ], [ [ [ -6.0247, 43.5864 ], [ -6.0249, 43.5864 ], [ -6.0247, 43.5866 ], [ -6.0247, 43.5864 ] ] ], [ [ [ -6.0287, 43.5867 ], [ -6.029, 43.5867 ], [ -6.0289, 43.5868 ], [ -6.0287, 43.5867 ] ] ], [ [ [ -6.0224, 43.5869 ], [ -6.0223, 43.5867 ], [ -6.0226, 43.5866 ], [ -6.0224, 43.5869 ] ] ], [ [ [ -6.028, 43.5869 ], [ -6.0277, 43.5869 ], [ -6.028, 43.5867 ], [ -6.028, 43.5869 ] ] ], [ [ [ -6.0248, 43.587 ], [ -6.025, 43.5871 ], [ -6.0244, 43.5874 ], [ -6.0248, 43.587 ] ] ], [ [ [ -6.0236, 43.5872 ], [ -6.0239, 43.5871 ], [ -6.0238, 43.5872 ], [ -6.0236, 43.5872 ] ] ], [ [ [ -6.0196, 43.5876 ], [ -6.0194, 43.5877 ], [ -6.0194, 43.5876 ], [ -6.0196, 43.5876 ] ] ], [ [ [ -6.0283, 43.5876 ], [ -6.0278, 43.5877 ], [ -6.0278, 43.5876 ], [ -6.0283, 43.5876 ] ] ], [ [ [ -6.0248, 43.5877 ], [ -6.0249, 43.5875 ], [ -6.0251, 43.5876 ], [ -6.0248, 43.5877 ] ] ], [ [ [ -6.0206, 43.5879 ], [ -6.0204, 43.5879 ], [ -6.0208, 43.5876 ], [ -6.0206, 43.5879 ] ] ], [ [ [ -6.019, 43.588 ], [ -6.0192, 43.5879 ], [ -6.0192, 43.588 ], [ -6.019, 43.588 ] ] ], [ [ [ -6.0208, 43.588 ], [ -6.0207, 43.5879 ], [ -6.0209, 43.5879 ], [ -6.0208, 43.588 ] ] ], [ [ [ -6.0233, 43.5881 ], [ -6.0232, 43.5879 ], [ -6.0234, 43.5879 ], [ -6.0233, 43.5881 ] ] ], [ [ [ -6.0203, 43.5881 ], [ -6.02, 43.5883 ], [ -6.0201, 43.5881 ], [ -6.0203, 43.5881 ] ] ], [ [ [ -6.0184, 43.5884 ], [ -6.0186, 43.5882 ], [ -6.0187, 43.5883 ], [ -6.0184, 43.5884 ] ] ], [ [ [ -6.0339, 43.5884 ], [ -6.0336, 43.5885 ], [ -6.0337, 43.5884 ], [ -6.0339, 43.5884 ] ] ], [ [ [ -6.0196, 43.5884 ], [ -6.0199, 43.5884 ], [ -6.0198, 43.5885 ], [ -6.0196, 43.5884 ] ] ], [ [ [ -6.0333, 43.5887 ], [ -6.0334, 43.5886 ], [ -6.0335, 43.5887 ], [ -6.0333, 43.5887 ] ] ], [ [ [ -6.0335, 43.5914 ], [ -6.0305, 43.5919 ], [ -6.0317, 43.5892 ], [ -6.0335, 43.5914 ] ] ], [ [ [ -6.0325, 43.5918 ], [ -6.0332, 43.5917 ], [ -6.0327, 43.5926 ], [ -6.0325, 43.5918 ] ] ], [ [ [ -5.9153, 43.6233 ], [ -5.9155, 43.6233 ], [ -5.9153, 43.6236 ], [ -5.9153, 43.6233 ] ] ], [ [ [ -5.6071, 43.5564 ], [ -5.6077, 43.5565 ], [ -5.6077, 43.5566 ], [ -5.6071, 43.5564 ] ] ], [ [ [ -5.6159, 43.5576 ], [ -5.6157, 43.5576 ], [ -5.6156, 43.5574 ], [ -5.6159, 43.5576 ] ] ], [ [ [ -5.7009, 43.5737 ], [ -5.7007, 43.5737 ], [ -5.7009, 43.5736 ], [ -5.7009, 43.5737 ] ] ], [ [ [ -5.7014, 43.5741 ], [ -5.7014, 43.5742 ], [ -5.7011, 43.5743 ], [ -5.7014, 43.5741 ] ] ], [ [ [ -5.7429, 43.5812 ], [ -5.7438, 43.581 ], [ -5.7439, 43.5814 ], [ -5.7429, 43.5812 ] ] ], [ [ [ -5.7671, 43.599 ], [ -5.7673, 43.5994 ], [ -5.7671, 43.5993 ], [ -5.7671, 43.599 ] ] ], [ [ [ -5.7669, 43.6056 ], [ -5.7677, 43.6072 ], [ -5.7652, 43.605 ], [ -5.7669, 43.6056 ] ] ], [ [ [ -5.771, 43.6085 ], [ -5.771, 43.6087 ], [ -5.7707, 43.6086 ], [ -5.771, 43.6085 ] ] ], [ [ [ -5.9152, 43.6087 ], [ -5.9155, 43.6085 ], [ -5.9153, 43.6088 ], [ -5.9152, 43.6087 ] ] ], [ [ [ -5.7756, 43.6092 ], [ -5.7759, 43.6092 ], [ -5.7759, 43.6093 ], [ -5.7756, 43.6092 ] ] ], [ [ [ -5.7837, 43.6116 ], [ -5.7844, 43.6114 ], [ -5.7843, 43.6116 ], [ -5.7837, 43.6116 ] ] ], [ [ [ -5.7798, 43.6133 ], [ -5.7794, 43.6129 ], [ -5.7799, 43.613 ], [ -5.7798, 43.6133 ] ] ], [ [ [ -5.7867, 43.616 ], [ -5.7868, 43.6162 ], [ -5.7861, 43.6164 ], [ -5.7867, 43.616 ] ] ], [ [ [ -5.9045, 43.6251 ], [ -5.9047, 43.625 ], [ -5.9047, 43.6251 ], [ -5.9045, 43.6251 ] ] ], [ [ [ -5.8969, 43.6269 ], [ -5.8969, 43.6265 ], [ -5.8971, 43.6265 ], [ -5.8969, 43.6269 ] ] ], [ [ [ -5.8966, 43.627 ], [ -5.8965, 43.6269 ], [ -5.8967, 43.6269 ], [ -5.8966, 43.627 ] ] ], [ [ [ -5.8898, 43.6279 ], [ -5.8897, 43.6279 ], [ -5.8899, 43.6276 ], [ -5.8898, 43.6279 ] ] ], [ [ [ -5.8903, 43.6286 ], [ -5.8904, 43.6287 ], [ -5.8903, 43.6289 ], [ -5.8903, 43.6286 ] ] ], [ [ [ -5.9003, 43.6289 ], [ -5.9003, 43.6287 ], [ -5.9004, 43.6288 ], [ -5.9003, 43.6289 ] ] ], [ [ [ -5.89, 43.6291 ], [ -5.8894, 43.6291 ], [ -5.8896, 43.6288 ], [ -5.89, 43.6291 ] ] ], [ [ [ -5.8785, 43.6303 ], [ -5.8784, 43.6301 ], [ -5.8786, 43.63 ], [ -5.8785, 43.6303 ] ] ], [ [ [ -5.8791, 43.6306 ], [ -5.8795, 43.6305 ], [ -5.8794, 43.6306 ], [ -5.8791, 43.6306 ] ] ], [ [ [ -5.8803, 43.631 ], [ -5.8798, 43.6309 ], [ -5.8801, 43.6306 ], [ -5.8803, 43.631 ] ] ], [ [ [ -5.8806, 43.6307 ], [ -5.8808, 43.6307 ], [ -5.8806, 43.6309 ], [ -5.8806, 43.6307 ] ] ], [ [ [ -5.881, 43.6309 ], [ -5.8813, 43.6309 ], [ -5.8812, 43.631 ], [ -5.881, 43.6309 ] ] ], [ [ [ -5.7929, 43.6334 ], [ -5.7931, 43.6333 ], [ -5.7931, 43.6335 ], [ -5.7929, 43.6334 ] ] ], [ [ [ -5.8688, 43.6333 ], [ -5.8689, 43.6333 ], [ -5.8687, 43.6336 ], [ -5.8688, 43.6333 ] ] ], [ [ [ -5.8625, 43.6439 ], [ -5.8624, 43.6438 ], [ -5.8627, 43.6437 ], [ -5.8625, 43.6439 ] ] ], [ [ [ -5.8663, 43.6439 ], [ -5.8664, 43.6437 ], [ -5.8665, 43.6439 ], [ -5.8663, 43.6439 ] ] ], [ [ [ -5.8621, 43.6492 ], [ -5.8624, 43.6491 ], [ -5.8621, 43.6494 ], [ -5.8621, 43.6492 ] ] ], [ [ [ -5.8637, 43.6493 ], [ -5.8638, 43.6493 ], [ -5.8637, 43.6495 ], [ -5.8637, 43.6493 ] ] ], [ [ [ -5.8346, 43.6496 ], [ -5.8347, 43.6495 ], [ -5.8348, 43.6496 ], [ -5.8346, 43.6496 ] ] ], [ [ [ -5.8634, 43.6497 ], [ -5.8633, 43.6495 ], [ -5.8636, 43.6496 ], [ -5.8634, 43.6497 ] ] ], [ [ [ -5.8346, 43.6498 ], [ -5.8347, 43.6498 ], [ -5.8346, 43.6501 ], [ -5.8346, 43.6498 ] ] ], [ [ [ -5.8345, 43.6504 ], [ -5.8344, 43.6507 ], [ -5.8342, 43.6504 ], [ -5.8345, 43.6504 ] ] ], [ [ [ -5.8632, 43.6534 ], [ -5.8633, 43.6534 ], [ -5.8631, 43.6536 ], [ -5.8632, 43.6534 ] ] ], [ [ [ -5.8335, 43.6546 ], [ -5.8335, 43.6544 ], [ -5.8337, 43.6545 ], [ -5.8335, 43.6546 ] ] ], [ [ [ -5.8604, 43.6551 ], [ -5.8602, 43.6551 ], [ -5.8603, 43.655 ], [ -5.8604, 43.6551 ] ] ], [ [ [ -5.859, 43.6551 ], [ -5.8591, 43.6551 ], [ -5.859, 43.6553 ], [ -5.859, 43.6551 ] ] ], [ [ [ -5.8585, 43.6558 ], [ -5.8586, 43.6559 ], [ -5.8584, 43.656 ], [ -5.8585, 43.6558 ] ] ], [ [ [ -5.858, 43.6566 ], [ -5.8583, 43.6566 ], [ -5.8582, 43.6567 ], [ -5.858, 43.6566 ] ] ], [ [ [ -5.8554, 43.6575 ], [ -5.8555, 43.6567 ], [ -5.8563, 43.6577 ], [ -5.8554, 43.6575 ] ] ], [ [ [ -5.8547, 43.658 ], [ -5.8548, 43.658 ], [ -5.8548, 43.6582 ], [ -5.8547, 43.658 ] ] ], [ [ [ -5.8595, 43.6598 ], [ -5.8594, 43.6597 ], [ -5.8595, 43.6596 ], [ -5.8595, 43.6598 ] ] ], [ [ [ -5.8606, 43.6606 ], [ -5.8608, 43.6607 ], [ -5.8606, 43.6607 ], [ -5.8606, 43.6606 ] ] ], [ [ [ -5.8396, 43.6623 ], [ -5.8391, 43.6625 ], [ -5.8391, 43.6624 ], [ -5.8396, 43.6623 ] ] ], [ [ [ -5.8629, 43.6627 ], [ -5.8628, 43.6628 ], [ -5.8627, 43.6627 ], [ -5.8629, 43.6627 ] ] ], [ [ [ -5.8627, 43.6631 ], [ -5.8627, 43.663 ], [ -5.8629, 43.6631 ], [ -5.8627, 43.6631 ] ] ], [ [ [ -5.8659, 43.6636 ], [ -5.8641, 43.6638 ], [ -5.8633, 43.6645 ], [ -5.8644, 43.6625 ], [ -5.8659, 43.6636 ] ] ], [ [ [ -5.8668, 43.6636 ], [ -5.8669, 43.6635 ], [ -5.867, 43.6636 ], [ -5.8668, 43.6636 ] ] ], [ [ [ -5.8651, 43.6638 ], [ -5.8652, 43.6638 ], [ -5.8653, 43.664 ], [ -5.8651, 43.6638 ] ] ], [ [ [ -5.8376, 43.6642 ], [ -5.8383, 43.664 ], [ -5.8384, 43.6645 ], [ -5.8376, 43.6642 ] ] ], [ [ [ -5.8651, 43.6646 ], [ -5.8648, 43.6648 ], [ -5.865, 43.6641 ], [ -5.8651, 43.6646 ] ] ], [ [ [ -5.8373, 43.6648 ], [ -5.8372, 43.6647 ], [ -5.8375, 43.6645 ], [ -5.8373, 43.6648 ] ] ], [ [ [ -5.8646, 43.6655 ], [ -5.8644, 43.6654 ], [ -5.8646, 43.6653 ], [ -5.8646, 43.6655 ] ] ], [ [ [ -5.8614, 43.6655 ], [ -5.8614, 43.6654 ], [ -5.8616, 43.6656 ], [ -5.8614, 43.6655 ] ] ], [ [ [ -5.8652, 43.6654 ], [ -5.8654, 43.6655 ], [ -5.8653, 43.6656 ], [ -5.8652, 43.6654 ] ] ], [ [ [ -5.8619, 43.6655 ], [ -5.8619, 43.6656 ], [ -5.8618, 43.6656 ], [ -5.8619, 43.6655 ] ] ], [ [ [ -5.8615, 43.6664 ], [ -5.861, 43.6665 ], [ -5.8611, 43.6662 ], [ -5.8615, 43.6664 ] ] ], [ [ [ -4.5686, 43.3933 ], [ -4.5689, 43.3935 ], [ -4.5684, 43.3936 ], [ -4.5686, 43.3933 ] ] ], [ [ [ -4.5622, 43.3935 ], [ -4.5622, 43.3937 ], [ -4.5619, 43.3936 ], [ -4.5622, 43.3935 ] ] ], [ [ [ -4.5656, 43.3936 ], [ -4.5658, 43.394 ], [ -4.5656, 43.3939 ], [ -4.5656, 43.3936 ] ] ], [ [ [ -4.56, 43.3936 ], [ -4.5604, 43.3938 ], [ -4.5601, 43.3939 ], [ -4.56, 43.3936 ] ] ], [ [ [ -4.563, 43.3937 ], [ -4.5633, 43.3939 ], [ -4.5629, 43.394 ], [ -4.563, 43.3937 ] ] ], [ [ [ -4.5709, 43.3943 ], [ -4.571, 43.3945 ], [ -4.5706, 43.3946 ], [ -4.5709, 43.3943 ] ] ], [ [ [ -4.572, 43.3945 ], [ -4.5725, 43.3947 ], [ -4.5724, 43.3948 ], [ -4.572, 43.3945 ] ] ], [ [ [ -4.5758, 43.3954 ], [ -4.5758, 43.3958 ], [ -4.5754, 43.3958 ], [ -4.5758, 43.3954 ] ] ], [ [ [ -4.576, 43.3962 ], [ -4.5763, 43.3963 ], [ -4.5762, 43.3964 ], [ -4.576, 43.3962 ] ] ], [ [ [ -4.6154, 43.397 ], [ -4.6148, 43.3968 ], [ -4.6153, 43.3967 ], [ -4.6154, 43.397 ] ] ], [ [ [ -4.5757, 43.3969 ], [ -4.5759, 43.3969 ], [ -4.5753, 43.3972 ], [ -4.5757, 43.3969 ] ] ], [ [ [ -4.5751, 43.4001 ], [ -4.5739, 43.398 ], [ -4.576, 43.3976 ], [ -4.5751, 43.4001 ] ] ], [ [ [ -4.6255, 43.399 ], [ -4.6258, 43.3992 ], [ -4.6254, 43.3993 ], [ -4.6255, 43.399 ] ] ], [ [ [ -4.6296, 43.399 ], [ -4.6296, 43.3993 ], [ -4.6294, 43.3993 ], [ -4.6296, 43.399 ] ] ], [ [ [ -4.6287, 43.3992 ], [ -4.6292, 43.3992 ], [ -4.6287, 43.3994 ], [ -4.6287, 43.3992 ] ] ], [ [ [ -4.6284, 43.3995 ], [ -4.6289, 43.3996 ], [ -4.6287, 43.3998 ], [ -4.6284, 43.3995 ] ] ], [ [ [ -4.6234, 43.4021 ], [ -4.6246, 43.4023 ], [ -4.6241, 43.4025 ], [ -4.6234, 43.4021 ] ] ], [ [ [ -4.642, 43.4043 ], [ -4.6426, 43.4046 ], [ -4.6424, 43.4047 ], [ -4.642, 43.4043 ] ] ], [ [ [ -4.7088, 43.4157 ], [ -4.7081, 43.4157 ], [ -4.7088, 43.4149 ], [ -4.7088, 43.4157 ] ] ], [ [ [ -4.7392, 43.4166 ], [ -4.7394, 43.4167 ], [ -4.7393, 43.4169 ], [ -4.7392, 43.4166 ] ] ], [ [ [ -4.7286, 43.4166 ], [ -4.7296, 43.4166 ], [ -4.7292, 43.4171 ], [ -4.7286, 43.4166 ] ] ], [ [ [ -4.7377, 43.418 ], [ -4.7374, 43.4167 ], [ -4.738, 43.4171 ], [ -4.7377, 43.418 ] ] ], [ [ [ -4.7289, 43.4174 ], [ -4.73, 43.4174 ], [ -4.7294, 43.4178 ], [ -4.7289, 43.4174 ] ] ], [ [ [ -4.7309, 43.4187 ], [ -4.7296, 43.4182 ], [ -4.7308, 43.4171 ], [ -4.7309, 43.4187 ] ] ], [ [ [ -4.7442, 43.4178 ], [ -4.7443, 43.4181 ], [ -4.7441, 43.4181 ], [ -4.7442, 43.4178 ] ] ], [ [ [ -4.7634, 43.4258 ], [ -4.7639, 43.4259 ], [ -4.7636, 43.426 ], [ -4.7634, 43.4258 ] ] ], [ [ [ -4.7781, 43.4329 ], [ -4.7784, 43.4331 ], [ -4.7779, 43.433 ], [ -4.7781, 43.4329 ] ] ], [ [ [ -4.7833, 43.4332 ], [ -4.7835, 43.4333 ], [ -4.7827, 43.4334 ], [ -4.7833, 43.4332 ] ] ], [ [ [ -4.7748, 43.4331 ], [ -4.7766, 43.4329 ], [ -4.7765, 43.4331 ], [ -4.7748, 43.4331 ] ] ], [ [ [ -4.7967, 43.4345 ], [ -4.7963, 43.4335 ], [ -4.7978, 43.4341 ], [ -4.7967, 43.4345 ] ] ], [ [ [ -4.7912, 43.4354 ], [ -4.7876, 43.4349 ], [ -4.7894, 43.4329 ], [ -4.7912, 43.4354 ] ] ], [ [ [ -4.7756, 43.4341 ], [ -4.7761, 43.4343 ], [ -4.776, 43.4345 ], [ -4.7756, 43.4341 ] ] ], [ [ [ -4.8032, 43.4355 ], [ -4.804, 43.4358 ], [ -4.804, 43.4361 ], [ -4.8032, 43.4355 ] ] ], [ [ [ -4.8111, 43.4388 ], [ -4.8083, 43.4382 ], [ -4.8091, 43.437 ], [ -4.8111, 43.4388 ] ] ], [ [ [ -4.8226, 43.4388 ], [ -4.8219, 43.4383 ], [ -4.8233, 43.4371 ], [ -4.8226, 43.4388 ] ] ], [ [ [ -4.8254, 43.4388 ], [ -4.8249, 43.4384 ], [ -4.827, 43.4376 ], [ -4.8254, 43.4388 ] ] ], [ [ [ -4.8189, 43.4393 ], [ -4.8195, 43.4393 ], [ -4.8195, 43.4398 ], [ -4.8189, 43.4393 ] ] ], [ [ [ -4.8306, 43.4401 ], [ -4.831, 43.4406 ], [ -4.8302, 43.4405 ], [ -4.8306, 43.4401 ] ] ], [ [ [ -4.8252, 43.4404 ], [ -4.8257, 43.4406 ], [ -4.8255, 43.4408 ], [ -4.8252, 43.4404 ] ] ], [ [ [ -4.8363, 43.4425 ], [ -4.8366, 43.4426 ], [ -4.8366, 43.4427 ], [ -4.8363, 43.4425 ] ] ], [ [ [ -4.8605, 43.4449 ], [ -4.8604, 43.4451 ], [ -4.8603, 43.4451 ], [ -4.8605, 43.4449 ] ] ], [ [ [ -4.8479, 43.4461 ], [ -4.8478, 43.446 ], [ -4.8487, 43.4457 ], [ -4.8479, 43.4461 ] ] ], [ [ [ -4.8465, 43.4458 ], [ -4.8468, 43.446 ], [ -4.8466, 43.4462 ], [ -4.8465, 43.4458 ] ] ], [ [ [ -4.8594, 43.4466 ], [ -4.8589, 43.4459 ], [ -4.8601, 43.4461 ], [ -4.8594, 43.4466 ] ] ], [ [ [ -4.8451, 43.4464 ], [ -4.8455, 43.4463 ], [ -4.8455, 43.4466 ], [ -4.8451, 43.4464 ] ] ], [ [ [ -4.8933, 43.4493 ], [ -4.8939, 43.4493 ], [ -4.8934, 43.4497 ], [ -4.8933, 43.4493 ] ] ], [ [ [ -4.8965, 43.451 ], [ -4.8961, 43.4512 ], [ -4.8961, 43.4511 ], [ -4.8965, 43.451 ] ] ], [ [ [ -4.9134, 43.4548 ], [ -4.9134, 43.4546 ], [ -4.9136, 43.4545 ], [ -4.9134, 43.4548 ] ] ], [ [ [ -5.0129, 43.4597 ], [ -5.0132, 43.4597 ], [ -5.013, 43.4598 ], [ -5.0129, 43.4597 ] ] ], [ [ [ -5.0133, 43.4602 ], [ -5.0131, 43.4602 ], [ -5.0132, 43.4601 ], [ -5.0133, 43.4602 ] ] ], [ [ [ -5.013, 43.4604 ], [ -5.0131, 43.4604 ], [ -5.0129, 43.4606 ], [ -5.013, 43.4604 ] ] ], [ [ [ -4.949, 43.462 ], [ -4.9497, 43.4613 ], [ -4.9499, 43.4617 ], [ -4.949, 43.462 ] ] ], [ [ [ -5.2223, 43.4802 ], [ -5.2226, 43.4807 ], [ -5.2219, 43.4808 ], [ -5.2223, 43.4802 ] ] ], [ [ [ -5.5982, 43.5495 ], [ -5.5976, 43.549 ], [ -5.5983, 43.5491 ], [ -5.5982, 43.5495 ] ] ], [ [ [ -5.5916, 43.5499 ], [ -5.5904, 43.5489 ], [ -5.5907, 43.5486 ], [ -5.5916, 43.5499 ] ] ], [ [ [ -5.6026, 43.5501 ], [ -5.6023, 43.5502 ], [ -5.6023, 43.55 ], [ -5.6026, 43.5501 ] ] ], [ [ [ -5.6054, 43.5505 ], [ -5.6057, 43.5505 ], [ -5.6055, 43.5508 ], [ -5.6054, 43.5505 ] ] ] ] } },
{ "type": "Feature", "properties": { "prov": "Palencia", "ccaa": "Castilla y León" }, "geometry": { "type": "MultiPolygon", "coordinates": [ [ [ [ -4.6697, 41.9005 ], [ -4.7282, 41.8688 ], [ -4.7323, 41.8618 ], [ -4.7264, 41.8545 ], [ -4.7481, 41.8406 ], [ -4.7584, 41.8258 ], [ -4.7892, 41.818 ], [ -4.8138, 41.863 ], [ -4.8293, 41.8751 ], [ -4.8383, 41.8985 ], [ -4.8559, 41.9156 ], [ -4.8677, 41.9176 ], [ -4.8691, 41.9317 ], [ -4.8898, 41.9328 ], [ -4.9118, 41.9157 ], [ -4.9279, 41.915 ], [ -4.9324, 41.9267 ], [ -4.9496, 41.9338 ], [ -4.9837, 41.91 ], [ -4.9871, 41.9218 ], [ -5.0048, 41.9379 ], [ -4.9941, 41.9626 ], [ -4.9761, 41.9736 ], [ -4.9715, 41.989 ], [ -4.9755, 41.9935 ], [ -4.9655, 42.0071 ], [ -4.936, 42.0179 ], [ -4.9476, 42.0543 ], [ -4.9277, 42.0735 ], [ -4.9042, 42.0784 ], [ -4.9178, 42.0908 ], [ -4.9121, 42.0913 ], [ -4.9202, 42.0965 ], [ -4.9287, 42.1183 ], [ -4.9275, 42.1502 ], [ -4.9624, 42.1496 ], [ -4.9664, 42.1558 ], [ -4.9943, 42.1449 ], [ -5.015, 42.1568 ], [ -5.027, 42.1539 ], [ -5.0319, 42.1736 ], [ -5.0124, 42.1898 ], [ -5.0247, 42.2199 ], [ -5.0092, 42.231 ], [ -5.009, 42.2423 ], [ -5.0188, 42.2539 ], [ -5.0087, 42.2615 ], [ -5.0021, 42.2891 ], [ -4.9867, 42.2939 ], [ -4.9735, 42.2887 ], [ -4.9534, 42.2972 ], [ -4.9424, 42.3275 ], [ -4.9425, 42.3465 ], [ -4.9842, 42.3379 ], [ -4.9726, 42.3744 ], [ -4.9032, 42.3865 ], [ -4.9143, 42.4012 ], [ -4.9148, 42.4144 ], [ -4.905, 42.4246 ], [ -4.9099, 42.4339 ], [ -4.924, 42.4361 ], [ -4.9, 42.4507 ], [ -4.8884, 42.4997 ], [ -4.888, 42.537 ], [ -4.9105, 42.5414 ], [ -4.916, 42.5548 ], [ -4.9025, 42.578 ], [ -4.9048, 42.6031 ], [ -4.8947, 42.6239 ], [ -4.9003, 42.6701 ], [ -4.8906, 42.6928 ], [ -4.8717, 42.708 ], [ -4.8838, 42.7126 ], [ -4.8906, 42.7233 ], [ -4.9159, 42.7206 ], [ -4.9185, 42.7342 ], [ -4.9364, 42.7445 ], [ -4.9356, 42.7565 ], [ -4.9206, 42.7575 ], [ -4.9091, 42.7794 ], [ -4.8959, 42.7852 ], [ -4.9029, 42.81 ], [ -4.8886, 42.8411 ], [ -4.9008, 42.8516 ], [ -4.8984, 42.8631 ], [ -4.8805, 42.8659 ], [ -4.8656, 42.8605 ], [ -4.8555, 42.8917 ], [ -4.8384, 42.8953 ], [ -4.8379, 42.9067 ], [ -4.8092, 42.9303 ], [ -4.8026, 42.9495 ], [ -4.8073, 42.9677 ], [ -4.7957, 42.9739 ], [ -4.7948, 42.9867 ], [ -4.7669, 43.0016 ], [ -4.757, 43.0155 ], [ -4.6905, 43.0265 ], [ -4.6395, 43.0164 ], [ -4.6066, 43.0356 ], [ -4.5894, 43.0253 ], [ -4.5741, 43.027 ], [ -4.5594, 43.0192 ], [ -4.5212, 43.0475 ], [ -4.4957, 43.0376 ], [ -4.4753, 43.0387 ], [ -4.4621, 43.061 ], [ -4.4476, 43.0584 ], [ -4.4323, 43.0457 ], [ -4.3981, 43.035 ], [ -4.3749, 43.0063 ], [ -4.3734, 42.995 ], [ -4.348, 42.9724 ], [ -4.2626, 42.9653 ], [ -4.2383, 42.9542 ], [ -4.237, 42.9181 ], [ -4.2225, 42.9107 ], [ -4.2308, 42.9048 ], [ -4.2243, 42.8568 ], [ -4.2092, 42.8444 ], [ -4.1992, 42.8443 ], [ -4.1812, 42.8586 ], [ -4.1692, 42.859 ], [ -4.1501, 42.8714 ], [ -4.1439, 42.8689 ], [ -4.1488, 42.8658 ], [ -4.1451, 42.8623 ], [ -4.126, 42.8567 ], [ -4.1281, 42.8463 ], [ -4.1407, 42.8291 ], [ -4.1571, 42.8376 ], [ -4.1652, 42.8285 ], [ -4.1787, 42.8261 ], [ -4.1859, 42.8172 ], [ -4.1825, 42.8104 ], [ -4.1505, 42.7894 ], [ -4.0985, 42.7913 ], [ -4.0943, 42.7734 ], [ -4.0852, 42.7723 ], [ -4.0817, 42.7645 ], [ -4.1096, 42.7339 ], [ -4.124, 42.7362 ], [ -4.12, 42.7451 ], [ -4.1248, 42.7517 ], [ -4.145, 42.7525 ], [ -4.1854, 42.7362 ], [ -4.2014, 42.7176 ], [ -4.2151, 42.714 ], [ -4.2186, 42.7047 ], [ -4.2489, 42.6984 ], [ -4.257, 42.6881 ], [ -4.2676, 42.6943 ], [ -4.2667, 42.7053 ], [ -4.2932, 42.6909 ], [ -4.2868, 42.6869 ], [ -4.2894, 42.6783 ], [ -4.276, 42.6731 ], [ -4.2718, 42.657 ], [ -4.2772, 42.6433 ], [ -4.2639, 42.618 ], [ -4.2939, 42.6053 ], [ -4.2824, 42.5867 ], [ -4.2854, 42.582 ], [ -4.2708, 42.5814 ], [ -4.3053, 42.5708 ], [ -4.2976, 42.5604 ], [ -4.3033, 42.5554 ], [ -4.2777, 42.5447 ], [ -4.2796, 42.5338 ], [ -4.2721, 42.52 ], [ -4.2862, 42.512 ], [ -4.2626, 42.5118 ], [ -4.247, 42.4947 ], [ -4.2508, 42.4802 ], [ -4.2449, 42.4721 ], [ -4.2544, 42.4679 ], [ -4.2475, 42.4671 ], [ -4.2426, 42.4562 ], [ -4.307, 42.4534 ], [ -4.3171, 42.4589 ], [ -4.3353, 42.4306 ], [ -4.3333, 42.4167 ], [ -4.3164, 42.4102 ], [ -4.3295, 42.4064 ], [ -4.3309, 42.391 ], [ -4.3216, 42.3799 ], [ -4.276, 42.3919 ], [ -4.2727, 42.3857 ], [ -4.2738, 42.3751 ], [ -4.2803, 42.3777 ], [ -4.2765, 42.3651 ], [ -4.2805, 42.3638 ], [ -4.2648, 42.3525 ], [ -4.2697, 42.3392 ], [ -4.2568, 42.3228 ], [ -4.2649, 42.3236 ], [ -4.2642, 42.313 ], [ -4.2519, 42.31 ], [ -4.2528, 42.2906 ], [ -4.241, 42.2698 ], [ -4.2441, 42.2594 ], [ -4.2288, 42.2504 ], [ -4.2374, 42.2363 ], [ -4.2269, 42.2296 ], [ -4.2314, 42.2084 ], [ -4.2153, 42.2069 ], [ -4.1886, 42.1764 ], [ -4.1915, 42.163 ], [ -4.2061, 42.154 ], [ -4.2008, 42.1503 ], [ -4.205, 42.1336 ], [ -4.1869, 42.1264 ], [ -4.1783, 42.1308 ], [ -4.1768, 42.1259 ], [ -4.1511, 42.1313 ], [ -4.1441, 42.1292 ], [ -4.1421, 42.1196 ], [ -4.1202, 42.1281 ], [ -4.1038, 42.1097 ], [ -4.0562, 42.1009 ], [ -4.0604, 42.0913 ], [ -4.0775, 42.0827 ], [ -4.103, 42.087 ], [ -4.1041, 42.0616 ], [ -4.0799, 42.0368 ], [ -4.0637, 42.0436 ], [ -4.0479, 42.0391 ], [ -4.0474, 42.049 ], [ -4.0392, 42.0534 ], [ -3.9963, 42.045 ], [ -3.9817, 42.051 ], [ -3.9711, 42.0332 ], [ -3.9799, 42.0211 ], [ -3.9853, 42.0235 ], [ -3.9948, 42.0054 ], [ -4.0148, 41.9986 ], [ -4.0291, 41.9766 ], [ -4.033, 41.9541 ], [ -3.9907, 41.9598 ], [ -3.9562, 41.981 ], [ -3.9102, 41.997 ], [ -3.8915, 41.9966 ], [ -3.8912, 41.9597 ], [ -3.9366, 41.957 ], [ -3.9522, 41.9353 ], [ -3.9813, 41.9307 ], [ -3.9807, 41.9006 ], [ -4.0174, 41.8795 ], [ -4.0376, 41.8728 ], [ -4.0628, 41.8771 ], [ -4.0888, 41.8706 ], [ -4.0793, 41.8484 ], [ -4.088, 41.8447 ], [ -4.0901, 41.8309 ], [ -4.038, 41.7899 ], [ -4.0409, 41.7684 ], [ -4.0615, 41.7747 ], [ -4.0716, 41.7706 ], [ -4.0891, 41.7796 ], [ -4.1003, 41.7747 ], [ -4.1232, 41.8073 ], [ -4.1539, 41.7962 ], [ -4.1788, 41.8035 ], [ -4.2139, 41.7994 ], [ -4.236, 41.814 ], [ -4.2474, 41.8029 ], [ -4.2602, 41.8053 ], [ -4.2866, 41.7749 ], [ -4.3068, 41.7759 ], [ -4.3176, 41.7634 ], [ -4.3893, 41.7878 ], [ -4.434, 41.7618 ], [ -4.4542, 41.7592 ], [ -4.5012, 41.7714 ], [ -4.4924, 41.7787 ], [ -4.4873, 41.8201 ], [ -4.4611, 41.8204 ], [ -4.4783, 41.8286 ], [ -4.4733, 41.843 ], [ -4.5086, 41.8323 ], [ -4.5056, 41.8268 ], [ -4.5121, 41.8233 ], [ -4.5492, 41.831 ], [ -4.5481, 41.819 ], [ -4.5646, 41.8184 ], [ -4.5661, 41.8126 ], [ -4.5838, 41.824 ], [ -4.5911, 41.8368 ], [ -4.6038, 41.8386 ], [ -4.6319, 41.8617 ], [ -4.6373, 41.8881 ], [ -4.6697, 41.9005 ] ], [ [ -4.2478, 42.736 ], [ -4.2606, 42.7389 ], [ -4.2631, 42.7305 ], [ -4.2513, 42.7265 ], [ -4.2478, 42.736 ] ] ], [ [ [ -4.0328, 42.1058 ], [ -4.0244, 42.0835 ], [ -4.0319, 42.0786 ], [ -4.0276, 42.0879 ], [ -4.0377, 42.1026 ], [ -4.0328, 42.1058 ] ] ], [ [ [ -4.1118, 42.1586 ], [ -4.0942, 42.1577 ], [ -4.0763, 42.1679 ], [ -4.0656, 42.1635 ], [ -4.0744, 42.1556 ], [ -4.0598, 42.1362 ], [ -4.0621, 42.1316 ], [ -4.0891, 42.142 ], [ -4.1027, 42.1372 ], [ -4.11, 42.1432 ], [ -4.1118, 42.1586 ] ] ], [ [ [ -4.0494, 42.7812 ], [ -4.0438, 42.7888 ], [ -4.0299, 42.7883 ], [ -4.0329, 42.8013 ], [ -4.0142, 42.8064 ], [ -4.0208, 42.8193 ], [ -4.011, 42.8304 ], [ -4.0023, 42.8309 ], [ -3.9959, 42.7862 ], [ -4.0031, 42.7634 ], [ -4.0461, 42.7668 ], [ -4.0494, 42.7812 ] ] ], [ [ [ -4.1132, 42.8162 ], [ -4.1073, 42.8277 ], [ -4.0919, 42.8211 ], [ -4.09, 42.7993 ], [ -4.1016, 42.7937 ], [ -4.1132, 42.8162 ] ] ], [ [ [ -4.1616, 42.8203 ], [ -4.1617, 42.8131 ], [ -4.1686, 42.8116 ], [ -4.183, 42.8205 ], [ -4.1616, 42.8203 ] ] ] ] } },
{ "type": "Feature", "properties": { "prov": "Pontevedra", "ccaa": "Galicia" }, "geometry": { "type": "MultiPolygon", "coordinates": [ [ [ [ -8.9369, 42.3413 ], [ -8.9369, 42.3415 ], [ -8.9367, 42.3416 ], [ -8.9369, 42.3413 ] ] ], [ [ [ -8.938, 42.3417 ], [ -8.9383, 42.3417 ], [ -8.9383, 42.342 ], [ -8.938, 42.3417 ] ] ], [ [ [ -8.9368, 42.3425 ], [ -8.9378, 42.3423 ], [ -8.9371, 42.343 ], [ -8.9368, 42.3425 ] ] ], [ [ [ -8.9375, 42.3488 ], [ -8.9331, 42.3488 ], [ -8.9337, 42.3438 ], [ -8.9375, 42.3488 ] ] ], [ [ [ -8.9453, 42.3553 ], [ -8.9454, 42.3548 ], [ -8.9459, 42.355 ], [ -8.9453, 42.3553 ] ] ], [ [ [ -8.9447, 42.355 ], [ -8.945, 42.3547 ], [ -8.945, 42.355 ], [ -8.9447, 42.355 ] ] ], [ [ [ -8.9493, 42.3676 ], [ -8.9477, 42.3675 ], [ -8.9483, 42.3663 ], [ -8.9493, 42.3676 ] ] ], [ [ [ -8.9399, 42.3694 ], [ -8.9402, 42.3694 ], [ -8.94, 42.3699 ], [ -8.9399, 42.3694 ] ] ], [ [ [ -8.944, 42.3747 ], [ -8.9438, 42.3747 ], [ -8.9438, 42.3745 ], [ -8.944, 42.3747 ] ] ], [ [ [ -8.9483, 42.3613 ], [ -8.9382, 42.3707 ], [ -8.9451, 42.3803 ], [ -8.9338, 42.3879 ], [ -8.9321, 42.3982 ], [ -8.9255, 42.3942 ], [ -8.9211, 42.3997 ], [ -8.9204, 42.3949 ], [ -8.9268, 42.3892 ], [ -8.9393, 42.3559 ], [ -8.9483, 42.3613 ] ] ], [ [ [ -8.9466, 42.3796 ], [ -8.9466, 42.3801 ], [ -8.9464, 42.3801 ], [ -8.9466, 42.3796 ] ] ], [ [ [ -8.9474, 42.3802 ], [ -8.9475, 42.3799 ], [ -8.9476, 42.3799 ], [ -8.9474, 42.3802 ] ] ], [ [ [ -8.9457, 42.3806 ], [ -8.9449, 42.3809 ], [ -8.9451, 42.3803 ], [ -8.9456, 42.3793 ], [ -8.9457, 42.3806 ] ] ], [ [ [ -8.9456, 42.3815 ], [ -8.946, 42.3815 ], [ -8.9454, 42.3817 ], [ -8.9456, 42.3815 ] ] ], [ [ [ -8.947, 42.3816 ], [ -8.9472, 42.3815 ], [ -8.9471, 42.3821 ], [ -8.947, 42.3816 ] ] ], [ [ [ -8.9456, 42.3829 ], [ -8.9456, 42.3827 ], [ -8.9457, 42.3827 ], [ -8.9456, 42.3829 ] ] ], [ [ [ -8.9455, 42.3841 ], [ -8.9454, 42.3842 ], [ -8.9453, 42.384 ], [ -8.9455, 42.3841 ] ] ], [ [ [ -8.9452, 42.3853 ], [ -8.9451, 42.3852 ], [ -8.9453, 42.3851 ], [ -8.9452, 42.3853 ] ] ], [ [ [ -8.9343, 42.3895 ], [ -8.9344, 42.3896 ], [ -8.9341, 42.3896 ], [ -8.9343, 42.3895 ] ] ], [ [ [ -8.9342, 42.3905 ], [ -8.9341, 42.39 ], [ -8.9347, 42.3901 ], [ -8.9342, 42.3905 ] ] ], [ [ [ -8.9363, 42.4515 ], [ -8.9361, 42.4515 ], [ -8.9362, 42.4513 ], [ -8.9363, 42.4515 ] ] ], [ [ [ -8.9361, 42.4516 ], [ -8.9362, 42.4517 ], [ -8.9356, 42.4518 ], [ -8.9361, 42.4516 ] ] ], [ [ [ -8.9371, 42.4524 ], [ -8.9368, 42.4524 ], [ -8.9368, 42.4522 ], [ -8.9371, 42.4524 ] ] ], [ [ [ -8.9336, 42.4524 ], [ -8.9343, 42.4522 ], [ -8.9342, 42.4525 ], [ -8.9336, 42.4524 ] ] ], [ [ [ -8.9353, 42.4538 ], [ -8.9352, 42.4538 ], [ -8.9352, 42.4535 ], [ -8.9353, 42.4538 ] ] ], [ [ [ -8.9361, 42.4552 ], [ -8.9359, 42.4552 ], [ -8.9359, 42.455 ], [ -8.9361, 42.4552 ] ] ], [ [ [ -8.9388, 42.4553 ], [ -8.9388, 42.4551 ], [ -8.939, 42.4551 ], [ -8.9388, 42.4553 ] ] ], [ [ [ -8.9392, 42.4553 ], [ -8.9392, 42.4552 ], [ -8.9393, 42.4551 ], [ -8.9392, 42.4553 ] ] ], [ [ [ -8.939, 42.4555 ], [ -8.9391, 42.4554 ], [ -8.9392, 42.4556 ], [ -8.939, 42.4555 ] ] ], [ [ [ -8.9386, 42.4556 ], [ -8.9387, 42.4555 ], [ -8.9388, 42.4556 ], [ -8.9386, 42.4556 ] ] ], [ [ [ -8.9394, 42.4559 ], [ -8.9392, 42.456 ], [ -8.9393, 42.4556 ], [ -8.9394, 42.4559 ] ] ], [ [ [ -8.9375, 42.4563 ], [ -8.9373, 42.4563 ], [ -8.9374, 42.4561 ], [ -8.9375, 42.4563 ] ] ], [ [ [ -8.9383, 42.4568 ], [ -8.9381, 42.4568 ], [ -8.9381, 42.4565 ], [ -8.9383, 42.4568 ] ] ], [ [ [ -8.9379, 42.4567 ], [ -8.9379, 42.4569 ], [ -8.9377, 42.4568 ], [ -8.9379, 42.4567 ] ] ], [ [ [ -8.9391, 42.457 ], [ -8.939, 42.4572 ], [ -8.9389, 42.457 ], [ -8.9391, 42.457 ] ] ], [ [ [ -8.9401, 42.4596 ], [ -8.9401, 42.4598 ], [ -8.9399, 42.4597 ], [ -8.9401, 42.4596 ] ] ], [ [ [ -8.9394, 42.4596 ], [ -8.9395, 42.4596 ], [ -8.9397, 42.46 ], [ -8.9394, 42.4596 ] ] ], [ [ [ -8.9403, 42.4601 ], [ -8.9399, 42.4602 ], [ -8.94, 42.46 ], [ -8.9403, 42.4601 ] ] ], [ [ [ -8.942, 42.4605 ], [ -8.9418, 42.4606 ], [ -8.9418, 42.4603 ], [ -8.942, 42.4605 ] ] ], [ [ [ -8.9429, 42.4605 ], [ -8.9429, 42.4606 ], [ -8.9426, 42.4607 ], [ -8.9429, 42.4605 ] ] ], [ [ [ -8.9415, 42.4608 ], [ -8.9416, 42.4609 ], [ -8.9412, 42.4609 ], [ -8.9415, 42.4608 ] ] ], [ [ [ -8.9418, 42.4618 ], [ -8.9421, 42.4616 ], [ -8.9422, 42.4621 ], [ -8.9418, 42.4618 ] ] ], [ [ [ -8.9442, 42.4634 ], [ -8.944, 42.4645 ], [ -8.9422, 42.4642 ], [ -8.9442, 42.4634 ] ] ], [ [ [ -8.9428, 42.4653 ], [ -8.9429, 42.4653 ], [ -8.9428, 42.4657 ], [ -8.9428, 42.4653 ] ] ], [ [ [ -8.9433, 42.4655 ], [ -8.9436, 42.4655 ], [ -8.9435, 42.4659 ], [ -8.9433, 42.4655 ] ] ], [ [ [ -8.9417, 42.4659 ], [ -8.9416, 42.466 ], [ -8.9415, 42.4658 ], [ -8.9417, 42.4659 ] ] ], [ [ [ -8.9433, 42.4661 ], [ -8.9434, 42.4663 ], [ -8.9432, 42.4664 ], [ -8.9433, 42.4661 ] ] ], [ [ [ -8.9397, 42.4676 ], [ -8.9398, 42.4675 ], [ -8.9399, 42.4676 ], [ -8.9397, 42.4676 ] ] ], [ [ [ -8.9403, 42.4675 ], [ -8.9406, 42.4679 ], [ -8.9405, 42.468 ], [ -8.9403, 42.4675 ] ] ], [ [ [ -8.94, 42.4678 ], [ -8.9399, 42.4678 ], [ -8.94, 42.4677 ], [ -8.94, 42.4678 ] ] ], [ [ [ -8.94, 42.468 ], [ -8.9399, 42.468 ], [ -8.94, 42.4679 ], [ -8.94, 42.468 ] ] ], [ [ [ -8.9395, 42.4684 ], [ -8.9394, 42.4683 ], [ -8.9395, 42.4682 ], [ -8.9395, 42.4684 ] ] ], [ [ [ -8.94, 42.475 ], [ -8.9398, 42.4749 ], [ -8.94, 42.4748 ], [ -8.94, 42.475 ] ] ], [ [ [ -8.9429, 42.4758 ], [ -8.9431, 42.4757 ], [ -8.943, 42.476 ], [ -8.9429, 42.4758 ] ] ], [ [ [ -8.9392, 42.4764 ], [ -8.9391, 42.4765 ], [ -8.9392, 42.4763 ], [ -8.9392, 42.4764 ] ] ], [ [ [ -8.9394, 42.4765 ], [ -8.9393, 42.4765 ], [ -8.9394, 42.4763 ], [ -8.9394, 42.4765 ] ] ], [ [ [ -8.9397, 42.4766 ], [ -8.9395, 42.4766 ], [ -8.9395, 42.4765 ], [ -8.9397, 42.4766 ] ] ], [ [ [ -8.9403, 42.4766 ], [ -8.9404, 42.4768 ], [ -8.9398, 42.4767 ], [ -8.9403, 42.4766 ] ] ], [ [ [ -8.9398, 42.4771 ], [ -8.9397, 42.477 ], [ -8.9399, 42.4769 ], [ -8.9398, 42.4771 ] ] ], [ [ [ -8.9425, 42.477 ], [ -8.9427, 42.4769 ], [ -8.9429, 42.4771 ], [ -8.9425, 42.477 ] ] ], [ [ [ -8.9454, 42.4768 ], [ -8.9445, 42.4785 ], [ -8.9441, 42.4769 ], [ -8.9454, 42.4768 ] ] ], [ [ [ -8.9377, 42.4776 ], [ -8.9379, 42.4775 ], [ -8.9379, 42.4776 ], [ -8.9377, 42.4776 ] ] ], [ [ [ -8.9375, 42.4782 ], [ -8.9374, 42.4781 ], [ -8.9375, 42.478 ], [ -8.9375, 42.4782 ] ] ], [ [ [ -8.9383, 42.4783 ], [ -8.9383, 42.4781 ], [ -8.9385, 42.4782 ], [ -8.9383, 42.4783 ] ] ], [ [ [ -8.9382, 42.4785 ], [ -8.9381, 42.4784 ], [ -8.9382, 42.4783 ], [ -8.9382, 42.4785 ] ] ], [ [ [ -8.9387, 42.4787 ], [ -8.9385, 42.4787 ], [ -8.9385, 42.4786 ], [ -8.9387, 42.4787 ] ] ], [ [ [ -8.9338, 42.4793 ], [ -8.9335, 42.4794 ], [ -8.9334, 42.4792 ], [ -8.9338, 42.4793 ] ] ], [ [ [ -8.9342, 42.4796 ], [ -8.9341, 42.4796 ], [ -8.934, 42.4795 ], [ -8.9342, 42.4796 ] ] ], [ [ [ -8.9343, 42.4801 ], [ -8.9342, 42.4801 ], [ -8.9343, 42.48 ], [ -8.9343, 42.4801 ] ] ], [ [ [ -8.9355, 42.4808 ], [ -8.9352, 42.48 ], [ -8.9359, 42.4803 ], [ -8.9355, 42.4808 ] ] ], [ [ [ -8.9362, 42.4802 ], [ -8.9364, 42.4802 ], [ -8.9365, 42.4805 ], [ -8.9362, 42.4802 ] ] ], [ [ [ -8.9333, 42.4807 ], [ -8.9333, 42.4806 ], [ -8.9336, 42.4806 ], [ -8.9333, 42.4807 ] ] ], [ [ [ -8.9366, 42.4809 ], [ -8.9366, 42.4808 ], [ -8.9368, 42.4807 ], [ -8.9366, 42.4809 ] ] ], [ [ [ -8.9369, 42.4811 ], [ -8.9367, 42.4811 ], [ -8.9369, 42.481 ], [ -8.9369, 42.4811 ] ] ], [ [ [ -8.9339, 42.4809 ], [ -8.934, 42.481 ], [ -8.9336, 42.4813 ], [ -8.9339, 42.4809 ] ] ], [ [ [ -8.935, 42.4821 ], [ -8.9349, 42.4821 ], [ -8.9348, 42.4819 ], [ -8.935, 42.4821 ] ] ], [ [ [ -8.9127, 42.1941 ], [ -8.9131, 42.194 ], [ -8.9131, 42.1942 ], [ -8.9127, 42.1941 ] ] ], [ [ [ -8.9122, 42.1965 ], [ -8.9125, 42.1964 ], [ -8.9125, 42.1968 ], [ -8.9122, 42.1965 ] ] ], [ [ [ -8.9128, 42.2035 ], [ -8.9129, 42.202 ], [ -8.9132, 42.2024 ], [ -8.9128, 42.2035 ] ] ], [ [ [ -8.9134, 42.2039 ], [ -8.9135, 42.204 ], [ -8.9133, 42.2041 ], [ -8.9134, 42.2039 ] ] ], [ [ [ -8.9135, 42.2046 ], [ -8.9133, 42.2041 ], [ -8.9137, 42.2044 ], [ -8.9135, 42.2046 ] ] ], [ [ [ -8.9162, 42.2173 ], [ -8.9155, 42.2163 ], [ -8.9161, 42.2161 ], [ -8.9162, 42.2173 ] ] ], [ [ [ -8.9181, 42.2483 ], [ -8.9181, 42.2481 ], [ -8.9186, 42.2483 ], [ -8.9181, 42.2483 ] ] ], [ [ [ -8.9186, 42.2505 ], [ -8.919, 42.2503 ], [ -8.9192, 42.2506 ], [ -8.9186, 42.2505 ] ] ], [ [ [ -8.9329, 42.3679 ], [ -8.933, 42.368 ], [ -8.9328, 42.3682 ], [ -8.9329, 42.3679 ] ] ], [ [ [ -8.9308, 42.3735 ], [ -8.9308, 42.3734 ], [ -8.9313, 42.3734 ], [ -8.9308, 42.3735 ] ] ], [ [ [ -8.93, 42.3765 ], [ -8.9303, 42.3767 ], [ -8.9301, 42.3768 ], [ -8.93, 42.3765 ] ] ], [ [ [ -8.9304, 42.3774 ], [ -8.9302, 42.3776 ], [ -8.9301, 42.3775 ], [ -8.9304, 42.3774 ] ] ], [ [ [ -8.9299, 42.3781 ], [ -8.9299, 42.3779 ], [ -8.93, 42.3779 ], [ -8.9299, 42.3781 ] ] ], [ [ [ -8.9126, 42.395 ], [ -8.9124, 42.3949 ], [ -8.9126, 42.3947 ], [ -8.9126, 42.395 ] ] ], [ [ [ -8.9213, 42.3998 ], [ -8.9215, 42.3999 ], [ -8.9212, 42.4001 ], [ -8.9213, 42.3998 ] ] ], [ [ [ -8.9205, 42.4009 ], [ -8.9204, 42.4003 ], [ -8.9211, 42.4002 ], [ -8.9205, 42.4009 ] ] ], [ [ [ -8.9207, 42.4013 ], [ -8.9207, 42.4015 ], [ -8.9205, 42.4016 ], [ -8.9207, 42.4013 ] ] ], [ [ [ -8.9216, 42.4016 ], [ -8.9217, 42.4018 ], [ -8.9215, 42.4019 ], [ -8.9216, 42.4016 ] ] ], [ [ [ -8.9256, 42.4473 ], [ -8.9253, 42.4472 ], [ -8.9255, 42.4471 ], [ -8.9256, 42.4473 ] ] ], [ [ [ -8.9286, 42.4475 ], [ -8.9284, 42.4473 ], [ -8.9285, 42.4472 ], [ -8.9286, 42.4475 ] ] ], [ [ [ -8.9282, 42.4479 ], [ -8.928, 42.4478 ], [ -8.928, 42.4477 ], [ -8.9282, 42.4479 ] ] ], [ [ [ -8.9265, 42.4483 ], [ -8.9263, 42.4483 ], [ -8.9263, 42.4481 ], [ -8.9265, 42.4483 ] ] ], [ [ [ -8.9257, 42.4481 ], [ -8.926, 42.448 ], [ -8.926, 42.4486 ], [ -8.9257, 42.4481 ] ] ], [ [ [ -8.9296, 42.4493 ], [ -8.9298, 42.4495 ], [ -8.9292, 42.4499 ], [ -8.9296, 42.4493 ] ] ], [ [ [ -8.9261, 42.4499 ], [ -8.9261, 42.45 ], [ -8.9258, 42.4497 ], [ -8.9261, 42.4499 ] ] ], [ [ [ -8.9176, 42.4499 ], [ -8.9177, 42.45 ], [ -8.9176, 42.4501 ], [ -8.9176, 42.4499 ] ] ], [ [ [ -8.9259, 42.4503 ], [ -8.9256, 42.4503 ], [ -8.9256, 42.4502 ], [ -8.9259, 42.4503 ] ] ], [ [ [ -8.9178, 42.4504 ], [ -8.9176, 42.4505 ], [ -8.9176, 42.4503 ], [ -8.9178, 42.4504 ] ] ], [ [ [ -8.9174, 42.4504 ], [ -8.9173, 42.4505 ], [ -8.9172, 42.4504 ], [ -8.9174, 42.4504 ] ] ], [ [ [ -8.917, 42.4507 ], [ -8.9167, 42.4505 ], [ -8.9169, 42.4504 ], [ -8.917, 42.4507 ] ] ], [ [ [ -8.9215, 42.4509 ], [ -8.9214, 42.4508 ], [ -8.9216, 42.4508 ], [ -8.9215, 42.4509 ] ] ], [ [ [ -8.9303, 42.4511 ], [ -8.9307, 42.4507 ], [ -8.9308, 42.451 ], [ -8.9303, 42.4511 ] ] ], [ [ [ -8.9225, 42.4509 ], [ -8.9222, 42.4507 ], [ -8.9227, 42.4508 ], [ -8.9225, 42.4509 ] ] ], [ [ [ -8.9191, 42.4512 ], [ -8.9189, 42.4512 ], [ -8.9189, 42.4511 ], [ -8.9191, 42.4512 ] ] ], [ [ [ -8.9292, 42.4512 ], [ -8.9289, 42.4513 ], [ -8.9288, 42.4512 ], [ -8.9292, 42.4512 ] ] ], [ [ [ -8.9236, 42.4514 ], [ -8.9235, 42.4512 ], [ -8.9236, 42.4512 ], [ -8.9236, 42.4514 ] ] ], [ [ [ -8.923, 42.4516 ], [ -8.9232, 42.4514 ], [ -8.9236, 42.4522 ], [ -8.923, 42.4516 ] ] ], [ [ [ -8.9201, 42.452 ], [ -8.92, 42.452 ], [ -8.9201, 42.4519 ], [ -8.9201, 42.452 ] ] ], [ [ [ -8.9309, 42.4525 ], [ -8.9306, 42.4526 ], [ -8.9306, 42.4524 ], [ -8.9309, 42.4525 ] ] ], [ [ [ -8.9218, 42.4531 ], [ -8.9214, 42.4533 ], [ -8.9214, 42.4531 ], [ -8.9218, 42.4531 ] ] ], [ [ [ -8.9185, 42.4546 ], [ -8.9184, 42.4546 ], [ -8.9184, 42.4543 ], [ -8.9185, 42.4546 ] ] ], [ [ [ -8.9198, 42.4547 ], [ -8.9196, 42.4545 ], [ -8.9199, 42.4545 ], [ -8.9198, 42.4547 ] ] ], [ [ [ -8.9184, 42.4549 ], [ -8.9182, 42.4549 ], [ -8.9182, 42.4548 ], [ -8.9184, 42.4549 ] ] ], [ [ [ -8.9187, 42.455 ], [ -8.9186, 42.4549 ], [ -8.9188, 42.4549 ], [ -8.9187, 42.455 ] ] ], [ [ [ -8.9199, 42.4557 ], [ -8.9199, 42.4559 ], [ -8.9197, 42.4558 ], [ -8.9199, 42.4557 ] ] ], [ [ [ -8.9168, 42.4583 ], [ -8.9167, 42.4582 ], [ -8.9168, 42.4581 ], [ -8.9168, 42.4583 ] ] ], [ [ [ -8.9171, 42.4584 ], [ -8.9169, 42.4584 ], [ -8.917, 42.4583 ], [ -8.9171, 42.4584 ] ] ], [ [ [ -8.9162, 42.459 ], [ -8.9163, 42.4592 ], [ -8.9161, 42.4592 ], [ -8.9162, 42.459 ] ] ], [ [ [ -8.9154, 42.4601 ], [ -8.9153, 42.4602 ], [ -8.9151, 42.4602 ], [ -8.9154, 42.4601 ] ] ], [ [ [ -8.915, 42.4606 ], [ -8.915, 42.4607 ], [ -8.9148, 42.4607 ], [ -8.915, 42.4606 ] ] ], [ [ [ -8.9122, 42.4756 ], [ -8.9123, 42.4758 ], [ -8.9118, 42.4759 ], [ -8.9122, 42.4756 ] ] ], [ [ [ -8.9137, 42.4765 ], [ -8.9135, 42.476 ], [ -8.9138, 42.476 ], [ -8.9137, 42.4765 ] ] ], [ [ [ -8.9144, 42.4764 ], [ -8.9147, 42.4765 ], [ -8.9144, 42.4765 ], [ -8.9144, 42.4764 ] ] ], [ [ [ -8.9158, 42.4768 ], [ -8.9157, 42.4768 ], [ -8.9155, 42.4766 ], [ -8.9158, 42.4768 ] ] ], [ [ [ -8.9153, 42.4768 ], [ -8.9151, 42.4768 ], [ -8.9151, 42.4766 ], [ -8.9153, 42.4768 ] ] ], [ [ [ -8.9144, 42.4771 ], [ -8.9143, 42.477 ], [ -8.9144, 42.4769 ], [ -8.9144, 42.4771 ] ] ], [ [ [ -8.9146, 42.4772 ], [ -8.9146, 42.4771 ], [ -8.9148, 42.4771 ], [ -8.9146, 42.4772 ] ] ], [ [ [ -8.9162, 42.4775 ], [ -8.916, 42.4774 ], [ -8.9162, 42.4773 ], [ -8.9162, 42.4775 ] ] ], [ [ [ -8.9163, 42.4778 ], [ -8.9161, 42.4777 ], [ -8.9162, 42.4776 ], [ -8.9163, 42.4778 ] ] ], [ [ [ -8.9156, 42.4784 ], [ -8.9156, 42.4785 ], [ -8.9154, 42.4783 ], [ -8.9156, 42.4784 ] ] ], [ [ [ -8.9289, 42.4783 ], [ -8.9289, 42.4785 ], [ -8.9287, 42.4784 ], [ -8.9289, 42.4783 ] ] ], [ [ [ -8.9283, 42.4785 ], [ -8.9281, 42.4785 ], [ -8.9281, 42.4784 ], [ -8.9283, 42.4785 ] ] ], [ [ [ -8.9286, 42.4785 ], [ -8.9285, 42.4786 ], [ -8.9284, 42.4784 ], [ -8.9286, 42.4785 ] ] ], [ [ [ -8.9142, 42.4788 ], [ -8.9141, 42.4787 ], [ -8.9145, 42.4785 ], [ -8.9142, 42.4788 ] ] ], [ [ [ -8.9271, 42.4798 ], [ -8.9264, 42.4796 ], [ -8.9261, 42.4793 ], [ -8.9271, 42.4798 ] ] ], [ [ [ -8.9329, 42.4796 ], [ -8.9326, 42.4796 ], [ -8.9327, 42.4795 ], [ -8.9329, 42.4796 ] ] ], [ [ [ -8.9247, 42.4801 ], [ -8.9244, 42.4801 ], [ -8.9243, 42.4799 ], [ -8.9247, 42.4801 ] ] ], [ [ [ -8.9263, 42.4803 ], [ -8.9263, 42.4804 ], [ -8.9261, 42.4804 ], [ -8.9263, 42.4803 ] ] ], [ [ [ -8.9258, 42.4805 ], [ -8.9263, 42.4805 ], [ -8.9261, 42.4807 ], [ -8.9258, 42.4805 ] ] ], [ [ [ -8.9149, 42.5437 ], [ -8.9155, 42.544 ], [ -8.9149, 42.5444 ], [ -8.9149, 42.5437 ] ] ], [ [ [ -8.913, 42.5454 ], [ -8.9118, 42.5453 ], [ -8.9119, 42.5439 ], [ -8.913, 42.5454 ] ] ], [ [ [ -8.9171, 42.5455 ], [ -8.9166, 42.5475 ], [ -8.9134, 42.5456 ], [ -8.9171, 42.5455 ] ] ], [ [ [ -8.8987, 42.0852 ], [ -8.8986, 42.085 ], [ -8.8988, 42.085 ], [ -8.8987, 42.0852 ] ] ], [ [ [ -8.8993, 42.0948 ], [ -8.8999, 42.0945 ], [ -8.9, 42.0949 ], [ -8.8993, 42.0948 ] ] ], [ [ [ -8.9002, 42.1001 ], [ -8.8998, 42.1001 ], [ -8.8997, 42.1 ], [ -8.9002, 42.1001 ] ] ], [ [ [ -8.899, 42.1023 ], [ -8.8989, 42.1026 ], [ -8.8988, 42.1026 ], [ -8.899, 42.1023 ] ] ], [ [ [ -8.8986, 42.1025 ], [ -8.8986, 42.1026 ], [ -8.8983, 42.1025 ], [ -8.8986, 42.1025 ] ] ], [ [ [ -8.9021, 42.1042 ], [ -8.9025, 42.1044 ], [ -8.9021, 42.1045 ], [ -8.9021, 42.1042 ] ] ], [ [ [ -8.9008, 42.1043 ], [ -8.9012, 42.1048 ], [ -8.9008, 42.1048 ], [ -8.9008, 42.1043 ] ] ], [ [ [ -8.901, 42.1089 ], [ -8.9007, 42.1089 ], [ -8.9008, 42.1088 ], [ -8.901, 42.1089 ] ] ], [ [ [ -8.9017, 42.1098 ], [ -8.9018, 42.11 ], [ -8.9015, 42.11 ], [ -8.9017, 42.1098 ] ] ], [ [ [ -8.9004, 42.1099 ], [ -8.9006, 42.11 ], [ -8.9003, 42.1101 ], [ -8.9004, 42.1099 ] ] ], [ [ [ -8.9048, 42.1099 ], [ -8.9049, 42.1101 ], [ -8.9044, 42.11 ], [ -8.9048, 42.1099 ] ] ], [ [ [ -8.9011, 42.1101 ], [ -8.9011, 42.1102 ], [ -8.9009, 42.1102 ], [ -8.9011, 42.1101 ] ] ], [ [ [ -8.9014, 42.111 ], [ -8.9018, 42.1113 ], [ -8.9015, 42.1114 ], [ -8.9014, 42.111 ] ] ], [ [ [ -8.902, 42.112 ], [ -8.9025, 42.1123 ], [ -8.9017, 42.1122 ], [ -8.902, 42.112 ] ] ], [ [ [ -8.9033, 42.1128 ], [ -8.9032, 42.1128 ], [ -8.9033, 42.1126 ], [ -8.9033, 42.1128 ] ] ], [ [ [ -8.8989, 42.1148 ], [ -8.8979, 42.1141 ], [ -8.8986, 42.1136 ], [ -8.8989, 42.1148 ] ] ], [ [ [ -8.9017, 42.1144 ], [ -8.9013, 42.1144 ], [ -8.9013, 42.1142 ], [ -8.9017, 42.1144 ] ] ], [ [ [ -8.9019, 42.1145 ], [ -8.9021, 42.1146 ], [ -8.9019, 42.1148 ], [ -8.9019, 42.1145 ] ] ], [ [ [ -8.8991, 42.1149 ], [ -8.8991, 42.115 ], [ -8.8989, 42.115 ], [ -8.8991, 42.1149 ] ] ], [ [ [ -8.8993, 42.1152 ], [ -8.8993, 42.1147 ], [ -8.8999, 42.115 ], [ -8.8993, 42.1152 ] ] ], [ [ [ -8.9023, 42.115 ], [ -8.9024, 42.1151 ], [ -8.9021, 42.1152 ], [ -8.9023, 42.115 ] ] ], [ [ [ -8.8983, 42.1154 ], [ -8.8988, 42.1151 ], [ -8.8988, 42.1153 ], [ -8.8983, 42.1154 ] ] ], [ [ [ -8.9007, 42.1152 ], [ -8.901, 42.116 ], [ -8.9003, 42.1148 ], [ -8.9007, 42.1152 ] ] ], [ [ [ -8.9021, 42.1156 ], [ -8.9018, 42.1156 ], [ -8.9018, 42.1155 ], [ -8.9021, 42.1156 ] ] ], [ [ [ -8.9035, 42.1155 ], [ -8.9034, 42.1159 ], [ -8.9032, 42.1157 ], [ -8.9035, 42.1155 ] ] ], [ [ [ -8.903, 42.1162 ], [ -8.9029, 42.1161 ], [ -8.903, 42.116 ], [ -8.903, 42.1162 ] ] ], [ [ [ -8.9022, 42.1171 ], [ -8.9017, 42.1163 ], [ -8.9034, 42.1171 ], [ -8.9022, 42.1171 ] ] ], [ [ [ -8.9037, 42.1176 ], [ -8.9039, 42.1161 ], [ -8.9043, 42.1166 ], [ -8.9037, 42.1176 ] ] ], [ [ [ -8.9055, 42.1176 ], [ -8.9048, 42.117 ], [ -8.9055, 42.1169 ], [ -8.9055, 42.1176 ] ] ], [ [ [ -8.9048, 42.1181 ], [ -8.9044, 42.1175 ], [ -8.9049, 42.1175 ], [ -8.9048, 42.1181 ] ] ], [ [ [ -8.9041, 42.1182 ], [ -8.9041, 42.1186 ], [ -8.9039, 42.1186 ], [ -8.9041, 42.1182 ] ] ], [ [ [ -8.9103, 42.1779 ], [ -8.91, 42.1778 ], [ -8.9101, 42.1778 ], [ -8.9103, 42.1779 ] ] ], [ [ [ -8.9066, 42.1779 ], [ -8.9066, 42.1781 ], [ -8.9062, 42.1781 ], [ -8.9066, 42.1779 ] ] ], [ [ [ -8.9106, 42.1785 ], [ -8.9105, 42.1784 ], [ -8.9106, 42.1782 ], [ -8.9106, 42.1785 ] ] ], [ [ [ -8.9099, 42.1791 ], [ -8.9093, 42.1788 ], [ -8.9098, 42.1781 ], [ -8.9099, 42.1791 ] ] ], [ [ [ -8.9104, 42.1789 ], [ -8.9107, 42.179 ], [ -8.9106, 42.1791 ], [ -8.9104, 42.1789 ] ] ], [ [ [ -8.9113, 42.1791 ], [ -8.9114, 42.179 ], [ -8.9115, 42.1791 ], [ -8.9113, 42.1791 ] ] ], [ [ [ -8.9074, 42.1791 ], [ -8.907, 42.1792 ], [ -8.907, 42.1791 ], [ -8.9074, 42.1791 ] ] ], [ [ [ -8.9101, 42.1793 ], [ -8.9105, 42.1795 ], [ -8.9101, 42.1795 ], [ -8.9101, 42.1793 ] ] ], [ [ [ -8.9118, 42.1947 ], [ -8.9121, 42.1946 ], [ -8.9119, 42.1948 ], [ -8.9118, 42.1947 ] ] ], [ [ [ -8.9112, 42.1965 ], [ -8.9116, 42.1965 ], [ -8.9115, 42.1966 ], [ -8.9112, 42.1965 ] ] ], [ [ [ -8.9118, 42.1965 ], [ -8.912, 42.1966 ], [ -8.9118, 42.1968 ], [ -8.9118, 42.1965 ] ] ], [ [ [ -8.9109, 42.1967 ], [ -8.911, 42.1967 ], [ -8.911, 42.1969 ], [ -8.9109, 42.1967 ] ] ], [ [ [ -8.9102, 42.197 ], [ -8.9103, 42.197 ], [ -8.9103, 42.1972 ], [ -8.9102, 42.197 ] ] ], [ [ [ -8.9127, 42.1955 ], [ -8.9098, 42.1967 ], [ -8.9094, 42.1982 ], [ -8.9125, 42.2059 ], [ -8.892, 42.1963 ], [ -8.8935, 42.1915 ], [ -8.9127, 42.1955 ] ] ], [ [ [ -8.9113, 42.2006 ], [ -8.9113, 42.2008 ], [ -8.9111, 42.2008 ], [ -8.9113, 42.2006 ] ] ], [ [ [ -8.9116, 42.2066 ], [ -8.9118, 42.2064 ], [ -8.9119, 42.2064 ], [ -8.9116, 42.2066 ] ] ], [ [ [ -8.909, 42.2186 ], [ -8.9091, 42.2186 ], [ -8.909, 42.2187 ], [ -8.909, 42.2186 ] ] ], [ [ [ -8.917, 42.2147 ], [ -8.9089, 42.2185 ], [ -8.909, 42.2187 ], [ -8.9096, 42.2241 ], [ -8.9035, 42.2243 ], [ -8.9088, 42.2292 ], [ -8.9065, 42.2378 ], [ -8.9105, 42.2434 ], [ -8.9176, 42.2484 ], [ -8.9141, 42.2515 ], [ -8.9045, 42.2437 ], [ -8.9024, 42.2434 ], [ -8.9016, 42.2417 ], [ -8.9025, 42.24 ], [ -8.9021, 42.2387 ], [ -8.8995, 42.2365 ], [ -8.9008, 42.2316 ], [ -8.8955, 42.2274 ], [ -8.9019, 42.2248 ], [ -8.8992, 42.2171 ], [ -8.917, 42.2147 ] ] ], [ [ [ -8.9068, 42.2375 ], [ -8.9069, 42.2377 ], [ -8.9068, 42.2377 ], [ -8.9068, 42.2375 ] ] ], [ [ [ -8.909, 42.2394 ], [ -8.9094, 42.2396 ], [ -8.9093, 42.2397 ], [ -8.909, 42.2394 ] ] ], [ [ [ -8.9023, 42.24 ], [ -8.9024, 42.24 ], [ -8.9023, 42.2401 ], [ -8.9023, 42.24 ] ] ], [ [ [ -8.9103, 42.2428 ], [ -8.9103, 42.2429 ], [ -8.9102, 42.2429 ], [ -8.9103, 42.2428 ] ] ], [ [ [ -8.9118, 42.2433 ], [ -8.912, 42.2436 ], [ -8.9119, 42.2437 ], [ -8.9118, 42.2433 ] ] ], [ [ [ -8.9038, 42.2439 ], [ -8.904, 42.2438 ], [ -8.904, 42.244 ], [ -8.9038, 42.2439 ] ] ], [ [ [ -8.9102, 42.2497 ], [ -8.9101, 42.2498 ], [ -8.9101, 42.2497 ], [ -8.9102, 42.2497 ] ] ], [ [ [ -8.9032, 42.458 ], [ -8.9033, 42.4581 ], [ -8.9029, 42.458 ], [ -8.9032, 42.458 ] ] ], [ [ [ -8.9016, 42.4584 ], [ -8.9014, 42.4582 ], [ -8.9016, 42.4582 ], [ -8.9016, 42.4584 ] ] ], [ [ [ -8.903, 42.4583 ], [ -8.9027, 42.4585 ], [ -8.9026, 42.4584 ], [ -8.903, 42.4583 ] ] ], [ [ [ -8.902, 42.4583 ], [ -8.9023, 42.4584 ], [ -8.9022, 42.4585 ], [ -8.902, 42.4583 ] ] ], [ [ [ -8.9048, 42.4586 ], [ -8.9046, 42.4586 ], [ -8.9047, 42.4585 ], [ -8.9048, 42.4586 ] ] ], [ [ [ -8.9032, 42.4588 ], [ -8.903, 42.4588 ], [ -8.903, 42.4587 ], [ -8.9032, 42.4588 ] ] ], [ [ [ -8.904, 42.4587 ], [ -8.904, 42.4589 ], [ -8.9038, 42.4588 ], [ -8.904, 42.4587 ] ] ], [ [ [ -8.9045, 42.4591 ], [ -8.9043, 42.4591 ], [ -8.9043, 42.459 ], [ -8.9045, 42.4591 ] ] ], [ [ [ -8.9032, 42.4595 ], [ -8.9033, 42.459 ], [ -8.904, 42.4592 ], [ -8.9032, 42.4595 ] ] ], [ [ [ -8.9053, 42.4595 ], [ -8.9051, 42.4595 ], [ -8.9051, 42.4594 ], [ -8.9053, 42.4595 ] ] ], [ [ [ -8.9062, 42.461 ], [ -8.9057, 42.4606 ], [ -8.9071, 42.4608 ], [ -8.9062, 42.461 ] ] ], [ [ [ -8.8858, 42.457 ], [ -8.9101, 42.4624 ], [ -8.9202, 42.4594 ], [ -8.9255, 42.4514 ], [ -8.9312, 42.4551 ], [ -8.9333, 42.453 ], [ -8.9417, 42.4634 ], [ -8.936, 42.4694 ], [ -8.9395, 42.4754 ], [ -8.9088, 42.4754 ], [ -8.8963, 42.4798 ], [ -8.8908, 42.4865 ], [ -8.8898, 42.481 ], [ -8.8829, 42.4887 ], [ -8.8918, 42.4887 ], [ -8.8902, 42.4911 ], [ -8.8911, 42.4948 ], [ -8.8843, 42.4969 ], [ -8.8819, 42.4994 ], [ -8.8788, 42.4977 ], [ -8.8716, 42.5012 ], [ -8.8717, 42.4958 ], [ -8.8682, 42.4988 ], [ -8.8586, 42.4981 ], [ -8.8629, 42.4973 ], [ -8.8577, 42.4957 ], [ -8.86, 42.4743 ], [ -8.8555, 42.4727 ], [ -8.8727, 42.4616 ], [ -8.8694, 42.4481 ], [ -8.8559, 42.4508 ], [ -8.8481, 42.4603 ], [ -8.8196, 42.4518 ], [ -8.8203, 42.4672 ], [ -8.8289, 42.4698 ], [ -8.8309, 42.4843 ], [ -8.8248, 42.4945 ], [ -8.8187, 42.4898 ], [ -8.8053, 42.5008 ], [ -8.8088, 42.5023 ], [ -8.8132, 42.4977 ], [ -8.8183, 42.5022 ], [ -8.8154, 42.5171 ], [ -8.8183, 42.5195 ], [ -8.8251, 42.5165 ], [ -8.8255, 42.5156 ], [ -8.8263, 42.5153 ], [ -8.8253, 42.5165 ], [ -8.8211, 42.5185 ], [ -8.8219, 42.5196 ], [ -8.8185, 42.5198 ], [ -8.8175, 42.5191 ], [ -8.8164, 42.5202 ], [ -8.8135, 42.5289 ], [ -8.8222, 42.5221 ], [ -8.8206, 42.5216 ], [ -8.8185, 42.5199 ], [ -8.8232, 42.5219 ], [ -8.8289, 42.5185 ], [ -8.8255, 42.5388 ], [ -8.8364, 42.5587 ], [ -8.83, 42.5604 ], [ -8.8258, 42.5528 ], [ -8.8229, 42.5534 ], [ -8.8186, 42.5593 ], [ -8.8349, 42.5648 ], [ -8.8258, 42.5779 ], [ -8.8082, 42.5759 ], [ -8.7952, 42.5801 ], [ -8.7853, 42.5996 ], [ -8.7722, 42.5932 ], [ -8.7686, 42.6066 ], [ -8.779, 42.6142 ], [ -8.7283, 42.6677 ], [ -8.7208, 42.7042 ], [ -8.6782, 42.7116 ], [ -8.6756, 42.7179 ], [ -8.655, 42.7205 ], [ -8.6509, 42.7292 ], [ -8.624, 42.7143 ], [ -8.6169, 42.7189 ], [ -8.6066, 42.7152 ], [ -8.5999, 42.7431 ], [ -8.5563, 42.746 ], [ -8.5598, 42.7571 ], [ -8.5534, 42.7613 ], [ -8.5338, 42.7518 ], [ -8.4937, 42.7566 ], [ -8.4704, 42.7437 ], [ -8.4073, 42.754 ], [ -8.4147, 42.7666 ], [ -8.3996, 42.7807 ], [ -8.3914, 42.7767 ], [ -8.3921, 42.7894 ], [ -8.3547, 42.7788 ], [ -8.3478, 42.7888 ], [ -8.3316, 42.7944 ], [ -8.3304, 42.8273 ], [ -8.346, 42.8323 ], [ -8.3397, 42.8406 ], [ -8.3297, 42.8421 ], [ -8.3253, 42.8312 ], [ -8.3151, 42.8458 ], [ -8.3103, 42.8304 ], [ -8.293, 42.8289 ], [ -8.2996, 42.8189 ], [ -8.2795, 42.8109 ], [ -8.2742, 42.813 ], [ -8.2769, 42.8216 ], [ -8.2546, 42.8367 ], [ -8.2457, 42.8276 ], [ -8.2352, 42.8329 ], [ -8.2257, 42.8256 ], [ -8.2073, 42.8252 ], [ -8.206, 42.8322 ], [ -8.2208, 42.8443 ], [ -8.2055, 42.8433 ], [ -8.1833, 42.8601 ], [ -8.1391, 42.8431 ], [ -8.1206, 42.8505 ], [ -8.1168, 42.8412 ], [ -8.1035, 42.8497 ], [ -8.0751, 42.8533 ], [ -8.0604, 42.8433 ], [ -8.0642, 42.8368 ], [ -8.0468, 42.8315 ], [ -8.0136, 42.8502 ], [ -7.9844, 42.8423 ], [ -7.9686, 42.8496 ], [ -7.9564, 42.8397 ], [ -7.9805, 42.8113 ], [ -7.9784, 42.7787 ], [ -7.9354, 42.7397 ], [ -7.8664, 42.7206 ], [ -7.8615, 42.7067 ], [ -7.876, 42.6969 ], [ -7.8748, 42.6896 ], [ -7.8897, 42.6837 ], [ -7.8926, 42.6296 ], [ -7.9124, 42.6009 ], [ -7.9127, 42.5917 ], [ -7.9301, 42.5788 ], [ -7.967, 42.5664 ], [ -7.9925, 42.5725 ], [ -8.0186, 42.5422 ], [ -8.0484, 42.5549 ], [ -8.0594, 42.5487 ], [ -8.0905, 42.5578 ], [ -8.1468, 42.5487 ], [ -8.1739, 42.572 ], [ -8.1865, 42.5651 ], [ -8.1843, 42.5569 ], [ -8.1993, 42.5518 ], [ -8.2176, 42.5339 ], [ -8.2389, 42.5385 ], [ -8.2637, 42.5257 ], [ -8.2748, 42.5084 ], [ -8.3027, 42.4902 ], [ -8.3123, 42.4954 ], [ -8.3405, 42.4924 ], [ -8.3421, 42.4844 ], [ -8.3526, 42.4808 ], [ -8.3663, 42.4873 ], [ -8.342, 42.4657 ], [ -8.3358, 42.448 ], [ -8.3383, 42.4334 ], [ -8.3147, 42.381 ], [ -8.3245, 42.3692 ], [ -8.3175, 42.3563 ], [ -8.3251, 42.352 ], [ -8.3247, 42.345 ], [ -8.3052, 42.34 ], [ -8.2848, 42.3177 ], [ -8.262, 42.3154 ], [ -8.2729, 42.2824 ], [ -8.2646, 42.2529 ], [ -8.2417, 42.245 ], [ -8.2295, 42.2329 ], [ -8.2121, 42.2358 ], [ -8.2034, 42.2445 ], [ -8.1618, 42.2441 ], [ -8.1727, 42.2352 ], [ -8.1623, 42.2273 ], [ -8.1646, 42.2214 ], [ -8.1923, 42.2091 ], [ -8.1797, 42.2099 ], [ -8.176, 42.1857 ], [ -8.1615, 42.1809 ], [ -8.1808, 42.1584 ], [ -8.2004, 42.1537 ], [ -8.2066, 42.141 ], [ -8.2248, 42.133 ], [ -8.2446, 42.1398 ], [ -8.2536, 42.1366 ], [ -8.2585, 42.1216 ], [ -8.2735, 42.124 ], [ -8.3039, 42.1038 ], [ -8.3171, 42.1045 ], [ -8.332, 42.0837 ], [ -8.3631, 42.0904 ], [ -8.3818, 42.0763 ], [ -8.4051, 42.0804 ], [ -8.4289, 42.0723 ], [ -8.443, 42.0824 ], [ -8.5236, 42.078 ], [ -8.5284, 42.0736 ], [ -8.5244, 42.0633 ], [ -8.546, 42.0542 ], [ -8.5829, 42.0519 ], [ -8.5953, 42.0566 ], [ -8.6357, 42.0477 ], [ -8.6577, 42.0302 ], [ -8.6629, 42.0025 ], [ -8.7416, 41.9671 ], [ -8.7545, 41.9338 ], [ -8.8204, 41.9057 ], [ -8.8474, 41.8798 ], [ -8.8688, 41.8696 ], [ -8.8823, 41.883 ], [ -8.8806, 41.8999 ], [ -8.8743, 41.8993 ], [ -8.882, 41.9008 ], [ -8.8765, 41.9099 ], [ -8.8854, 41.9169 ], [ -8.8841, 41.953 ], [ -8.8886, 41.9775 ], [ -8.8768, 42.0023 ], [ -8.8848, 42.0068 ], [ -8.8835, 42.0121 ], [ -8.8865, 42.0244 ], [ -8.8898, 42.0262 ], [ -8.884, 42.0383 ], [ -8.886, 42.0504 ], [ -8.892, 42.051 ], [ -8.8907, 42.0607 ], [ -8.8968, 42.0668 ], [ -8.8916, 42.0822 ], [ -8.9007, 42.1123 ], [ -8.8806, 42.1102 ], [ -8.8521, 42.1226 ], [ -8.8516, 42.1283 ], [ -8.8426, 42.1246 ], [ -8.8495, 42.1207 ], [ -8.8411, 42.1146 ], [ -8.826, 42.1151 ], [ -8.8201, 42.1414 ], [ -8.83, 42.1483 ], [ -8.8475, 42.1487 ], [ -8.8502, 42.1565 ], [ -8.8225, 42.1571 ], [ -8.8187, 42.1614 ], [ -8.812, 42.1803 ], [ -8.8159, 42.1875 ], [ -8.7981, 42.1936 ], [ -8.797, 42.1979 ], [ -8.7794, 42.2036 ], [ -8.7756, 42.2128 ], [ -8.7778, 42.2199 ], [ -8.7769, 42.2208 ], [ -8.7752, 42.2221 ], [ -8.7567, 42.2242 ], [ -8.7632, 42.2307 ], [ -8.7514, 42.2349 ], [ -8.7535, 42.2311 ], [ -8.7398, 42.2326 ], [ -8.7531, 42.2307 ], [ -8.751, 42.2252 ], [ -8.7405, 42.2263 ], [ -8.7336, 42.2406 ], [ -8.7127, 42.2411 ], [ -8.707, 42.2565 ], [ -8.6768, 42.2644 ], [ -8.6612, 42.2849 ], [ -8.6443, 42.2908 ], [ -8.6305, 42.2849 ], [ -8.6243, 42.2903 ], [ -8.6221, 42.2868 ], [ -8.6109, 42.2875 ], [ -8.621, 42.2905 ], [ -8.6143, 42.2992 ], [ -8.6237, 42.3099 ], [ -8.6115, 42.3264 ], [ -8.616, 42.3306 ], [ -8.6121, 42.3462 ], [ -8.6201, 42.3496 ], [ -8.6272, 42.3461 ], [ -8.6288, 42.3511 ], [ -8.645, 42.3385 ], [ -8.6362, 42.3265 ], [ -8.6602, 42.3159 ], [ -8.6623, 42.3107 ], [ -8.6518, 42.2978 ], [ -8.6602, 42.2908 ], [ -8.6745, 42.2914 ], [ -8.6897, 42.28 ], [ -8.7011, 42.2823 ], [ -8.712, 42.2757 ], [ -8.7172, 42.2886 ], [ -8.719, 42.2813 ], [ -8.7315, 42.2867 ], [ -8.7374, 42.2711 ], [ -8.7426, 42.2708 ], [ -8.7514, 42.268 ], [ -8.7659, 42.2584 ], [ -8.7841, 42.2629 ], [ -8.7851, 42.2586 ], [ -8.7804, 42.2602 ], [ -8.7926, 42.2463 ], [ -8.8138, 42.2594 ], [ -8.8289, 42.2509 ], [ -8.8359, 42.2573 ], [ -8.8444, 42.26 ], [ -8.8552, 42.2614 ], [ -8.8638, 42.2465 ], [ -8.873, 42.25 ], [ -8.874, 42.2541 ], [ -8.8686, 42.2561 ], [ -8.8625, 42.2689 ], [ -8.8558, 42.3098 ], [ -8.8316, 42.2781 ], [ -8.8169, 42.2787 ], [ -8.8232, 42.2867 ], [ -8.8198, 42.2905 ], [ -8.8184, 42.3135 ], [ -8.8267, 42.3206 ], [ -8.8249, 42.3232 ], [ -8.8271, 42.3234 ], [ -8.826, 42.3256 ], [ -8.8287, 42.327 ], [ -8.828, 42.3274 ], [ -8.828, 42.3277 ], [ -8.8293, 42.3284 ], [ -8.8265, 42.33 ], [ -8.8269, 42.3337 ], [ -8.8392, 42.3391 ], [ -8.8336, 42.3418 ], [ -8.8219, 42.3375 ], [ -8.8003, 42.3386 ], [ -8.7999, 42.3321 ], [ -8.7911, 42.327 ], [ -8.755, 42.3399 ], [ -8.7369, 42.3766 ], [ -8.7299, 42.3758 ], [ -8.726, 42.3847 ], [ -8.7052, 42.399 ], [ -8.6968, 42.3936 ], [ -8.6909, 42.4004 ], [ -8.6993, 42.4 ], [ -8.6965, 42.4041 ], [ -8.6848, 42.4044 ], [ -8.685, 42.4075 ], [ -8.6564, 42.4233 ], [ -8.6536, 42.4258 ], [ -8.6519, 42.4283 ], [ -8.6533, 42.4332 ], [ -8.6613, 42.4238 ], [ -8.6812, 42.4211 ], [ -8.6874, 42.4377 ], [ -8.6952, 42.4377 ], [ -8.7049, 42.434 ], [ -8.7036, 42.427 ], [ -8.7414, 42.4136 ], [ -8.7487, 42.4032 ], [ -8.7573, 42.4024 ], [ -8.7617, 42.3944 ], [ -8.7704, 42.3944 ], [ -8.7747, 42.3877 ], [ -8.7817, 42.3956 ], [ -8.8133, 42.4012 ], [ -8.8235, 42.3974 ], [ -8.8185, 42.3941 ], [ -8.8271, 42.3866 ], [ -8.8389, 42.3843 ], [ -8.8493, 42.3973 ], [ -8.8575, 42.3972 ], [ -8.8585, 42.4034 ], [ -8.8648, 42.4112 ], [ -8.8809, 42.4148 ], [ -8.8744, 42.4265 ], [ -8.8782, 42.43 ], [ -8.8712, 42.4343 ], [ -8.8752, 42.4464 ], [ -8.8858, 42.457 ] ] ], [ [ [ -8.9109, 42.476 ], [ -8.9109, 42.4762 ], [ -8.9107, 42.4761 ], [ -8.9109, 42.476 ] ] ], [ [ [ -8.901, 42.48 ], [ -8.9008, 42.48 ], [ -8.9009, 42.4797 ], [ -8.901, 42.48 ] ] ], [ [ [ -8.8998, 42.4811 ], [ -8.9, 42.481 ], [ -8.9001, 42.4811 ], [ -8.8998, 42.4811 ] ] ], [ [ [ -8.9084, 42.5338 ], [ -8.9071, 42.5345 ], [ -8.9087, 42.5324 ], [ -8.9084, 42.5338 ] ] ], [ [ [ -8.9024, 42.5361 ], [ -8.9024, 42.5362 ], [ -8.9021, 42.5362 ], [ -8.9024, 42.5361 ] ] ], [ [ [ -8.9028, 42.536 ], [ -8.9031, 42.5361 ], [ -8.9031, 42.5364 ], [ -8.9028, 42.536 ] ] ], [ [ [ -8.9041, 42.5412 ], [ -8.8972, 42.5435 ], [ -8.9008, 42.5374 ], [ -8.9041, 42.5412 ] ] ], [ [ [ -8.9058, 42.5422 ], [ -8.9057, 42.54 ], [ -8.9063, 42.5403 ], [ -8.9058, 42.5422 ] ] ], [ [ [ -8.9065, 42.5427 ], [ -8.9067, 42.5426 ], [ -8.9068, 42.543 ], [ -8.9065, 42.5427 ] ] ], [ [ [ -8.9078, 42.5468 ], [ -8.9059, 42.5438 ], [ -8.9072, 42.5437 ], [ -8.9078, 42.5468 ] ] ], [ [ [ -8.8822, 41.8801 ], [ -8.8818, 41.8801 ], [ -8.8818, 41.8799 ], [ -8.8822, 41.8801 ] ] ], [ [ [ -8.8831, 41.8802 ], [ -8.8828, 41.8802 ], [ -8.8828, 41.8801 ], [ -8.8831, 41.8802 ] ] ], [ [ [ -8.8854, 41.8815 ], [ -8.8851, 41.8815 ], [ -8.8851, 41.8814 ], [ -8.8854, 41.8815 ] ] ], [ [ [ -8.885, 41.8816 ], [ -8.8854, 41.8819 ], [ -8.8853, 41.8819 ], [ -8.885, 41.8816 ] ] ], [ [ [ -8.8849, 41.8832 ], [ -8.8848, 41.8824 ], [ -8.8854, 41.8826 ], [ -8.8849, 41.8832 ] ] ], [ [ [ -8.8874, 41.9439 ], [ -8.8871, 41.9439 ], [ -8.8871, 41.9438 ], [ -8.8874, 41.9439 ] ] ], [ [ [ -8.8869, 41.9472 ], [ -8.8868, 41.9471 ], [ -8.887, 41.947 ], [ -8.8869, 41.9472 ] ] ], [ [ [ -8.8887, 41.9658 ], [ -8.889, 41.9659 ], [ -8.8889, 41.966 ], [ -8.8887, 41.9658 ] ] ], [ [ [ -8.8893, 41.9709 ], [ -8.8899, 41.9708 ], [ -8.8898, 41.9711 ], [ -8.8893, 41.9709 ] ] ], [ [ [ -8.8893, 41.98 ], [ -8.8894, 41.9802 ], [ -8.8891, 41.9803 ], [ -8.8893, 41.98 ] ] ], [ [ [ -8.8889, 41.9825 ], [ -8.8889, 41.9826 ], [ -8.8887, 41.9827 ], [ -8.8889, 41.9825 ] ] ], [ [ [ -8.8879, 41.9858 ], [ -8.888, 41.9859 ], [ -8.8877, 41.9858 ], [ -8.8879, 41.9858 ] ] ], [ [ [ -8.8814, 41.9984 ], [ -8.8813, 41.9983 ], [ -8.8814, 41.9983 ], [ -8.8814, 41.9984 ] ] ], [ [ [ -8.8805, 41.9984 ], [ -8.8806, 41.9984 ], [ -8.8807, 41.9988 ], [ -8.8805, 41.9984 ] ] ], [ [ [ -8.8847, 42.004 ], [ -8.8843, 42.0038 ], [ -8.8844, 42.0037 ], [ -8.8847, 42.004 ] ] ], [ [ [ -8.8854, 42.007 ], [ -8.8852, 42.0068 ], [ -8.8853, 42.0066 ], [ -8.8854, 42.007 ] ] ], [ [ [ -8.8849, 42.0098 ], [ -8.8851, 42.01 ], [ -8.8848, 42.0103 ], [ -8.8849, 42.0098 ] ] ], [ [ [ -8.8881, 42.0218 ], [ -8.888, 42.022 ], [ -8.8877, 42.0218 ], [ -8.8881, 42.0218 ] ] ], [ [ [ -8.8911, 42.0258 ], [ -8.8913, 42.0259 ], [ -8.8912, 42.0263 ], [ -8.8911, 42.0258 ] ] ], [ [ [ -8.8899, 42.0266 ], [ -8.8908, 42.027 ], [ -8.8905, 42.0273 ], [ -8.8899, 42.0266 ] ] ], [ [ [ -8.8859, 42.0355 ], [ -8.8861, 42.0356 ], [ -8.8856, 42.0362 ], [ -8.8859, 42.0355 ] ] ], [ [ [ -8.8891, 42.043 ], [ -8.8882, 42.0426 ], [ -8.8913, 42.0423 ], [ -8.8891, 42.043 ] ] ], [ [ [ -8.8918, 42.0435 ], [ -8.8923, 42.0438 ], [ -8.8922, 42.0439 ], [ -8.8918, 42.0435 ] ] ], [ [ [ -8.8904, 42.0459 ], [ -8.8903, 42.0461 ], [ -8.8898, 42.0459 ], [ -8.8904, 42.0459 ] ] ], [ [ [ -8.888, 42.0472 ], [ -8.8877, 42.0471 ], [ -8.8878, 42.047 ], [ -8.888, 42.0472 ] ] ], [ [ [ -8.8875, 42.0479 ], [ -8.8873, 42.0478 ], [ -8.8875, 42.0476 ], [ -8.8875, 42.0479 ] ] ], [ [ [ -8.887, 42.0489 ], [ -8.8869, 42.0488 ], [ -8.8871, 42.0487 ], [ -8.887, 42.0489 ] ] ], [ [ [ -8.8914, 42.057 ], [ -8.8922, 42.0571 ], [ -8.8921, 42.0574 ], [ -8.8914, 42.057 ] ] ], [ [ [ -8.8945, 42.0598 ], [ -8.8938, 42.0592 ], [ -8.8943, 42.059 ], [ -8.8945, 42.0598 ] ] ], [ [ [ -8.8957, 42.0837 ], [ -8.8955, 42.0837 ], [ -8.8956, 42.0836 ], [ -8.8957, 42.0837 ] ] ], [ [ [ -8.8951, 42.0849 ], [ -8.895, 42.0849 ], [ -8.8949, 42.0847 ], [ -8.8951, 42.0849 ] ] ], [ [ [ -8.8974, 42.0871 ], [ -8.8974, 42.0869 ], [ -8.8976, 42.0869 ], [ -8.8974, 42.0871 ] ] ], [ [ [ -8.8971, 42.0887 ], [ -8.8973, 42.0877 ], [ -8.8981, 42.088 ], [ -8.8971, 42.0887 ] ] ], [ [ [ -8.8961, 42.0933 ], [ -8.8963, 42.0935 ], [ -8.896, 42.0936 ], [ -8.8961, 42.0933 ] ] ], [ [ [ -8.8977, 42.0949 ], [ -8.8972, 42.0953 ], [ -8.8972, 42.0951 ], [ -8.8977, 42.0949 ] ] ], [ [ [ -8.8964, 42.0974 ], [ -8.8964, 42.0975 ], [ -8.8963, 42.0975 ], [ -8.8964, 42.0974 ] ] ], [ [ [ -8.8983, 42.1005 ], [ -8.898, 42.1004 ], [ -8.8982, 42.1003 ], [ -8.8983, 42.1005 ] ] ], [ [ [ -8.8856, 42.1133 ], [ -8.8854, 42.1133 ], [ -8.8855, 42.1132 ], [ -8.8856, 42.1133 ] ] ], [ [ [ -8.8859, 42.1132 ], [ -8.8859, 42.1131 ], [ -8.8863, 42.1135 ], [ -8.8859, 42.1132 ] ] ], [ [ [ -8.8896, 42.1137 ], [ -8.8896, 42.114 ], [ -8.8895, 42.1139 ], [ -8.8896, 42.1137 ] ] ], [ [ [ -8.8989, 42.2153 ], [ -8.8975, 42.2141 ], [ -8.8982, 42.2136 ], [ -8.8989, 42.2153 ] ] ], [ [ [ -8.8976, 42.2381 ], [ -8.898, 42.238 ], [ -8.898, 42.2381 ], [ -8.8976, 42.2381 ] ] ], [ [ [ -8.8981, 42.2382 ], [ -8.8981, 42.2384 ], [ -8.8979, 42.2385 ], [ -8.8981, 42.2382 ] ] ], [ [ [ -8.8907, 42.4046 ], [ -8.8906, 42.4044 ], [ -8.8909, 42.4044 ], [ -8.8907, 42.4046 ] ] ], [ [ [ -8.8812, 42.4238 ], [ -8.8811, 42.4232 ], [ -8.8818, 42.4235 ], [ -8.8812, 42.4238 ] ] ], [ [ [ -8.8917, 42.456 ], [ -8.8917, 42.4559 ], [ -8.8919, 42.4559 ], [ -8.8917, 42.456 ] ] ], [ [ [ -8.892, 42.4565 ], [ -8.8918, 42.4564 ], [ -8.8919, 42.4562 ], [ -8.892, 42.4565 ] ] ], [ [ [ -8.8934, 42.4567 ], [ -8.8937, 42.4567 ], [ -8.8937, 42.4568 ], [ -8.8934, 42.4567 ] ] ], [ [ [ -8.8933, 42.4569 ], [ -8.8934, 42.457 ], [ -8.893, 42.457 ], [ -8.8933, 42.4569 ] ] ], [ [ [ -8.8941, 42.4574 ], [ -8.894, 42.4573 ], [ -8.8942, 42.4572 ], [ -8.8941, 42.4574 ] ] ], [ [ [ -8.8881, 42.4867 ], [ -8.8886, 42.4871 ], [ -8.8884, 42.4872 ], [ -8.8881, 42.4867 ] ] ], [ [ [ -8.8891, 42.4879 ], [ -8.8888, 42.488 ], [ -8.8888, 42.4878 ], [ -8.8891, 42.4879 ] ] ], [ [ [ -8.8965, 42.4899 ], [ -8.8965, 42.4897 ], [ -8.8967, 42.4897 ], [ -8.8965, 42.4899 ] ] ], [ [ [ -8.892, 42.4899 ], [ -8.893, 42.4899 ], [ -8.8927, 42.4901 ], [ -8.892, 42.4899 ] ] ], [ [ [ -8.8965, 42.4901 ], [ -8.8967, 42.4902 ], [ -8.8966, 42.4903 ], [ -8.8965, 42.4901 ] ] ], [ [ [ -8.8926, 42.4905 ], [ -8.8926, 42.4907 ], [ -8.8922, 42.4907 ], [ -8.8926, 42.4905 ] ] ], [ [ [ -8.8951, 42.4906 ], [ -8.8957, 42.4902 ], [ -8.8958, 42.4906 ], [ -8.8951, 42.4906 ] ] ], [ [ [ -8.8962, 42.4911 ], [ -8.8961, 42.491 ], [ -8.8964, 42.4909 ], [ -8.8962, 42.4911 ] ] ], [ [ [ -8.8917, 42.4918 ], [ -8.8918, 42.4921 ], [ -8.8916, 42.4923 ], [ -8.8917, 42.4918 ] ] ], [ [ [ -8.8938, 42.4921 ], [ -8.8934, 42.4922 ], [ -8.8934, 42.4921 ], [ -8.8938, 42.4921 ] ] ], [ [ [ -8.8962, 42.493 ], [ -8.8962, 42.4933 ], [ -8.8961, 42.4933 ], [ -8.8962, 42.493 ] ] ], [ [ [ -8.8968, 42.4938 ], [ -8.8966, 42.4939 ], [ -8.8966, 42.4938 ], [ -8.8968, 42.4938 ] ] ], [ [ [ -8.8943, 42.4947 ], [ -8.8943, 42.4946 ], [ -8.8946, 42.4945 ], [ -8.8943, 42.4947 ] ] ], [ [ [ -8.8926, 42.495 ], [ -8.8925, 42.4948 ], [ -8.8928, 42.4948 ], [ -8.8926, 42.495 ] ] ], [ [ [ -8.8913, 42.4957 ], [ -8.8909, 42.4959 ], [ -8.891, 42.4956 ], [ -8.8913, 42.4957 ] ] ], [ [ [ -8.8922, 42.4965 ], [ -8.8921, 42.4963 ], [ -8.8922, 42.4963 ], [ -8.8922, 42.4965 ] ] ], [ [ [ -8.8865, 42.4974 ], [ -8.8875, 42.4965 ], [ -8.8876, 42.4969 ], [ -8.8865, 42.4974 ] ] ], [ [ [ -8.8883, 42.4984 ], [ -8.8885, 42.4984 ], [ -8.8883, 42.4987 ], [ -8.8883, 42.4984 ] ] ], [ [ [ -8.8882, 42.5446 ], [ -8.8883, 42.5442 ], [ -8.8885, 42.5444 ], [ -8.8882, 42.5446 ] ] ], [ [ [ -8.8872, 42.5453 ], [ -8.8875, 42.5443 ], [ -8.8879, 42.5445 ], [ -8.8872, 42.5453 ] ] ], [ [ [ -8.8877, 42.5453 ], [ -8.8882, 42.5455 ], [ -8.8881, 42.5457 ], [ -8.8877, 42.5453 ] ] ], [ [ [ -8.8828, 42.5577 ], [ -8.8828, 42.558 ], [ -8.8827, 42.558 ], [ -8.8828, 42.5577 ] ] ], [ [ [ -8.8895, 42.5648 ], [ -8.8895, 42.5643 ], [ -8.8899, 42.5645 ], [ -8.8895, 42.5648 ] ] ], [ [ [ -8.8903, 42.5659 ], [ -8.8907, 42.566 ], [ -8.8905, 42.5661 ], [ -8.8903, 42.5659 ] ] ], [ [ [ -8.8911, 42.5667 ], [ -8.8915, 42.5669 ], [ -8.8913, 42.5671 ], [ -8.8911, 42.5667 ] ] ], [ [ [ -8.8749, 41.87 ], [ -8.8757, 41.8689 ], [ -8.8759, 41.8691 ], [ -8.8749, 41.87 ] ] ], [ [ [ -8.8762, 41.8726 ], [ -8.8759, 41.8725 ], [ -8.876, 41.8724 ], [ -8.8762, 41.8726 ] ] ], [ [ [ -8.8771, 41.8736 ], [ -8.8771, 41.8735 ], [ -8.8774, 41.8735 ], [ -8.8771, 41.8736 ] ] ], [ [ [ -8.8775, 41.8749 ], [ -8.8771, 41.8743 ], [ -8.8776, 41.8742 ], [ -8.8775, 41.8749 ] ] ], [ [ [ -8.8774, 41.875 ], [ -8.8779, 41.8753 ], [ -8.8778, 41.8757 ], [ -8.8774, 41.875 ] ] ], [ [ [ -8.8792, 41.8761 ], [ -8.88, 41.8757 ], [ -8.8801, 41.8758 ], [ -8.8792, 41.8761 ] ] ], [ [ [ -8.8793, 42.1114 ], [ -8.8792, 42.1113 ], [ -8.8794, 42.1112 ], [ -8.8793, 42.1114 ] ] ], [ [ [ -8.8786, 42.1115 ], [ -8.8784, 42.1114 ], [ -8.8785, 42.1113 ], [ -8.8786, 42.1115 ] ] ], [ [ [ -8.8791, 42.1116 ], [ -8.879, 42.1115 ], [ -8.8791, 42.1115 ], [ -8.8791, 42.1116 ] ] ], [ [ [ -8.8773, 42.1127 ], [ -8.8774, 42.1129 ], [ -8.877, 42.1129 ], [ -8.8773, 42.1127 ] ] ], [ [ [ -8.8753, 42.1148 ], [ -8.8749, 42.1147 ], [ -8.875, 42.1146 ], [ -8.8753, 42.1148 ] ] ], [ [ [ -8.8751, 42.1151 ], [ -8.8753, 42.1154 ], [ -8.8748, 42.1153 ], [ -8.8751, 42.1151 ] ] ], [ [ [ -8.876, 42.1155 ], [ -8.8757, 42.1157 ], [ -8.8757, 42.1154 ], [ -8.876, 42.1155 ] ] ], [ [ [ -8.8743, 42.1156 ], [ -8.8745, 42.1155 ], [ -8.874, 42.1159 ], [ -8.8743, 42.1156 ] ] ], [ [ [ -8.8758, 42.1158 ], [ -8.8758, 42.116 ], [ -8.8754, 42.1159 ], [ -8.8758, 42.1158 ] ] ], [ [ [ -8.8681, 42.1187 ], [ -8.8684, 42.119 ], [ -8.8682, 42.119 ], [ -8.8681, 42.1187 ] ] ], [ [ [ -8.8626, 42.1218 ], [ -8.8628, 42.1219 ], [ -8.8627, 42.122 ], [ -8.8626, 42.1218 ] ] ], [ [ [ -8.868, 42.1459 ], [ -8.8677, 42.1461 ], [ -8.8675, 42.1458 ], [ -8.868, 42.1459 ] ] ], [ [ [ -8.8781, 42.146 ], [ -8.8782, 42.1461 ], [ -8.8781, 42.1462 ], [ -8.8781, 42.146 ] ] ], [ [ [ -8.8665, 42.1461 ], [ -8.8669, 42.1463 ], [ -8.8667, 42.1463 ], [ -8.8665, 42.1461 ] ] ], [ [ [ -8.8679, 42.1462 ], [ -8.8689, 42.1459 ], [ -8.8688, 42.1461 ], [ -8.8679, 42.1462 ] ] ], [ [ [ -8.8655, 42.1474 ], [ -8.8624, 42.1465 ], [ -8.8629, 42.1453 ], [ -8.8655, 42.1474 ] ] ], [ [ [ -8.8781, 42.1474 ], [ -8.8758, 42.1469 ], [ -8.877, 42.1461 ], [ -8.8781, 42.1474 ] ] ], [ [ [ -8.8686, 42.1472 ], [ -8.8686, 42.1474 ], [ -8.8685, 42.1474 ], [ -8.8686, 42.1472 ] ] ], [ [ [ -8.8737, 42.1474 ], [ -8.8736, 42.1475 ], [ -8.8735, 42.1474 ], [ -8.8737, 42.1474 ] ] ], [ [ [ -8.8751, 42.1479 ], [ -8.8748, 42.1478 ], [ -8.8744, 42.1475 ], [ -8.8748, 42.1472 ], [ -8.8751, 42.1479 ] ] ], [ [ [ -8.8735, 42.1478 ], [ -8.8739, 42.1475 ], [ -8.8739, 42.1479 ], [ -8.8735, 42.1478 ] ] ], [ [ [ -8.8748, 42.1478 ], [ -8.8747, 42.148 ], [ -8.8745, 42.148 ], [ -8.8748, 42.1478 ] ] ], [ [ [ -8.8738, 42.1487 ], [ -8.8738, 42.1488 ], [ -8.8736, 42.1488 ], [ -8.8738, 42.1487 ] ] ], [ [ [ -8.8633, 42.2461 ], [ -8.8637, 42.2461 ], [ -8.8638, 42.2463 ], [ -8.8633, 42.2461 ] ] ], [ [ [ -8.867, 42.2609 ], [ -8.8671, 42.2609 ], [ -8.8671, 42.261 ], [ -8.867, 42.2609 ] ] ], [ [ [ -8.8673, 42.2615 ], [ -8.8674, 42.2615 ], [ -8.8675, 42.2617 ], [ -8.8673, 42.2615 ] ] ], [ [ [ -8.866, 42.2643 ], [ -8.866, 42.2644 ], [ -8.8658, 42.2646 ], [ -8.866, 42.2643 ] ] ], [ [ [ -8.8628, 42.2828 ], [ -8.8628, 42.2829 ], [ -8.8626, 42.2829 ], [ -8.8628, 42.2828 ] ] ], [ [ [ -8.8618, 42.2838 ], [ -8.862, 42.2839 ], [ -8.862, 42.284 ], [ -8.8618, 42.2838 ] ] ], [ [ [ -8.8623, 42.3054 ], [ -8.8625, 42.3057 ], [ -8.8622, 42.3057 ], [ -8.8623, 42.3054 ] ] ], [ [ [ -8.8612, 42.3059 ], [ -8.8614, 42.3058 ], [ -8.8616, 42.3062 ], [ -8.8612, 42.3059 ] ] ], [ [ [ -8.8638, 42.3063 ], [ -8.8635, 42.3063 ], [ -8.8636, 42.3061 ], [ -8.8638, 42.3063 ] ] ], [ [ [ -8.8629, 42.3063 ], [ -8.8629, 42.3066 ], [ -8.8628, 42.3065 ], [ -8.8629, 42.3063 ] ] ], [ [ [ -8.8638, 42.3067 ], [ -8.8646, 42.3068 ], [ -8.8645, 42.3069 ], [ -8.8638, 42.3067 ] ] ], [ [ [ -8.8639, 42.3074 ], [ -8.8639, 42.3075 ], [ -8.8637, 42.3074 ], [ -8.8639, 42.3074 ] ] ], [ [ [ -8.8612, 42.4038 ], [ -8.8608, 42.4039 ], [ -8.8608, 42.4038 ], [ -8.8612, 42.4038 ] ] ], [ [ [ -8.8611, 42.4042 ], [ -8.861, 42.4041 ], [ -8.8613, 42.404 ], [ -8.8611, 42.4042 ] ] ], [ [ [ -8.8614, 42.4045 ], [ -8.8613, 42.4045 ], [ -8.8612, 42.4043 ], [ -8.8614, 42.4045 ] ] ], [ [ [ -8.8803, 42.4301 ], [ -8.879, 42.43 ], [ -8.88, 42.4294 ], [ -8.8803, 42.4301 ] ] ], [ [ [ -8.8775, 42.4369 ], [ -8.8782, 42.4368 ], [ -8.8782, 42.4371 ], [ -8.8775, 42.4369 ] ] ], [ [ [ -8.8742, 42.4375 ], [ -8.874, 42.4375 ], [ -8.8741, 42.4373 ], [ -8.8742, 42.4375 ] ] ], [ [ [ -8.8747, 42.4379 ], [ -8.8748, 42.4381 ], [ -8.8746, 42.4381 ], [ -8.8747, 42.4379 ] ] ], [ [ [ -8.8736, 42.4379 ], [ -8.8737, 42.4382 ], [ -8.8731, 42.438 ], [ -8.8736, 42.4379 ] ] ], [ [ [ -8.8652, 42.4989 ], [ -8.865, 42.4988 ], [ -8.865, 42.4987 ], [ -8.8652, 42.4989 ] ] ], [ [ [ -8.8788, 42.4989 ], [ -8.8787, 42.499 ], [ -8.8787, 42.4988 ], [ -8.8788, 42.4989 ] ] ], [ [ [ -8.8648, 42.4991 ], [ -8.8645, 42.499 ], [ -8.8646, 42.4989 ], [ -8.8648, 42.4991 ] ] ], [ [ [ -8.8643, 42.4991 ], [ -8.8642, 42.4993 ], [ -8.864, 42.4991 ], [ -8.8643, 42.4991 ] ] ], [ [ [ -8.8664, 42.4993 ], [ -8.8665, 42.4993 ], [ -8.8665, 42.4994 ], [ -8.8664, 42.4993 ] ] ], [ [ [ -8.8688, 42.4995 ], [ -8.8684, 42.4994 ], [ -8.8684, 42.4993 ], [ -8.8688, 42.4995 ] ] ], [ [ [ -8.8653, 42.4997 ], [ -8.8654, 42.4998 ], [ -8.865, 42.4998 ], [ -8.8653, 42.4997 ] ] ], [ [ [ -8.8786, 42.5003 ], [ -8.8787, 42.5005 ], [ -8.8785, 42.5004 ], [ -8.8786, 42.5003 ] ] ], [ [ [ -8.8783, 42.5006 ], [ -8.8785, 42.5006 ], [ -8.8784, 42.5009 ], [ -8.8783, 42.5006 ] ] ], [ [ [ -8.8756, 42.5014 ], [ -8.876, 42.5007 ], [ -8.8762, 42.5009 ], [ -8.8756, 42.5014 ] ] ], [ [ [ -8.8649, 42.5194 ], [ -8.8661, 42.5185 ], [ -8.8661, 42.5192 ], [ -8.8649, 42.5194 ] ] ], [ [ [ -8.8683, 42.5203 ], [ -8.8687, 42.5202 ], [ -8.8686, 42.5206 ], [ -8.8683, 42.5203 ] ] ], [ [ [ -8.8697, 42.5214 ], [ -8.8705, 42.5213 ], [ -8.8703, 42.5218 ], [ -8.8697, 42.5214 ] ] ], [ [ [ -8.8771, 42.5275 ], [ -8.8775, 42.5272 ], [ -8.8782, 42.5276 ], [ -8.8771, 42.5275 ] ] ], [ [ [ -8.8711, 42.5353 ], [ -8.8717, 42.5349 ], [ -8.872, 42.5354 ], [ -8.8711, 42.5353 ] ] ], [ [ [ -8.8752, 42.536 ], [ -8.8741, 42.5362 ], [ -8.8745, 42.5349 ], [ -8.8752, 42.536 ] ] ], [ [ [ -8.8768, 42.5368 ], [ -8.8773, 42.5359 ], [ -8.8775, 42.5366 ], [ -8.8768, 42.5368 ] ] ], [ [ [ -8.8648, 42.5439 ], [ -8.8654, 42.5438 ], [ -8.8654, 42.544 ], [ -8.8648, 42.5439 ] ] ], [ [ [ -8.8746, 42.5481 ], [ -8.8746, 42.5476 ], [ -8.875, 42.5478 ], [ -8.8746, 42.5481 ] ] ], [ [ [ -8.874, 42.5477 ], [ -8.8744, 42.5484 ], [ -8.8739, 42.5485 ], [ -8.874, 42.5477 ] ] ], [ [ [ -8.8818, 42.5302 ], [ -8.8786, 42.5349 ], [ -8.8711, 42.5321 ], [ -8.8719, 42.5331 ], [ -8.8708, 42.5353 ], [ -8.8717, 42.5373 ], [ -8.8799, 42.5403 ], [ -8.8717, 42.5449 ], [ -8.87, 42.5609 ], [ -8.8745, 42.5633 ], [ -8.8807, 42.5577 ], [ -8.8919, 42.5685 ], [ -8.8767, 42.5749 ], [ -8.8708, 42.5641 ], [ -8.8559, 42.566 ], [ -8.8629, 42.5517 ], [ -8.856, 42.5468 ], [ -8.8679, 42.5435 ], [ -8.8638, 42.5264 ], [ -8.8818, 42.5302 ] ] ], [ [ [ -8.8779, 42.5544 ], [ -8.878, 42.555 ], [ -8.8778, 42.5551 ], [ -8.8779, 42.5544 ] ] ], [ [ [ -8.8743, 42.5556 ], [ -8.8733, 42.554 ], [ -8.8746, 42.5544 ], [ -8.8743, 42.5556 ] ] ], [ [ [ -8.8727, 42.5554 ], [ -8.8729, 42.5553 ], [ -8.8732, 42.5557 ], [ -8.8727, 42.5554 ] ] ], [ [ [ -8.8777, 42.5574 ], [ -8.8777, 42.5576 ], [ -8.8775, 42.5576 ], [ -8.8777, 42.5574 ] ] ], [ [ [ -8.8759, 42.5585 ], [ -8.8762, 42.5587 ], [ -8.8759, 42.5589 ], [ -8.8759, 42.5585 ] ] ], [ [ [ -8.8718, 42.5606 ], [ -8.8721, 42.5598 ], [ -8.8728, 42.5606 ], [ -8.8718, 42.5606 ] ] ], [ [ [ -8.8558, 42.1227 ], [ -8.8563, 42.1226 ], [ -8.8563, 42.1227 ], [ -8.8558, 42.1227 ] ] ], [ [ [ -8.8575, 42.1471 ], [ -8.8557, 42.1486 ], [ -8.8532, 42.1453 ], [ -8.8575, 42.1471 ] ] ], [ [ [ -8.8591, 42.1473 ], [ -8.859, 42.1472 ], [ -8.8592, 42.1471 ], [ -8.8591, 42.1473 ] ] ], [ [ [ -8.8597, 42.1476 ], [ -8.8598, 42.1477 ], [ -8.8596, 42.1477 ], [ -8.8597, 42.1476 ] ] ], [ [ [ -8.8503, 42.1539 ], [ -8.8504, 42.154 ], [ -8.8504, 42.1543 ], [ -8.8503, 42.1539 ] ] ], [ [ [ -8.8501, 42.1571 ], [ -8.85, 42.1569 ], [ -8.8502, 42.1569 ], [ -8.8501, 42.1571 ] ] ], [ [ [ -8.8497, 42.1576 ], [ -8.8496, 42.1574 ], [ -8.8498, 42.1574 ], [ -8.8497, 42.1576 ] ] ], [ [ [ -8.8497, 42.1579 ], [ -8.8496, 42.1578 ], [ -8.8499, 42.1577 ], [ -8.8497, 42.1579 ] ] ], [ [ [ -8.8421, 42.1584 ], [ -8.842, 42.1585 ], [ -8.8418, 42.1583 ], [ -8.8421, 42.1584 ] ] ], [ [ [ -8.8421, 42.159 ], [ -8.842, 42.1587 ], [ -8.8421, 42.1587 ], [ -8.8421, 42.159 ] ] ], [ [ [ -8.8369, 42.257 ], [ -8.8371, 42.257 ], [ -8.837, 42.2573 ], [ -8.8369, 42.257 ] ] ], [ [ [ -8.8423, 42.2589 ], [ -8.8421, 42.2584 ], [ -8.8425, 42.2582 ], [ -8.8423, 42.2589 ] ] ], [ [ [ -8.8336, 42.2864 ], [ -8.8335, 42.2863 ], [ -8.8342, 42.2862 ], [ -8.8336, 42.2864 ] ] ], [ [ [ -8.8334, 42.2863 ], [ -8.8334, 42.2864 ], [ -8.8332, 42.2864 ], [ -8.8334, 42.2863 ] ] ], [ [ [ -8.8349, 42.2871 ], [ -8.8348, 42.2873 ], [ -8.8347, 42.2873 ], [ -8.8349, 42.2871 ] ] ], [ [ [ -8.8603, 42.2907 ], [ -8.8606, 42.2907 ], [ -8.8605, 42.2908 ], [ -8.8603, 42.2907 ] ] ], [ [ [ -8.8602, 42.2908 ], [ -8.8602, 42.2909 ], [ -8.8601, 42.2909 ], [ -8.8602, 42.2908 ] ] ], [ [ [ -8.8603, 42.2911 ], [ -8.8605, 42.2911 ], [ -8.8604, 42.2912 ], [ -8.8603, 42.2911 ] ] ], [ [ [ -8.8602, 42.2912 ], [ -8.8602, 42.2914 ], [ -8.8601, 42.2913 ], [ -8.8602, 42.2912 ] ] ], [ [ [ -8.8367, 42.2915 ], [ -8.8365, 42.2915 ], [ -8.8366, 42.2914 ], [ -8.8367, 42.2915 ] ] ], [ [ [ -8.8383, 42.2929 ], [ -8.8385, 42.2929 ], [ -8.8384, 42.293 ], [ -8.8383, 42.2929 ] ] ], [ [ [ -8.8589, 42.2937 ], [ -8.8588, 42.2937 ], [ -8.8589, 42.2936 ], [ -8.8589, 42.2937 ] ] ], [ [ [ -8.8605, 42.2936 ], [ -8.8607, 42.2936 ], [ -8.8607, 42.2938 ], [ -8.8605, 42.2936 ] ] ], [ [ [ -8.861, 42.2943 ], [ -8.861, 42.2944 ], [ -8.8608, 42.2944 ], [ -8.861, 42.2943 ] ] ], [ [ [ -8.8594, 42.2946 ], [ -8.8596, 42.2946 ], [ -8.8595, 42.2948 ], [ -8.8594, 42.2946 ] ] ], [ [ [ -8.8591, 42.2971 ], [ -8.8594, 42.2972 ], [ -8.8593, 42.2974 ], [ -8.8591, 42.2971 ] ] ], [ [ [ -8.8589, 42.2974 ], [ -8.859, 42.2976 ], [ -8.8589, 42.2976 ], [ -8.8589, 42.2974 ] ] ], [ [ [ -8.8586, 42.2986 ], [ -8.8588, 42.2987 ], [ -8.8588, 42.2988 ], [ -8.8586, 42.2986 ] ] ], [ [ [ -8.8585, 42.2988 ], [ -8.8586, 42.299 ], [ -8.8584, 42.299 ], [ -8.8585, 42.2988 ] ] ], [ [ [ -8.8584, 42.3 ], [ -8.8582, 42.3 ], [ -8.8583, 42.2998 ], [ -8.8584, 42.3 ] ] ], [ [ [ -8.8581, 42.3069 ], [ -8.8585, 42.3068 ], [ -8.8585, 42.307 ], [ -8.8581, 42.3069 ] ] ], [ [ [ -8.8591, 42.3077 ], [ -8.8592, 42.3078 ], [ -8.8589, 42.3079 ], [ -8.8591, 42.3077 ] ] ], [ [ [ -8.8584, 42.3079 ], [ -8.8582, 42.3079 ], [ -8.8583, 42.3077 ], [ -8.8584, 42.3079 ] ] ], [ [ [ -8.8564, 42.3097 ], [ -8.8563, 42.3095 ], [ -8.8568, 42.3095 ], [ -8.8564, 42.3097 ] ] ], [ [ [ -8.8394, 42.338 ], [ -8.8397, 42.338 ], [ -8.8396, 42.3383 ], [ -8.8394, 42.338 ] ] ], [ [ [ -8.8401, 42.3388 ], [ -8.8405, 42.3388 ], [ -8.8403, 42.3389 ], [ -8.8401, 42.3388 ] ] ], [ [ [ -8.8391, 42.3403 ], [ -8.8391, 42.3405 ], [ -8.8389, 42.3405 ], [ -8.8391, 42.3403 ] ] ], [ [ [ -8.839, 42.3408 ], [ -8.839, 42.3409 ], [ -8.8386, 42.3409 ], [ -8.839, 42.3408 ] ] ], [ [ [ -8.8359, 42.3414 ], [ -8.8358, 42.3413 ], [ -8.8359, 42.3412 ], [ -8.8359, 42.3414 ] ] ], [ [ [ -8.8357, 42.3415 ], [ -8.8355, 42.3415 ], [ -8.8355, 42.3414 ], [ -8.8357, 42.3415 ] ] ], [ [ [ -8.8336, 42.3426 ], [ -8.8335, 42.3426 ], [ -8.8336, 42.3424 ], [ -8.8336, 42.3426 ] ] ], [ [ [ -8.86, 42.404 ], [ -8.8595, 42.4031 ], [ -8.8602, 42.403 ], [ -8.86, 42.404 ] ] ], [ [ [ -8.8605, 42.4037 ], [ -8.8607, 42.4037 ], [ -8.8606, 42.4038 ], [ -8.8605, 42.4037 ] ] ], [ [ [ -8.8551, 42.4572 ], [ -8.8508, 42.4578 ], [ -8.8544, 42.4555 ], [ -8.8551, 42.4572 ] ] ], [ [ [ -8.8609, 42.4646 ], [ -8.8606, 42.466 ], [ -8.857, 42.4642 ], [ -8.8609, 42.4646 ] ] ], [ [ [ -8.8516, 42.4657 ], [ -8.8512, 42.4661 ], [ -8.8495, 42.465 ], [ -8.8516, 42.4657 ] ] ], [ [ [ -8.84, 42.4658 ], [ -8.8397, 42.4658 ], [ -8.8397, 42.4653 ], [ -8.84, 42.4658 ] ] ], [ [ [ -8.8519, 42.467 ], [ -8.8495, 42.4671 ], [ -8.8491, 42.4668 ], [ -8.8519, 42.467 ] ] ], [ [ [ -8.8331, 42.4701 ], [ -8.8336, 42.4701 ], [ -8.8332, 42.4706 ], [ -8.8331, 42.4701 ] ] ], [ [ [ -8.8522, 42.472 ], [ -8.8518, 42.472 ], [ -8.8518, 42.4712 ], [ -8.8522, 42.472 ] ] ], [ [ [ -8.8388, 42.4829 ], [ -8.8357, 42.4828 ], [ -8.8366, 42.4806 ], [ -8.8388, 42.4829 ] ] ], [ [ [ -8.8441, 42.4833 ], [ -8.8447, 42.483 ], [ -8.8448, 42.4836 ], [ -8.8441, 42.4833 ] ] ], [ [ [ -8.8531, 42.4888 ], [ -8.8419, 42.5008 ], [ -8.8419, 42.4899 ], [ -8.8481, 42.4821 ], [ -8.8531, 42.4888 ] ] ], [ [ [ -8.8358, 42.495 ], [ -8.8336, 42.4972 ], [ -8.8337, 42.4896 ], [ -8.8358, 42.495 ] ] ], [ [ [ -8.8374, 42.4944 ], [ -8.8369, 42.4934 ], [ -8.8378, 42.4931 ], [ -8.8374, 42.4944 ] ] ], [ [ [ -8.8494, 42.4952 ], [ -8.849, 42.4953 ], [ -8.849, 42.4952 ], [ -8.8494, 42.4952 ] ] ], [ [ [ -8.8416, 42.4984 ], [ -8.8412, 42.4985 ], [ -8.8412, 42.4984 ], [ -8.8416, 42.4984 ] ] ], [ [ [ -8.833, 42.5448 ], [ -8.8335, 42.5439 ], [ -8.8338, 42.5446 ], [ -8.833, 42.5448 ] ] ], [ [ [ -8.8399, 42.5476 ], [ -8.8395, 42.5472 ], [ -8.8399, 42.547 ], [ -8.8399, 42.5476 ] ] ], [ [ [ -8.836, 42.5502 ], [ -8.8361, 42.5499 ], [ -8.8366, 42.55 ], [ -8.836, 42.5502 ] ] ], [ [ [ -8.8338, 42.5504 ], [ -8.8339, 42.5504 ], [ -8.8339, 42.5506 ], [ -8.8338, 42.5504 ] ] ], [ [ [ -8.8389, 42.5523 ], [ -8.8378, 42.5526 ], [ -8.8377, 42.5503 ], [ -8.8389, 42.5523 ] ] ], [ [ [ -8.8579, 42.5673 ], [ -8.8582, 42.5672 ], [ -8.8583, 42.5675 ], [ -8.8579, 42.5673 ] ] ], [ [ [ -8.8345, 42.5707 ], [ -8.8346, 42.5707 ], [ -8.8345, 42.5709 ], [ -8.8345, 42.5707 ] ] ], [ [ [ -8.8284, 42.1235 ], [ -8.8282, 42.1229 ], [ -8.8286, 42.1227 ], [ -8.8284, 42.1235 ] ] ], [ [ [ -8.8258, 42.1418 ], [ -8.826, 42.142 ], [ -8.8258, 42.1421 ], [ -8.8258, 42.1418 ] ] ], [ [ [ -8.8185, 42.1683 ], [ -8.8186, 42.1685 ], [ -8.8185, 42.1685 ], [ -8.8185, 42.1683 ] ] ], [ [ [ -8.8182, 42.1693 ], [ -8.8181, 42.1694 ], [ -8.818, 42.1692 ], [ -8.8182, 42.1693 ] ] ], [ [ [ -8.816, 42.1714 ], [ -8.8161, 42.1715 ], [ -8.8159, 42.1716 ], [ -8.816, 42.1714 ] ] ], [ [ [ -8.8165, 42.1726 ], [ -8.8166, 42.1727 ], [ -8.8163, 42.1727 ], [ -8.8165, 42.1726 ] ] ], [ [ [ -8.8167, 42.1729 ], [ -8.8163, 42.1731 ], [ -8.8163, 42.1729 ], [ -8.8167, 42.1729 ] ] ], [ [ [ -8.8171, 42.1875 ], [ -8.8171, 42.1878 ], [ -8.8168, 42.1877 ], [ -8.8171, 42.1875 ] ] ], [ [ [ -8.8171, 42.1892 ], [ -8.8176, 42.189 ], [ -8.8178, 42.1895 ], [ -8.8171, 42.1892 ] ] ], [ [ [ -8.818, 42.1896 ], [ -8.8182, 42.1897 ], [ -8.818, 42.1897 ], [ -8.818, 42.1896 ] ] ], [ [ [ -8.8107, 42.1914 ], [ -8.8109, 42.1917 ], [ -8.8107, 42.1917 ], [ -8.8107, 42.1914 ] ] ], [ [ [ -8.8106, 42.1915 ], [ -8.8105, 42.1917 ], [ -8.8105, 42.1916 ], [ -8.8106, 42.1915 ] ] ], [ [ [ -8.8107, 42.192 ], [ -8.8106, 42.192 ], [ -8.8106, 42.1918 ], [ -8.8107, 42.192 ] ] ], [ [ [ -8.8106, 42.1966 ], [ -8.8104, 42.1967 ], [ -8.8104, 42.1965 ], [ -8.8106, 42.1966 ] ] ], [ [ [ -8.8107, 42.1967 ], [ -8.8109, 42.1967 ], [ -8.8109, 42.1969 ], [ -8.8107, 42.1967 ] ] ], [ [ [ -8.828, 42.2507 ], [ -8.8277, 42.2502 ], [ -8.8284, 42.2498 ], [ -8.828, 42.2507 ] ] ], [ [ [ -8.8129, 42.2585 ], [ -8.813, 42.2582 ], [ -8.8134, 42.2588 ], [ -8.8129, 42.2585 ] ] ], [ [ [ -8.821, 42.2804 ], [ -8.8214, 42.2801 ], [ -8.8215, 42.2803 ], [ -8.821, 42.2804 ] ] ], [ [ [ -8.8236, 42.2973 ], [ -8.8238, 42.2973 ], [ -8.8239, 42.2975 ], [ -8.8236, 42.2973 ] ] ], [ [ [ -8.8247, 42.2999 ], [ -8.8249, 42.3002 ], [ -8.8247, 42.3002 ], [ -8.8247, 42.2999 ] ] ], [ [ [ -8.8229, 42.3022 ], [ -8.823, 42.3024 ], [ -8.8228, 42.3026 ], [ -8.8229, 42.3022 ] ] ], [ [ [ -8.8264, 42.3039 ], [ -8.8263, 42.304 ], [ -8.8263, 42.3038 ], [ -8.8264, 42.3039 ] ] ], [ [ [ -8.8268, 42.3039 ], [ -8.8268, 42.304 ], [ -8.8266, 42.3041 ], [ -8.8268, 42.3039 ] ] ], [ [ [ -8.8191, 42.3051 ], [ -8.819, 42.305 ], [ -8.8192, 42.305 ], [ -8.8191, 42.3051 ] ] ], [ [ [ -8.8287, 42.3056 ], [ -8.8287, 42.3057 ], [ -8.8284, 42.3057 ], [ -8.8287, 42.3056 ] ] ], [ [ [ -8.8243, 42.3138 ], [ -8.8243, 42.3141 ], [ -8.8241, 42.3141 ], [ -8.8243, 42.3138 ] ] ], [ [ [ -8.8242, 42.3143 ], [ -8.8243, 42.3146 ], [ -8.8241, 42.3147 ], [ -8.8242, 42.3143 ] ] ], [ [ [ -8.829, 42.3232 ], [ -8.8288, 42.3231 ], [ -8.8288, 42.323 ], [ -8.829, 42.3232 ] ] ], [ [ [ -8.8294, 42.3231 ], [ -8.8294, 42.3232 ], [ -8.8292, 42.3232 ], [ -8.8294, 42.3231 ] ] ], [ [ [ -8.8275, 42.3232 ], [ -8.8285, 42.3228 ], [ -8.8286, 42.323 ], [ -8.8275, 42.3232 ] ] ], [ [ [ -8.828, 42.3241 ], [ -8.8281, 42.3243 ], [ -8.8278, 42.3245 ], [ -8.828, 42.3241 ] ] ], [ [ [ -8.8274, 42.3248 ], [ -8.8275, 42.3248 ], [ -8.8273, 42.3249 ], [ -8.8274, 42.3248 ] ] ], [ [ [ -8.8269, 42.325 ], [ -8.8271, 42.3249 ], [ -8.827, 42.3251 ], [ -8.8269, 42.325 ] ] ], [ [ [ -8.827, 42.3253 ], [ -8.8271, 42.3253 ], [ -8.8271, 42.3255 ], [ -8.8269, 42.3256 ], [ -8.827, 42.3253 ] ] ], [ [ [ -8.8263, 42.3255 ], [ -8.8264, 42.3256 ], [ -8.8263, 42.3257 ], [ -8.8263, 42.3255 ] ] ], [ [ [ -8.8283, 42.3275 ], [ -8.8285, 42.3276 ], [ -8.8283, 42.3277 ], [ -8.8283, 42.3275 ] ] ], [ [ [ -8.8274, 42.3324 ], [ -8.8272, 42.3324 ], [ -8.8273, 42.3323 ], [ -8.8274, 42.3324 ] ] ], [ [ [ -8.8272, 42.3324 ], [ -8.8273, 42.3325 ], [ -8.8272, 42.3326 ], [ -8.8272, 42.3324 ] ] ], [ [ [ -8.813, 42.3385 ], [ -8.8129, 42.3385 ], [ -8.813, 42.3384 ], [ -8.813, 42.3385 ] ] ], [ [ [ -8.8273, 42.3406 ], [ -8.8272, 42.3408 ], [ -8.827, 42.3407 ], [ -8.8273, 42.3406 ] ] ], [ [ [ -8.8264, 42.3411 ], [ -8.8264, 42.3413 ], [ -8.8262, 42.3412 ], [ -8.8264, 42.3411 ] ] ], [ [ [ -8.8262, 42.3414 ], [ -8.8267, 42.3415 ], [ -8.8266, 42.3416 ], [ -8.8262, 42.3414 ] ] ], [ [ [ -8.8221, 42.3422 ], [ -8.8219, 42.3422 ], [ -8.822, 42.3421 ], [ -8.8221, 42.3422 ] ] ], [ [ [ -8.8262, 42.3423 ], [ -8.8259, 42.3423 ], [ -8.826, 42.3422 ], [ -8.8262, 42.3423 ] ] ], [ [ [ -8.8271, 42.3861 ], [ -8.8274, 42.3859 ], [ -8.8275, 42.3863 ], [ -8.8271, 42.3861 ] ] ], [ [ [ -8.8252, 42.4616 ], [ -8.825, 42.4615 ], [ -8.8252, 42.4612 ], [ -8.8252, 42.4616 ] ] ], [ [ [ -8.8312, 42.4699 ], [ -8.8322, 42.4704 ], [ -8.8314, 42.4705 ], [ -8.8312, 42.4699 ] ] ], [ [ [ -8.8175, 42.4934 ], [ -8.8177, 42.4931 ], [ -8.8179, 42.4936 ], [ -8.8175, 42.4934 ] ] ], [ [ [ -8.8164, 42.4948 ], [ -8.817, 42.4949 ], [ -8.8169, 42.4952 ], [ -8.8164, 42.4948 ] ] ], [ [ [ -8.8251, 42.4957 ], [ -8.8248, 42.4958 ], [ -8.825, 42.4948 ], [ -8.8251, 42.4957 ] ] ], [ [ [ -8.813, 42.4964 ], [ -8.8132, 42.4965 ], [ -8.8131, 42.4966 ], [ -8.813, 42.4964 ] ] ], [ [ [ -8.8147, 42.4975 ], [ -8.8142, 42.4969 ], [ -8.816, 42.4959 ], [ -8.8147, 42.4975 ] ] ], [ [ [ -8.8185, 42.4982 ], [ -8.8204, 42.4966 ], [ -8.8206, 42.4976 ], [ -8.8185, 42.4982 ] ] ], [ [ [ -8.8176, 42.5127 ], [ -8.8184, 42.5117 ], [ -8.8186, 42.5121 ], [ -8.8176, 42.5127 ] ] ], [ [ [ -8.8199, 42.5231 ], [ -8.82, 42.5231 ], [ -8.8199, 42.5234 ], [ -8.8199, 42.5231 ] ] ], [ [ [ -8.8272, 42.5314 ], [ -8.8276, 42.5304 ], [ -8.828, 42.5316 ], [ -8.8272, 42.5314 ] ] ], [ [ [ -8.8271, 42.5351 ], [ -8.8277, 42.5335 ], [ -8.828, 42.5345 ], [ -8.8271, 42.5351 ] ] ], [ [ [ -8.8299, 42.5381 ], [ -8.8294, 42.5385 ], [ -8.8292, 42.5367 ], [ -8.8299, 42.5381 ] ] ], [ [ [ -8.8315, 42.5425 ], [ -8.8312, 42.5413 ], [ -8.8317, 42.5412 ], [ -8.8315, 42.5425 ] ] ], [ [ [ -8.8235, 42.5559 ], [ -8.8227, 42.5543 ], [ -8.8238, 42.5542 ], [ -8.8235, 42.5559 ] ] ], [ [ [ -8.823, 42.559 ], [ -8.8227, 42.5576 ], [ -8.8238, 42.5573 ], [ -8.823, 42.559 ] ] ], [ [ [ -8.8329, 42.5696 ], [ -8.833, 42.5697 ], [ -8.8326, 42.5698 ], [ -8.8329, 42.5696 ] ] ], [ [ [ -8.8242, 42.5794 ], [ -8.8242, 42.5796 ], [ -8.8241, 42.5794 ], [ -8.8242, 42.5794 ] ] ], [ [ [ -8.824, 42.5796 ], [ -8.8241, 42.5798 ], [ -8.824, 42.5798 ], [ -8.824, 42.5796 ] ] ], [ [ [ -8.8266, 42.5812 ], [ -8.8262, 42.581 ], [ -8.8264, 42.5807 ], [ -8.8269, 42.5812 ], [ -8.8266, 42.5812 ] ] ], [ [ [ -8.8076, 42.1909 ], [ -8.8074, 42.191 ], [ -8.8074, 42.1908 ], [ -8.8076, 42.1909 ] ] ], [ [ [ -8.8069, 42.1909 ], [ -8.8071, 42.1908 ], [ -8.8072, 42.1911 ], [ -8.8069, 42.1909 ] ] ], [ [ [ -8.8102, 42.1912 ], [ -8.8102, 42.1916 ], [ -8.8101, 42.1915 ], [ -8.8102, 42.1912 ] ] ], [ [ [ -8.8104, 42.1916 ], [ -8.8103, 42.1915 ], [ -8.8104, 42.1914 ], [ -8.8104, 42.1916 ] ] ], [ [ [ -8.8064, 42.1913 ], [ -8.8062, 42.1918 ], [ -8.8061, 42.1918 ], [ -8.8064, 42.1913 ] ] ], [ [ [ -8.8092, 42.193 ], [ -8.8096, 42.1933 ], [ -8.8092, 42.1934 ], [ -8.8092, 42.193 ] ] ], [ [ [ -8.8075, 42.1958 ], [ -8.8073, 42.1958 ], [ -8.8073, 42.1957 ], [ -8.8075, 42.1958 ] ] ], [ [ [ -8.8039, 42.1995 ], [ -8.8038, 42.1993 ], [ -8.8039, 42.1993 ], [ -8.8039, 42.1995 ] ] ], [ [ [ -8.8044, 42.2009 ], [ -8.799, 42.2027 ], [ -8.7999, 42.2004 ], [ -8.8044, 42.2009 ] ] ], [ [ [ -8.7771, 42.214 ], [ -8.7777, 42.2137 ], [ -8.7777, 42.2141 ], [ -8.7771, 42.214 ] ] ], [ [ [ -8.7791, 42.2187 ], [ -8.7787, 42.2189 ], [ -8.7787, 42.2188 ], [ -8.7791, 42.2187 ] ] ], [ [ [ -8.7792, 42.219 ], [ -8.779, 42.219 ], [ -8.7791, 42.2189 ], [ -8.7792, 42.219 ] ] ], [ [ [ -8.7804, 42.2191 ], [ -8.7806, 42.2192 ], [ -8.7803, 42.2195 ], [ -8.7804, 42.2191 ] ] ], [ [ [ -8.7768, 42.221 ], [ -8.7769, 42.2208 ], [ -8.777, 42.221 ], [ -8.7768, 42.221 ] ] ], [ [ [ -8.778, 42.2217 ], [ -8.7773, 42.2216 ], [ -8.7775, 42.221 ], [ -8.778, 42.2217 ] ] ], [ [ [ -8.7747, 42.2226 ], [ -8.775, 42.2227 ], [ -8.7746, 42.2229 ], [ -8.7747, 42.2226 ] ] ], [ [ [ -8.7743, 42.2227 ], [ -8.7744, 42.223 ], [ -8.7742, 42.223 ], [ -8.7743, 42.2227 ] ] ], [ [ [ -8.773, 42.2237 ], [ -8.7729, 42.2236 ], [ -8.773, 42.2235 ], [ -8.773, 42.2237 ] ] ], [ [ [ -8.7772, 42.2239 ], [ -8.7778, 42.2233 ], [ -8.7783, 42.2236 ], [ -8.7772, 42.2239 ] ] ], [ [ [ -8.7646, 42.2251 ], [ -8.7648, 42.2253 ], [ -8.7646, 42.2253 ], [ -8.7646, 42.2251 ] ] ], [ [ [ -8.7652, 42.2252 ], [ -8.7652, 42.2254 ], [ -8.7649, 42.2255 ], [ -8.7652, 42.2252 ] ] ], [ [ [ -8.7652, 42.2257 ], [ -8.7655, 42.2258 ], [ -8.7653, 42.2261 ], [ -8.7652, 42.2257 ] ] ], [ [ [ -8.7777, 42.2263 ], [ -8.7776, 42.2262 ], [ -8.7777, 42.2261 ], [ -8.7777, 42.2263 ] ] ], [ [ [ -8.766, 42.2266 ], [ -8.7664, 42.2264 ], [ -8.7664, 42.2271 ], [ -8.766, 42.2266 ] ] ], [ [ [ -8.7785, 42.2285 ], [ -8.7784, 42.2284 ], [ -8.7785, 42.2283 ], [ -8.7785, 42.2285 ] ] ], [ [ [ -8.7923, 42.2412 ], [ -8.7921, 42.2412 ], [ -8.7922, 42.2411 ], [ -8.7923, 42.2412 ] ] ], [ [ [ -8.7946, 42.2461 ], [ -8.7945, 42.2462 ], [ -8.7944, 42.2461 ], [ -8.7946, 42.2461 ] ] ], [ [ [ -8.7634, 42.2549 ], [ -8.7634, 42.255 ], [ -8.7632, 42.255 ], [ -8.7634, 42.2549 ] ] ], [ [ [ -8.7618, 42.2562 ], [ -8.7616, 42.2561 ], [ -8.7621, 42.2562 ], [ -8.7618, 42.2562 ] ] ], [ [ [ -8.7645, 42.2574 ], [ -8.7639, 42.2579 ], [ -8.7639, 42.2577 ], [ -8.7645, 42.2574 ] ] ], [ [ [ -8.7603, 42.258 ], [ -8.7602, 42.2581 ], [ -8.76, 42.258 ], [ -8.7603, 42.258 ] ] ], [ [ [ -8.7657, 42.2579 ], [ -8.7658, 42.2579 ], [ -8.7659, 42.2582 ], [ -8.7657, 42.2579 ] ] ], [ [ [ -8.764, 42.2582 ], [ -8.7639, 42.2581 ], [ -8.7641, 42.258 ], [ -8.764, 42.2582 ] ] ], [ [ [ -8.7631, 42.2582 ], [ -8.7634, 42.2579 ], [ -8.7634, 42.2584 ], [ -8.7631, 42.2582 ] ] ], [ [ [ -8.7599, 42.2585 ], [ -8.7602, 42.2582 ], [ -8.7605, 42.2585 ], [ -8.7599, 42.2585 ] ] ], [ [ [ -8.7989, 42.336 ], [ -8.7991, 42.3361 ], [ -8.7986, 42.3361 ], [ -8.7989, 42.336 ] ] ], [ [ [ -8.7686, 42.3363 ], [ -8.7686, 42.3365 ], [ -8.7684, 42.3365 ], [ -8.7686, 42.3363 ] ] ], [ [ [ -8.7975, 42.3367 ], [ -8.7974, 42.3367 ], [ -8.7974, 42.3366 ], [ -8.7975, 42.3367 ] ] ], [ [ [ -8.7977, 42.337 ], [ -8.7975, 42.3369 ], [ -8.7975, 42.3368 ], [ -8.7977, 42.337 ] ] ], [ [ [ -8.7673, 42.3371 ], [ -8.7675, 42.3367 ], [ -8.768, 42.337 ], [ -8.7673, 42.3371 ] ] ], [ [ [ -8.798, 42.3378 ], [ -8.7984, 42.3378 ], [ -8.7985, 42.338 ], [ -8.798, 42.3378 ] ] ], [ [ [ -8.7984, 42.3386 ], [ -8.7982, 42.3386 ], [ -8.7982, 42.3385 ], [ -8.7984, 42.3386 ] ] ], [ [ [ -8.8001, 42.3386 ], [ -8.8, 42.3387 ], [ -8.7999, 42.3386 ], [ -8.8001, 42.3386 ] ] ], [ [ [ -8.8005, 42.3388 ], [ -8.8003, 42.3388 ], [ -8.8003, 42.3387 ], [ -8.8005, 42.3388 ] ] ], [ [ [ -8.8008, 42.3389 ], [ -8.8006, 42.3389 ], [ -8.8007, 42.3388 ], [ -8.8008, 42.3389 ] ] ], [ [ [ -8.8077, 42.3391 ], [ -8.8077, 42.3392 ], [ -8.8075, 42.3392 ], [ -8.8077, 42.3391 ] ] ], [ [ [ -8.8084, 42.3395 ], [ -8.8085, 42.3397 ], [ -8.8082, 42.3397 ], [ -8.8084, 42.3395 ] ] ], [ [ [ -8.8029, 42.3418 ], [ -8.8029, 42.342 ], [ -8.8027, 42.342 ], [ -8.8029, 42.3418 ] ] ], [ [ [ -8.7741, 42.3881 ], [ -8.7743, 42.3881 ], [ -8.7741, 42.3884 ], [ -8.7741, 42.3881 ] ] ], [ [ [ -8.7728, 42.389 ], [ -8.7727, 42.3889 ], [ -8.7728, 42.3888 ], [ -8.7728, 42.389 ] ] ], [ [ [ -8.7726, 42.3891 ], [ -8.7725, 42.3891 ], [ -8.7725, 42.389 ], [ -8.7726, 42.3891 ] ] ], [ [ [ -8.7822, 42.3953 ], [ -8.7822, 42.3951 ], [ -8.7823, 42.3952 ], [ -8.7822, 42.3953 ] ] ], [ [ [ -8.7932, 42.3966 ], [ -8.7931, 42.3967 ], [ -8.7929, 42.3965 ], [ -8.7932, 42.3966 ] ] ], [ [ [ -8.8076, 42.5007 ], [ -8.8077, 42.5007 ], [ -8.8072, 42.5012 ], [ -8.8076, 42.5007 ] ] ], [ [ [ -8.8079, 42.5835 ], [ -8.8087, 42.5832 ], [ -8.8086, 42.5835 ], [ -8.8079, 42.5835 ] ] ], [ [ [ -8.8024, 42.6097 ], [ -8.8025, 42.6099 ], [ -8.8024, 42.6099 ], [ -8.8024, 42.6097 ] ] ], [ [ [ -8.8032, 42.61 ], [ -8.8031, 42.61 ], [ -8.8032, 42.6099 ], [ -8.8032, 42.61 ] ] ], [ [ [ -8.7971, 42.6116 ], [ -8.7957, 42.6102 ], [ -8.7977, 42.6095 ], [ -8.7971, 42.6116 ] ] ], [ [ [ -8.791, 42.6114 ], [ -8.7908, 42.6108 ], [ -8.7916, 42.6111 ], [ -8.791, 42.6114 ] ] ], [ [ [ -8.7925, 42.6124 ], [ -8.7922, 42.6115 ], [ -8.7929, 42.6114 ], [ -8.7925, 42.6124 ] ] ], [ [ [ -8.8024, 42.6145 ], [ -8.8028, 42.6142 ], [ -8.8031, 42.6147 ], [ -8.8024, 42.6145 ] ] ], [ [ [ -8.787, 42.621 ], [ -8.7785, 42.6202 ], [ -8.7863, 42.6141 ], [ -8.787, 42.621 ] ] ], [ [ [ -8.7044, 42.2592 ], [ -8.7042, 42.2592 ], [ -8.7043, 42.2591 ], [ -8.7044, 42.2592 ] ] ], [ [ [ -8.7466, 42.264 ], [ -8.7463, 42.2641 ], [ -8.7462, 42.264 ], [ -8.7466, 42.264 ] ] ], [ [ [ -8.7484, 42.2678 ], [ -8.7482, 42.2678 ], [ -8.7482, 42.2677 ], [ -8.7484, 42.2678 ] ] ], [ [ [ -8.7403, 42.27 ], [ -8.7403, 42.2701 ], [ -8.7401, 42.2701 ], [ -8.7403, 42.27 ] ] ], [ [ [ -8.743, 42.2702 ], [ -8.7429, 42.2702 ], [ -8.7428, 42.27 ], [ -8.743, 42.2702 ] ] ], [ [ [ -8.7405, 42.2704 ], [ -8.7405, 42.2705 ], [ -8.7403, 42.2705 ], [ -8.7405, 42.2704 ] ] ], [ [ [ -8.7086, 42.2747 ], [ -8.7087, 42.2746 ], [ -8.7089, 42.2748 ], [ -8.7086, 42.2747 ] ] ], [ [ [ -8.6261, 42.3045 ], [ -8.6265, 42.3044 ], [ -8.6266, 42.3047 ], [ -8.6261, 42.3045 ] ] ], [ [ [ -8.6293, 42.3083 ], [ -8.6286, 42.3086 ], [ -8.6277, 42.3076 ], [ -8.6293, 42.3083 ] ] ], [ [ [ -8.6294, 42.31 ], [ -8.6291, 42.309 ], [ -8.6301, 42.3091 ], [ -8.6294, 42.31 ] ] ], [ [ [ -8.6471, 42.3177 ], [ -8.6477, 42.317 ], [ -8.648, 42.3174 ], [ -8.6471, 42.3177 ] ] ], [ [ [ -8.6229, 42.3395 ], [ -8.6231, 42.3392 ], [ -8.6237, 42.3399 ], [ -8.6229, 42.3395 ] ] ], [ [ [ -8.6248, 42.3413 ], [ -8.6249, 42.3403 ], [ -8.6254, 42.3404 ], [ -8.6248, 42.3413 ] ] ], [ [ [ -8.6142, 42.3461 ], [ -8.615, 42.3461 ], [ -8.6149, 42.3463 ], [ -8.6142, 42.3461 ] ] ], [ [ [ -8.7525, 42.3481 ], [ -8.7522, 42.3481 ], [ -8.7521, 42.3479 ], [ -8.7525, 42.3481 ] ] ], [ [ [ -8.7543, 42.3505 ], [ -8.7531, 42.3503 ], [ -8.7542, 42.349 ], [ -8.7543, 42.3505 ] ] ], [ [ [ -8.7548, 42.3501 ], [ -8.755, 42.3501 ], [ -8.7549, 42.3503 ], [ -8.7548, 42.3501 ] ] ], [ [ [ -8.7548, 42.3507 ], [ -8.7546, 42.3507 ], [ -8.7546, 42.3506 ], [ -8.7548, 42.3507 ] ] ], [ [ [ -8.7509, 42.3521 ], [ -8.7511, 42.3513 ], [ -8.7517, 42.3514 ], [ -8.7509, 42.3521 ] ] ], [ [ [ -8.7385, 42.3754 ], [ -8.7388, 42.3754 ], [ -8.7386, 42.376 ], [ -8.7385, 42.3754 ] ] ], [ [ [ -8.7386, 42.3761 ], [ -8.7386, 42.3762 ], [ -8.7384, 42.3762 ], [ -8.7386, 42.3761 ] ] ], [ [ [ -8.7121, 42.4128 ], [ -8.7077, 42.4146 ], [ -8.7046, 42.4111 ], [ -8.7121, 42.4128 ] ] ], [ [ [ -8.6882, 42.4327 ], [ -8.6882, 42.4324 ], [ -8.6888, 42.4325 ], [ -8.6882, 42.4327 ] ] ], [ [ [ -8.6889, 42.4334 ], [ -8.6883, 42.4338 ], [ -8.6883, 42.4335 ], [ -8.6889, 42.4334 ] ] ], [ [ [ -8.7362, 42.6641 ], [ -8.7381, 42.6633 ], [ -8.7372, 42.6643 ], [ -8.7362, 42.6641 ] ] ], [ [ [ -8.7307, 42.6688 ], [ -8.731, 42.667 ], [ -8.7333, 42.6659 ], [ -8.7307, 42.6688 ] ] ], [ [ [ -8.7266, 42.6789 ], [ -8.7263, 42.6787 ], [ -8.7267, 42.6786 ], [ -8.7266, 42.6789 ] ] ] ] } },
{ "type": "Feature", "properties": { "prov": "Salamanca", "ccaa": "Castilla y León" }, "geometry": { "type": "Polygon", "coordinates": [ [ [ -6.8649, 40.2703 ], [ -6.8614, 40.2996 ], [ -6.8244, 40.3226 ], [ -6.7941, 40.3284 ], [ -6.7939, 40.3554 ], [ -6.781, 40.3643 ], [ -6.8345, 40.4077 ], [ -6.8497, 40.4515 ], [ -6.8352, 40.4754 ], [ -6.8176, 40.4901 ], [ -6.8147, 40.5016 ], [ -6.7953, 40.5114 ], [ -6.8052, 40.5359 ], [ -6.8009, 40.5503 ], [ -6.8454, 40.566 ], [ -6.8381, 40.5942 ], [ -6.8154, 40.6182 ], [ -6.794, 40.6613 ], [ -6.8056, 40.6685 ], [ -6.8017, 40.678 ], [ -6.8132, 40.7084 ], [ -6.8108, 40.7169 ], [ -6.8245, 40.7295 ], [ -6.8311, 40.7528 ], [ -6.8255, 40.7853 ], [ -6.8169, 40.7972 ], [ -6.8259, 40.8436 ], [ -6.8122, 40.8421 ], [ -6.8002, 40.8486 ], [ -6.809, 40.8824 ], [ -6.8307, 40.8857 ], [ -6.8489, 40.9025 ], [ -6.8476, 40.9246 ], [ -6.8589, 40.9495 ], [ -6.9088, 40.9989 ], [ -6.9216, 41.0025 ], [ -6.9316, 41.0168 ], [ -6.9312, 41.0294 ], [ -6.9161, 41.0384 ], [ -6.8685, 41.0269 ], [ -6.8089, 41.0365 ], [ -6.809, 41.0447 ], [ -6.7794, 41.0686 ], [ -6.7548, 41.1016 ], [ -6.771, 41.1246 ], [ -6.7687, 41.1337 ], [ -6.7092, 41.1727 ], [ -6.6979, 41.1837 ], [ -6.6995, 41.1924 ], [ -6.691, 41.1952 ], [ -6.6915, 41.2096 ], [ -6.6529, 41.2354 ], [ -6.648, 41.2479 ], [ -6.6292, 41.2427 ], [ -6.6083, 41.2495 ], [ -6.5998, 41.2435 ], [ -6.5916, 41.2552 ], [ -6.5847, 41.2409 ], [ -6.5713, 41.239 ], [ -6.5516, 41.2456 ], [ -6.5471, 41.258 ], [ -6.5219, 41.2758 ], [ -6.5097, 41.264 ], [ -6.4805, 41.2735 ], [ -6.4915, 41.2853 ], [ -6.4815, 41.2941 ], [ -6.4776, 41.2876 ], [ -6.4543, 41.2921 ], [ -6.4453, 41.2839 ], [ -6.4182, 41.2832 ], [ -6.4147, 41.276 ], [ -6.3723, 41.2863 ], [ -6.3472, 41.2725 ], [ -6.3177, 41.2709 ], [ -6.2967, 41.2564 ], [ -6.2682, 41.2556 ], [ -6.2252, 41.2277 ], [ -6.1634, 41.2074 ], [ -6.1345, 41.1904 ], [ -6.1093, 41.2126 ], [ -6.074, 41.2113 ], [ -6.062, 41.2211 ], [ -6.0467, 41.209 ], [ -6.0088, 41.2005 ], [ -6.0275, 41.1791 ], [ -6.0218, 41.1553 ], [ -6.0026, 41.1531 ], [ -5.9792, 41.1746 ], [ -5.9632, 41.146 ], [ -5.9532, 41.1401 ], [ -5.9445, 41.1503 ], [ -5.9339, 41.1515 ], [ -5.9371, 41.1584 ], [ -5.9316, 41.1577 ], [ -5.925, 41.1745 ], [ -5.9131, 41.1783 ], [ -5.9213, 41.2182 ], [ -5.9135, 41.2308 ], [ -5.8977, 41.2386 ], [ -5.8769, 41.2372 ], [ -5.8352, 41.2203 ], [ -5.8087, 41.2245 ], [ -5.7908, 41.216 ], [ -5.7673, 41.2157 ], [ -5.7512, 41.2259 ], [ -5.7012, 41.2344 ], [ -5.6789, 41.2319 ], [ -5.6587, 41.2457 ], [ -5.6345, 41.2319 ], [ -5.6283, 41.2145 ], [ -5.6106, 41.2138 ], [ -5.5879, 41.2024 ], [ -5.5651, 41.217 ], [ -5.5181, 41.1949 ], [ -5.5064, 41.1803 ], [ -5.4853, 41.1789 ], [ -5.4843, 41.1455 ], [ -5.4698, 41.1579 ], [ -5.4769, 41.1783 ], [ -5.4181, 41.1877 ], [ -5.4076, 41.1856 ], [ -5.3966, 41.163 ], [ -5.4016, 41.1478 ], [ -5.387, 41.1359 ], [ -5.3578, 41.141 ], [ -5.3408, 41.1234 ], [ -5.3298, 41.1225 ], [ -5.3318, 41.118 ], [ -5.316, 41.1191 ], [ -5.2963, 41.1294 ], [ -5.2906, 41.1468 ], [ -5.2986, 41.1628 ], [ -5.288, 41.1773 ], [ -5.2885, 41.1956 ], [ -5.253, 41.1998 ], [ -5.2296, 41.1905 ], [ -5.2182, 41.1596 ], [ -5.2079, 41.1668 ], [ -5.1913, 41.1621 ], [ -5.1797, 41.1673 ], [ -5.1249, 41.132 ], [ -5.1292, 41.1054 ], [ -5.1514, 41.0853 ], [ -5.1526, 41.062 ], [ -5.1408, 41.0372 ], [ -5.1066, 41.0295 ], [ -5.0898, 40.9966 ], [ -5.0996, 40.9896 ], [ -5.0965, 40.9785 ], [ -5.1048, 40.9603 ], [ -5.1276, 40.9541 ], [ -5.1113, 40.9156 ], [ -5.115, 40.9028 ], [ -5.1301, 40.9003 ], [ -5.1638, 40.8684 ], [ -5.169, 40.84 ], [ -5.1575, 40.8241 ], [ -5.1615, 40.814 ], [ -5.1776, 40.8053 ], [ -5.1844, 40.7887 ], [ -5.219, 40.773 ], [ -5.2144, 40.7578 ], [ -5.2499, 40.7429 ], [ -5.2538, 40.7343 ], [ -5.2928, 40.7103 ], [ -5.3288, 40.7054 ], [ -5.3371, 40.6995 ], [ -5.3321, 40.6946 ], [ -5.3372, 40.6893 ], [ -5.3855, 40.6714 ], [ -5.3858, 40.6633 ], [ -5.3659, 40.6488 ], [ -5.3784, 40.6455 ], [ -5.3732, 40.6388 ], [ -5.383, 40.6208 ], [ -5.403, 40.6088 ], [ -5.4194, 40.6079 ], [ -5.4477, 40.5796 ], [ -5.4997, 40.5816 ], [ -5.5009, 40.5974 ], [ -5.5162, 40.5854 ], [ -5.5163, 40.5678 ], [ -5.5292, 40.5523 ], [ -5.5247, 40.5407 ], [ -5.4816, 40.5567 ], [ -5.4285, 40.5645 ], [ -5.4256, 40.5566 ], [ -5.4334, 40.533 ], [ -5.447, 40.52 ], [ -5.4524, 40.4941 ], [ -5.462, 40.4912 ], [ -5.4655, 40.4659 ], [ -5.4826, 40.4567 ], [ -5.5098, 40.4637 ], [ -5.5203, 40.4479 ], [ -5.5106, 40.4421 ], [ -5.5115, 40.4263 ], [ -5.5259, 40.4224 ], [ -5.5448, 40.4231 ], [ -5.5746, 40.4443 ], [ -5.5707, 40.4565 ], [ -5.5599, 40.4628 ], [ -5.5609, 40.4771 ], [ -5.6342, 40.4604 ], [ -5.6566, 40.4368 ], [ -5.6914, 40.4216 ], [ -5.6784, 40.387 ], [ -5.687, 40.3757 ], [ -5.6864, 40.3554 ], [ -5.673, 40.3485 ], [ -5.7143, 40.3253 ], [ -5.7444, 40.2889 ], [ -5.765, 40.2808 ], [ -5.7931, 40.2867 ], [ -5.8022, 40.2965 ], [ -5.782, 40.3125 ], [ -5.7993, 40.3538 ], [ -5.8217, 40.3484 ], [ -5.8471, 40.328 ], [ -5.855, 40.3384 ], [ -5.885, 40.3261 ], [ -5.9172, 40.2777 ], [ -5.9921, 40.299 ], [ -6.0164, 40.3165 ], [ -6.0161, 40.34 ], [ -6.0536, 40.3421 ], [ -6.1059, 40.3568 ], [ -6.0817, 40.3633 ], [ -6.0809, 40.3727 ], [ -6.0867, 40.3768 ], [ -6.0711, 40.3866 ], [ -6.0847, 40.39 ], [ -6.0644, 40.396 ], [ -6.0979, 40.4132 ], [ -6.1293, 40.4204 ], [ -6.1156, 40.4411 ], [ -6.1478, 40.4373 ], [ -6.1558, 40.457 ], [ -6.1801, 40.4625 ], [ -6.2014, 40.4829 ], [ -6.2313, 40.4867 ], [ -6.241, 40.4852 ], [ -6.255, 40.47 ], [ -6.2638, 40.4716 ], [ -6.2753, 40.4585 ], [ -6.3446, 40.4428 ], [ -6.3656, 40.4224 ], [ -6.3619, 40.4071 ], [ -6.3714, 40.4019 ], [ -6.4188, 40.3993 ], [ -6.4396, 40.3816 ], [ -6.4383, 40.3728 ], [ -6.4675, 40.3723 ], [ -6.5363, 40.3472 ], [ -6.5604, 40.329 ], [ -6.5647, 40.3146 ], [ -6.5567, 40.3064 ], [ -6.5562, 40.2908 ], [ -6.587, 40.2707 ], [ -6.6718, 40.2632 ], [ -6.6901, 40.2427 ], [ -6.7186, 40.2692 ], [ -6.7514, 40.2502 ], [ -6.7556, 40.2389 ], [ -6.7835, 40.2494 ], [ -6.8022, 40.2496 ], [ -6.8001, 40.242 ], [ -6.8067, 40.2415 ], [ -6.8345, 40.2476 ], [ -6.8649, 40.2703 ] ] ] } },
{ "type": "Feature", "properties": { "prov": "Cantabria", "ccaa": "Cantabria" }, "geometry": { "type": "MultiPolygon", "coordinates": [ [ [ [ -4.1812, 42.8586 ], [ -4.1992, 42.8443 ], [ -4.214, 42.8473 ], [ -4.2256, 42.8587 ], [ -4.2223, 42.8661 ], [ -4.2308, 42.9048 ], [ -4.2225, 42.9107 ], [ -4.237, 42.9181 ], [ -4.2383, 42.9542 ], [ -4.2626, 42.9653 ], [ -4.348, 42.9724 ], [ -4.3734, 42.995 ], [ -4.3749, 43.0063 ], [ -4.3981, 43.035 ], [ -4.4323, 43.0457 ], [ -4.4476, 43.0584 ], [ -4.4621, 43.061 ], [ -4.4753, 43.0387 ], [ -4.4957, 43.0376 ], [ -4.5212, 43.0475 ], [ -4.5594, 43.0192 ], [ -4.5741, 43.027 ], [ -4.5894, 43.0253 ], [ -4.6066, 43.0356 ], [ -4.6395, 43.0164 ], [ -4.6847, 43.0263 ], [ -4.7046, 43.026 ], [ -4.7215, 43.018 ], [ -4.7378, 43.0209 ], [ -4.7433, 43.0268 ], [ -4.7341, 43.0477 ], [ -4.7401, 43.0532 ], [ -4.7661, 43.0553 ], [ -4.7669, 43.0747 ], [ -4.8332, 43.1019 ], [ -4.8363, 43.1157 ], [ -4.8514, 43.1259 ], [ -4.8427, 43.1333 ], [ -4.8439, 43.146 ], [ -4.8346, 43.1575 ], [ -4.8517, 43.1736 ], [ -4.8425, 43.1806 ], [ -4.8233, 43.1783 ], [ -4.779, 43.1921 ], [ -4.7543, 43.184 ], [ -4.738, 43.1864 ], [ -4.7332, 43.1934 ], [ -4.7365, 43.2069 ], [ -4.7278, 43.2168 ], [ -4.7308, 43.2232 ], [ -4.721, 43.2295 ], [ -4.7309, 43.2573 ], [ -4.706, 43.2669 ], [ -4.6316, 43.2671 ], [ -4.6365, 43.2755 ], [ -4.6076, 43.2986 ], [ -4.5518, 43.2867 ], [ -4.554, 43.2774 ], [ -4.5474, 43.269 ], [ -4.5235, 43.2782 ], [ -4.5186, 43.294 ], [ -4.527, 43.3276 ], [ -4.5225, 43.3357 ], [ -4.5386, 43.3435 ], [ -4.5343, 43.3532 ], [ -4.5399, 43.3561 ], [ -4.5314, 43.3591 ], [ -4.5344, 43.3677 ], [ -4.5212, 43.3662 ], [ -4.5105, 43.3814 ], [ -4.5115, 43.3937 ], [ -4.4767, 43.3956 ], [ -4.4724, 43.3944 ], [ -4.4743, 43.3892 ], [ -4.4725, 43.3889 ], [ -4.4435, 43.3979 ], [ -4.4415, 43.3935 ], [ -4.4147, 43.3983 ], [ -4.3903, 43.393 ], [ -4.385, 43.3953 ], [ -4.3907, 43.3905 ], [ -4.3894, 43.3899 ], [ -4.3407, 43.4059 ], [ -4.328, 43.3913 ], [ -4.2959, 43.3906 ], [ -4.2933, 43.395 ], [ -4.2803, 43.388 ], [ -4.2329, 43.4006 ], [ -4.2215, 43.3958 ], [ -4.1806, 43.4055 ], [ -4.1752, 43.4011 ], [ -4.1114, 43.4189 ], [ -4.0812, 43.4383 ], [ -4.0774, 43.4308 ], [ -4.0564, 43.4335 ], [ -4.0463, 43.4452 ], [ -4.0439, 43.4366 ], [ -4.0331, 43.4358 ], [ -4.0212, 43.4488 ], [ -4.0017, 43.4397 ], [ -3.985, 43.4464 ], [ -3.9787, 43.4409 ], [ -3.9571, 43.4558 ], [ -3.9455, 43.4711 ], [ -3.9428, 43.4694 ], [ -3.9359, 43.4702 ], [ -3.9333, 43.4683 ], [ -3.9064, 43.4778 ], [ -3.8921, 43.477 ], [ -3.8949, 43.4708 ], [ -3.8788, 43.4804 ], [ -3.8627, 43.4761 ], [ -3.8427, 43.484 ], [ -3.8387, 43.4783 ], [ -3.8116, 43.4949 ], [ -3.7852, 43.4918 ], [ -3.7868, 43.4862 ], [ -3.7784, 43.4856 ], [ -3.7863, 43.4821 ], [ -3.7849, 43.4767 ], [ -3.7755, 43.4701 ], [ -3.7633, 43.4672 ], [ -3.8017, 43.4615 ], [ -3.8143, 43.4495 ], [ -3.8253, 43.4517 ], [ -3.8148, 43.4448 ], [ -3.8277, 43.4425 ], [ -3.8157, 43.4418 ], [ -3.8152, 43.437 ], [ -3.8307, 43.4352 ], [ -3.8037, 43.4264 ], [ -3.8289, 43.408 ], [ -3.8215, 43.4122 ], [ -3.8101, 43.3937 ], [ -3.7665, 43.406 ], [ -3.8071, 43.3963 ], [ -3.8153, 43.4076 ], [ -3.8074, 43.4175 ], [ -3.8004, 43.4115 ], [ -3.7925, 43.4198 ], [ -3.7791, 43.421 ], [ -3.7913, 43.4322 ], [ -3.776, 43.4494 ], [ -3.7559, 43.4481 ], [ -3.7625, 43.4342 ], [ -3.7572, 43.4306 ], [ -3.7364, 43.4315 ], [ -3.7265, 43.4424 ], [ -3.7168, 43.4224 ], [ -3.7157, 43.4218 ], [ -3.7118, 43.4226 ], [ -3.7167, 43.4228 ], [ -3.7262, 43.4434 ], [ -3.7388, 43.4329 ], [ -3.7525, 43.4355 ], [ -3.7463, 43.4519 ], [ -3.7772, 43.4582 ], [ -3.7346, 43.4593 ], [ -3.7233, 43.4736 ], [ -3.7057, 43.4796 ], [ -3.6811, 43.4781 ], [ -3.6448, 43.4987 ], [ -3.6334, 43.4966 ], [ -3.6118, 43.4992 ], [ -3.5894, 43.5137 ], [ -3.5785, 43.5065 ], [ -3.5463, 43.5077 ], [ -3.539, 43.4937 ], [ -3.5301, 43.4924 ], [ -3.5261, 43.4962 ], [ -3.5131, 43.4922 ], [ -3.5147, 43.4794 ], [ -3.4938, 43.4705 ], [ -3.4309, 43.462 ], [ -3.4254, 43.4514 ], [ -3.4298, 43.441 ], [ -3.4591, 43.4387 ], [ -3.465, 43.4446 ], [ -3.4648, 43.4367 ], [ -3.4835, 43.4334 ], [ -3.4917, 43.4248 ], [ -3.4636, 43.4313 ], [ -3.4647, 43.4039 ], [ -3.4501, 43.4361 ], [ -3.4249, 43.4132 ], [ -3.4144, 43.4134 ], [ -3.42, 43.4152 ], [ -3.4121, 43.4192 ], [ -3.4112, 43.4163 ], [ -3.4043, 43.4147 ], [ -3.3374, 43.4127 ], [ -3.3233, 43.4191 ], [ -3.326, 43.4064 ], [ -3.3208, 43.4028 ], [ -3.3137, 43.403 ], [ -3.3044, 43.4097 ], [ -3.2827, 43.4032 ], [ -3.2225, 43.3945 ], [ -3.2258, 43.3874 ], [ -3.2231, 43.3852 ], [ -3.2174, 43.3864 ], [ -3.2088, 43.3812 ], [ -3.2141, 43.3839 ], [ -3.2173, 43.3838 ], [ -3.2179, 43.3829 ], [ -3.2119, 43.3748 ], [ -3.1984, 43.3734 ], [ -3.1934, 43.3642 ], [ -3.1508, 43.3487 ], [ -3.1496, 43.3193 ], [ -3.1573, 43.3013 ], [ -3.1932, 43.2985 ], [ -3.2094, 43.2836 ], [ -3.2645, 43.296 ], [ -3.2911, 43.2904 ], [ -3.2949, 43.3008 ], [ -3.3237, 43.2925 ], [ -3.3324, 43.3019 ], [ -3.3431, 43.2943 ], [ -3.3386, 43.2781 ], [ -3.3831, 43.2704 ], [ -3.3959, 43.2477 ], [ -3.4136, 43.2498 ], [ -3.4125, 43.2418 ], [ -3.4501, 43.2362 ], [ -3.433, 43.2063 ], [ -3.4334, 43.1709 ], [ -3.4176, 43.1333 ], [ -3.509, 43.1362 ], [ -3.5853, 43.1544 ], [ -3.6032, 43.1498 ], [ -3.6126, 43.1696 ], [ -3.6495, 43.1798 ], [ -3.6766, 43.1548 ], [ -3.6836, 43.1361 ], [ -3.7039, 43.1232 ], [ -3.7035, 43.1167 ], [ -3.7323, 43.1035 ], [ -3.7549, 43.1007 ], [ -3.7581, 43.0837 ], [ -3.7908, 43.0782 ], [ -3.8098, 43.0866 ], [ -3.8231, 43.0803 ], [ -3.847, 43.0844 ], [ -3.8507, 43.0771 ], [ -3.8318, 43.0638 ], [ -3.8498, 43.0484 ], [ -3.8508, 43.0392 ], [ -3.8909, 43.0419 ], [ -3.9137, 43.0145 ], [ -3.9561, 42.998 ], [ -3.9906, 42.9306 ], [ -3.9743, 42.9122 ], [ -3.9434, 42.9093 ], [ -3.93, 42.9148 ], [ -3.9376, 42.9048 ], [ -3.9335, 42.8996 ], [ -3.9115, 42.9234 ], [ -3.8913, 42.9255 ], [ -3.8874, 42.9488 ], [ -3.8701, 42.9497 ], [ -3.8671, 42.9548 ], [ -3.8307, 42.9301 ], [ -3.8334, 42.9185 ], [ -3.8517, 42.9195 ], [ -3.8656, 42.8993 ], [ -3.8898, 42.9023 ], [ -3.9087, 42.915 ], [ -3.8922, 42.887 ], [ -3.9241, 42.8889 ], [ -3.8969, 42.8816 ], [ -3.914, 42.8602 ], [ -3.88, 42.8511 ], [ -3.8682, 42.857 ], [ -3.8738, 42.8748 ], [ -3.8638, 42.8896 ], [ -3.8262, 42.871 ], [ -3.8349, 42.856 ], [ -3.817, 42.8365 ], [ -3.8159, 42.8132 ], [ -3.8236, 42.7989 ], [ -3.8634, 42.7865 ], [ -3.8944, 42.8045 ], [ -3.9005, 42.7893 ], [ -3.9097, 42.7864 ], [ -3.911, 42.7684 ], [ -3.9306, 42.7745 ], [ -3.9488, 42.7675 ], [ -3.9466, 42.7619 ], [ -3.9789, 42.7581 ], [ -3.9816, 42.7683 ], [ -3.9997, 42.769 ], [ -3.9965, 42.799 ], [ -4.0016, 42.8297 ], [ -4.0074, 42.8311 ], [ -4.0208, 42.8193 ], [ -4.0142, 42.8064 ], [ -4.0329, 42.8013 ], [ -4.0299, 42.7883 ], [ -4.0438, 42.7888 ], [ -4.0502, 42.7798 ], [ -4.0461, 42.7668 ], [ -4.0815, 42.7616 ], [ -4.0852, 42.7723 ], [ -4.0943, 42.7734 ], [ -4.0985, 42.7913 ], [ -4.1505, 42.7894 ], [ -4.1825, 42.8104 ], [ -4.1859, 42.8172 ], [ -4.1787, 42.8261 ], [ -4.1652, 42.8285 ], [ -4.1571, 42.8376 ], [ -4.1407, 42.8291 ], [ -4.1281, 42.8463 ], [ -4.126, 42.8567 ], [ -4.1451, 42.8623 ], [ -4.1488, 42.8658 ], [ -4.1439, 42.8689 ], [ -4.1812, 42.8586 ] ], [ [ -3.7142, 43.4201 ], [ -3.7094, 43.4113 ], [ -3.7117, 43.4226 ], [ -3.7118, 43.4226 ], [ -3.7142, 43.4201 ] ], [ [ -4.1752, 42.8118 ], [ -4.1604, 42.8152 ], [ -4.1616, 42.8203 ], [ -4.1798, 42.8233 ], [ -4.1752, 42.8118 ] ], [ [ -4.0919, 42.8211 ], [ -4.1073, 42.8277 ], [ -4.1126, 42.8222 ], [ -4.1016, 42.7937 ], [ -4.09, 42.7993 ], [ -4.0919, 42.8211 ] ] ], [ [ [ -4.4639, 43.3933 ], [ -4.4638, 43.3935 ], [ -4.4637, 43.3933 ], [ -4.4639, 43.3933 ] ] ], [ [ [ -4.39, 43.3949 ], [ -4.3897, 43.3949 ], [ -4.3898, 43.3947 ], [ -4.39, 43.3949 ] ] ], [ [ [ -4.3891, 43.3949 ], [ -4.3895, 43.3948 ], [ -4.3895, 43.3949 ], [ -4.3891, 43.3949 ] ] ], [ [ [ -4.4827, 43.3963 ], [ -4.482, 43.3957 ], [ -4.4843, 43.3954 ], [ -4.4827, 43.3963 ] ] ], [ [ [ -4.4764, 43.3959 ], [ -4.4761, 43.3961 ], [ -4.4758, 43.3958 ], [ -4.4764, 43.3959 ] ] ], [ [ [ -4.4998, 43.3975 ], [ -4.4993, 43.3962 ], [ -4.5008, 43.3962 ], [ -4.4998, 43.3975 ] ] ], [ [ [ -4.0215, 43.4512 ], [ -4.0208, 43.4506 ], [ -4.0219, 43.4505 ], [ -4.0215, 43.4512 ] ] ], [ [ [ -4.0161, 43.4523 ], [ -4.0157, 43.4523 ], [ -4.0157, 43.4521 ], [ -4.0161, 43.4523 ] ] ], [ [ [ -4.0221, 43.4523 ], [ -4.021, 43.4524 ], [ -4.0214, 43.4523 ], [ -4.0221, 43.4523 ] ] ], [ [ [ -4.0131, 43.453 ], [ -4.0132, 43.4524 ], [ -4.0139, 43.4525 ], [ -4.0131, 43.453 ] ] ], [ [ [ -4.0161, 43.4528 ], [ -4.0162, 43.4531 ], [ -4.0159, 43.4532 ], [ -4.0161, 43.4528 ] ] ], [ [ [ -4.0264, 43.4531 ], [ -4.021, 43.4528 ], [ -4.0217, 43.4526 ], [ -4.0264, 43.4531 ] ] ], [ [ [ -3.9524, 43.4629 ], [ -3.9521, 43.4628 ], [ -3.9523, 43.4626 ], [ -3.9524, 43.4629 ] ] ], [ [ [ -3.9479, 43.47 ], [ -3.9477, 43.4702 ], [ -3.9476, 43.4701 ], [ -3.9479, 43.47 ] ] ], [ [ [ -3.942, 43.471 ], [ -3.9419, 43.4706 ], [ -3.9428, 43.4703 ], [ -3.942, 43.471 ] ] ], [ [ [ -3.9461, 43.4707 ], [ -3.9462, 43.4704 ], [ -3.9466, 43.4705 ], [ -3.9461, 43.4707 ] ] ], [ [ [ -3.9387, 43.4714 ], [ -3.9388, 43.4716 ], [ -3.9386, 43.4717 ], [ -3.9387, 43.4714 ] ] ], [ [ [ -3.9394, 43.4719 ], [ -3.9397, 43.4721 ], [ -3.9395, 43.4725 ], [ -3.9394, 43.4719 ] ] ], [ [ [ -3.9329, 43.4733 ], [ -3.9328, 43.4727 ], [ -3.934, 43.4729 ], [ -3.9329, 43.4733 ] ] ], [ [ [ -3.795, 43.418 ], [ -3.7954, 43.4181 ], [ -3.7949, 43.4184 ], [ -3.795, 43.418 ] ] ], [ [ [ -3.797, 43.4338 ], [ -3.7967, 43.4338 ], [ -3.7967, 43.4336 ], [ -3.797, 43.4338 ] ] ], [ [ [ -3.7684, 43.4645 ], [ -3.7683, 43.4645 ], [ -3.7685, 43.4643 ], [ -3.7684, 43.4645 ] ] ], [ [ [ -3.7702, 43.4659 ], [ -3.7701, 43.4658 ], [ -3.772, 43.4651 ], [ -3.7702, 43.4659 ] ] ], [ [ [ -3.7565, 43.4728 ], [ -3.7568, 43.4731 ], [ -3.7546, 43.4732 ], [ -3.7565, 43.4728 ] ] ], [ [ [ -3.9319, 43.4736 ], [ -3.9316, 43.4735 ], [ -3.9325, 43.4728 ], [ -3.9319, 43.4736 ] ] ], [ [ [ -3.9183, 43.4742 ], [ -3.9202, 43.4737 ], [ -3.9199, 43.4739 ], [ -3.9183, 43.4742 ] ] ], [ [ [ -3.926, 43.4743 ], [ -3.9255, 43.4742 ], [ -3.9265, 43.4738 ], [ -3.926, 43.4743 ] ] ], [ [ [ -3.9246, 43.4742 ], [ -3.9246, 43.4744 ], [ -3.9244, 43.4743 ], [ -3.9246, 43.4742 ] ] ], [ [ [ -3.9166, 43.4748 ], [ -3.9179, 43.4744 ], [ -3.9172, 43.475 ], [ -3.9166, 43.4748 ] ] ], [ [ [ -3.9146, 43.4756 ], [ -3.9165, 43.4749 ], [ -3.9161, 43.4754 ], [ -3.9146, 43.4756 ] ] ], [ [ [ -3.9141, 43.4764 ], [ -3.9137, 43.4762 ], [ -3.9139, 43.4761 ], [ -3.9141, 43.4764 ] ] ], [ [ [ -3.9176, 43.4766 ], [ -3.9178, 43.4767 ], [ -3.9174, 43.4771 ], [ -3.9176, 43.4766 ] ] ], [ [ [ -3.7793, 43.486 ], [ -3.7798, 43.4858 ], [ -3.7798, 43.4859 ], [ -3.7793, 43.486 ] ] ], [ [ [ -3.8296, 43.4881 ], [ -3.8295, 43.4879 ], [ -3.8299, 43.4878 ], [ -3.8296, 43.4881 ] ] ], [ [ [ -3.813, 43.4947 ], [ -3.8129, 43.4947 ], [ -3.8131, 43.4945 ], [ -3.813, 43.4947 ] ] ], [ [ [ -3.7315, 43.474 ], [ -3.7291, 43.4767 ], [ -3.7275, 43.4713 ], [ -3.7315, 43.474 ] ] ], [ [ [ -3.6751, 43.4848 ], [ -3.6747, 43.4848 ], [ -3.6749, 43.4846 ], [ -3.6751, 43.4848 ] ] ], [ [ [ -3.6727, 43.4861 ], [ -3.6728, 43.4859 ], [ -3.6729, 43.486 ], [ -3.6727, 43.4861 ] ] ], [ [ [ -3.6724, 43.4864 ], [ -3.6723, 43.4864 ], [ -3.6725, 43.4862 ], [ -3.6724, 43.4864 ] ] ], [ [ [ -3.5309, 43.4927 ], [ -3.5312, 43.4931 ], [ -3.5309, 43.4932 ], [ -3.5309, 43.4927 ] ] ], [ [ [ -3.6551, 43.4933 ], [ -3.6554, 43.4933 ], [ -3.6553, 43.4935 ], [ -3.6551, 43.4933 ] ] ], [ [ [ -3.6551, 43.4944 ], [ -3.6551, 43.4942 ], [ -3.6552, 43.4943 ], [ -3.6551, 43.4944 ] ] ], [ [ [ -3.6538, 43.4942 ], [ -3.654, 43.4941 ], [ -3.654, 43.4945 ], [ -3.6538, 43.4942 ] ] ], [ [ [ -3.5215, 43.496 ], [ -3.5212, 43.4957 ], [ -3.5217, 43.4952 ], [ -3.5215, 43.496 ] ] ], [ [ [ -3.5282, 43.497 ], [ -3.5267, 43.4962 ], [ -3.5276, 43.4952 ], [ -3.5282, 43.497 ] ] ], [ [ [ -3.525, 43.4964 ], [ -3.5252, 43.4969 ], [ -3.5248, 43.4969 ], [ -3.525, 43.4964 ] ] ], [ [ [ -3.631, 43.498 ], [ -3.6309, 43.498 ], [ -3.631, 43.4977 ], [ -3.631, 43.498 ] ] ], [ [ [ -3.5248, 43.4981 ], [ -3.5246, 43.4981 ], [ -3.5248, 43.4979 ], [ -3.5248, 43.4981 ] ] ], [ [ [ -3.574, 43.5076 ], [ -3.5737, 43.5077 ], [ -3.5739, 43.5075 ], [ -3.574, 43.5076 ] ] ], [ [ [ -3.2641, 43.2671 ], [ -3.2492, 43.2596 ], [ -3.252, 43.2461 ], [ -3.2708, 43.2301 ], [ -3.2656, 43.206 ], [ -3.2848, 43.1972 ], [ -3.2968, 43.206 ], [ -3.2927, 43.2409 ], [ -3.3057, 43.2533 ], [ -3.3045, 43.2583 ], [ -3.2641, 43.2671 ] ] ], [ [ [ -3.247, 43.3991 ], [ -3.2468, 43.399 ], [ -3.2469, 43.3989 ], [ -3.247, 43.3991 ] ] ], [ [ [ -3.2568, 43.4034 ], [ -3.2553, 43.4029 ], [ -3.256, 43.4029 ], [ -3.2568, 43.4034 ] ] ], [ [ [ -3.313, 43.4066 ], [ -3.3122, 43.406 ], [ -3.3136, 43.405 ], [ -3.313, 43.4066 ] ] ], [ [ [ -3.3154, 43.4067 ], [ -3.3151, 43.4066 ], [ -3.3152, 43.4062 ], [ -3.3154, 43.4067 ] ] ], [ [ [ -3.3147, 43.407 ], [ -3.3146, 43.4068 ], [ -3.3148, 43.4068 ], [ -3.3147, 43.407 ] ] ], [ [ [ -3.293, 43.4075 ], [ -3.293, 43.4073 ], [ -3.2933, 43.4074 ], [ -3.293, 43.4075 ] ] ], [ [ [ -3.4198, 43.4144 ], [ -3.4197, 43.414 ], [ -3.4198, 43.414 ], [ -3.4198, 43.4144 ] ] ], [ [ [ -3.3351, 43.4154 ], [ -3.3346, 43.4153 ], [ -3.3347, 43.4152 ], [ -3.3351, 43.4154 ] ] ], [ [ [ -3.4088, 43.4169 ], [ -3.4092, 43.4174 ], [ -3.4091, 43.4175 ], [ -3.4088, 43.4169 ] ] ], [ [ [ -3.4048, 43.4177 ], [ -3.4047, 43.4176 ], [ -3.4058, 43.4174 ], [ -3.4048, 43.4177 ] ] ], [ [ [ -3.4101, 43.4181 ], [ -3.4105, 43.4182 ], [ -3.4102, 43.4186 ], [ -3.4101, 43.4181 ] ] ], [ [ [ -3.4995, 43.476 ], [ -3.4999, 43.4762 ], [ -3.4998, 43.4763 ], [ -3.4995, 43.476 ] ] ], [ [ [ -3.5029, 43.4773 ], [ -3.5029, 43.4772 ], [ -3.5034, 43.4772 ], [ -3.5029, 43.4773 ] ] ], [ [ [ -3.5091, 43.478 ], [ -3.5094, 43.4782 ], [ -3.5092, 43.4784 ], [ -3.5091, 43.478 ] ] ], [ [ [ -3.5085, 43.4788 ], [ -3.5083, 43.4787 ], [ -3.5084, 43.4785 ], [ -3.5085, 43.4788 ] ] ] ] } },
{ "type": "Feature", "properties": { "prov": "Segovia", "ccaa": "Castilla y León" }, "geometry": { "type": "Polygon", "coordinates": [ [ [ -4.4755, 40.7982 ], [ -4.4938, 40.8335 ], [ -4.5464, 40.8255 ], [ -4.5547, 40.8335 ], [ -4.5589, 40.8396 ], [ -4.5536, 40.8493 ], [ -4.5316, 40.8586 ], [ -4.5353, 40.8724 ], [ -4.5596, 40.8858 ], [ -4.5524, 40.9075 ], [ -4.5593, 40.9132 ], [ -4.5584, 40.9401 ], [ -4.5678, 40.9454 ], [ -4.5664, 40.9562 ], [ -4.6067, 40.9708 ], [ -4.6172, 41.0037 ], [ -4.6383, 41.0313 ], [ -4.6801, 41.0509 ], [ -4.7054, 41.0542 ], [ -4.7165, 41.0716 ], [ -4.7071, 41.0888 ], [ -4.7179, 41.09 ], [ -4.71, 41.0993 ], [ -4.7247, 41.1234 ], [ -4.7167, 41.1326 ], [ -4.7213, 41.157 ], [ -4.6806, 41.1857 ], [ -4.6437, 41.1681 ], [ -4.6278, 41.1708 ], [ -4.6364, 41.1906 ], [ -4.6506, 41.2001 ], [ -4.6465, 41.2091 ], [ -4.6509, 41.2214 ], [ -4.6152, 41.2414 ], [ -4.5987, 41.2642 ], [ -4.5739, 41.2752 ], [ -4.5765, 41.2849 ], [ -4.602, 41.3027 ], [ -4.6051, 41.3131 ], [ -4.5968, 41.3206 ], [ -4.5595, 41.3022 ], [ -4.5286, 41.3211 ], [ -4.5054, 41.3113 ], [ -4.5001, 41.3009 ], [ -4.4715, 41.2916 ], [ -4.4678, 41.2959 ], [ -4.4706, 41.3185 ], [ -4.4939, 41.3264 ], [ -4.5045, 41.3472 ], [ -4.4967, 41.3496 ], [ -4.4959, 41.3639 ], [ -4.484, 41.3668 ], [ -4.5153, 41.3941 ], [ -4.515, 41.4097 ], [ -4.4682, 41.4131 ], [ -4.4106, 41.4416 ], [ -4.3768, 41.4417 ], [ -4.3649, 41.436 ], [ -4.3624, 41.4499 ], [ -4.3279, 41.4448 ], [ -4.3135, 41.4551 ], [ -4.2701, 41.4613 ], [ -4.2611, 41.4506 ], [ -4.2482, 41.4621 ], [ -4.2335, 41.4557 ], [ -4.1583, 41.4821 ], [ -4.1425, 41.4699 ], [ -4.1346, 41.4778 ], [ -4.058, 41.4973 ], [ -4.0274, 41.5178 ], [ -3.9999, 41.5161 ], [ -3.9939, 41.556 ], [ -3.9807, 41.5834 ], [ -3.9638, 41.5861 ], [ -3.953, 41.5734 ], [ -3.9208, 41.5664 ], [ -3.894, 41.5518 ], [ -3.8858, 41.5323 ], [ -3.8679, 41.5325 ], [ -3.8427, 41.501 ], [ -3.8342, 41.4996 ], [ -3.8239, 41.4811 ], [ -3.7876, 41.4859 ], [ -3.7982, 41.4919 ], [ -3.8038, 41.5246 ], [ -3.7962, 41.5225 ], [ -3.7662, 41.5379 ], [ -3.7715, 41.5223 ], [ -3.767, 41.5058 ], [ -3.7698, 41.4602 ], [ -3.7441, 41.4611 ], [ -3.7395, 41.4508 ], [ -3.7291, 41.4576 ], [ -3.7324, 41.4699 ], [ -3.7237, 41.4792 ], [ -3.7291, 41.4839 ], [ -3.7283, 41.5176 ], [ -3.6915, 41.5345 ], [ -3.6717, 41.5604 ], [ -3.6453, 41.5721 ], [ -3.6261, 41.57 ], [ -3.6168, 41.5772 ], [ -3.6088, 41.5661 ], [ -3.6007, 41.5705 ], [ -3.5726, 41.5654 ], [ -3.571, 41.5774 ], [ -3.553, 41.5807 ], [ -3.5416, 41.5776 ], [ -3.5383, 41.552 ], [ -3.5019, 41.5292 ], [ -3.4797, 41.5209 ], [ -3.4581, 41.5368 ], [ -3.4237, 41.5163 ], [ -3.424, 41.4827 ], [ -3.4133, 41.4761 ], [ -3.3811, 41.4648 ], [ -3.3651, 41.4678 ], [ -3.3483, 41.4565 ], [ -3.3304, 41.4607 ], [ -3.3399, 41.4511 ], [ -3.346, 41.429 ], [ -3.3417, 41.417 ], [ -3.3505, 41.3949 ], [ -3.3292, 41.3763 ], [ -3.2883, 41.3602 ], [ -3.2811, 41.3519 ], [ -3.2721, 41.3527 ], [ -3.2693, 41.3415 ], [ -3.2363, 41.3303 ], [ -3.2369, 41.3185 ], [ -3.2069, 41.3067 ], [ -3.2389, 41.2879 ], [ -3.2379, 41.2794 ], [ -3.2543, 41.2584 ], [ -3.2743, 41.2603 ], [ -3.2764, 41.2752 ], [ -3.2905, 41.2572 ], [ -3.3251, 41.2621 ], [ -3.3372, 41.2527 ], [ -3.3675, 41.2603 ], [ -3.4095, 41.2604 ], [ -3.4151, 41.2732 ], [ -3.4118, 41.2612 ], [ -3.3998, 41.2546 ], [ -3.3985, 41.242 ], [ -3.4064, 41.2339 ], [ -3.4015, 41.2136 ], [ -3.444, 41.215 ], [ -3.4665, 41.1834 ], [ -3.5003, 41.1786 ], [ -3.5171, 41.1629 ], [ -3.5827, 41.1614 ], [ -3.6137, 41.1491 ], [ -3.6328, 41.1363 ], [ -3.6335, 41.1263 ], [ -3.645, 41.1213 ], [ -3.6511, 41.1078 ], [ -3.6761, 41.0867 ], [ -3.6977, 41.0819 ], [ -3.7405, 41.0536 ], [ -3.7483, 41.0367 ], [ -3.7814, 41.0003 ], [ -3.8094, 40.9878 ], [ -3.8905, 40.969 ], [ -3.9124, 40.9492 ], [ -3.9218, 40.9299 ], [ -3.9379, 40.9272 ], [ -3.9371, 40.9157 ], [ -3.9523, 40.8936 ], [ -3.9424, 40.889 ], [ -3.9471, 40.863 ], [ -3.9655, 40.838 ], [ -3.9621, 40.8234 ], [ -3.98, 40.7994 ], [ -3.9797, 40.7846 ], [ -4.0036, 40.7887 ], [ -4.0324, 40.7816 ], [ -4.0701, 40.7939 ], [ -4.0963, 40.7653 ], [ -4.097, 40.7477 ], [ -4.1208, 40.7357 ], [ -4.1471, 40.694 ], [ -4.1602, 40.6898 ], [ -4.1833, 40.6981 ], [ -4.2529, 40.6895 ], [ -4.2742, 40.6771 ], [ -4.29, 40.6806 ], [ -4.3162, 40.6667 ], [ -4.3241, 40.658 ], [ -4.3195, 40.6477 ], [ -4.3281, 40.6473 ], [ -4.3326, 40.6371 ], [ -4.4196, 40.6334 ], [ -4.4221, 40.6753 ], [ -4.4347, 40.7062 ], [ -4.4269, 40.7296 ], [ -4.4311, 40.7424 ], [ -4.4545, 40.7545 ], [ -4.4738, 40.7747 ], [ -4.4727, 40.7828 ], [ -4.4816, 40.7884 ], [ -4.4755, 40.7982 ] ] ] } },
{ "type": "Feature", "properties": { "prov": "Sevilla", "ccaa": "Andalucía" }, "geometry": { "type": "Polygon", "coordinates": [ [ [ -5.8039, 36.9255 ], [ -5.8455, 36.9152 ], [ -5.8667, 36.8952 ], [ -5.8765, 36.8947 ], [ -5.8936, 36.8516 ], [ -5.8888, 36.8433 ], [ -5.9254, 36.8531 ], [ -5.9528, 36.8531 ], [ -5.9731, 36.8442 ], [ -6.1052, 36.8574 ], [ -6.1562, 36.8856 ], [ -6.231, 36.8981 ], [ -6.2538, 36.8939 ], [ -6.2753, 36.9109 ], [ -6.331, 36.8988 ], [ -6.3783, 36.9339 ], [ -6.3638, 36.9458 ], [ -6.3539, 36.9885 ], [ -6.3787, 37.0444 ], [ -6.3861, 37.0804 ], [ -6.3766, 37.0976 ], [ -6.3563, 37.1106 ], [ -6.3601, 37.1173 ], [ -6.3424, 37.123 ], [ -6.3597, 37.1384 ], [ -6.3361, 37.1696 ], [ -6.3506, 37.1806 ], [ -6.3534, 37.1989 ], [ -6.3452, 37.2183 ], [ -6.3598, 37.2381 ], [ -6.3512, 37.2496 ], [ -6.3497, 37.2652 ], [ -6.3371, 37.2747 ], [ -6.3428, 37.2811 ], [ -6.333, 37.2991 ], [ -6.344, 37.3131 ], [ -6.3846, 37.3375 ], [ -6.3459, 37.3656 ], [ -6.362, 37.3757 ], [ -6.3545, 37.3945 ], [ -6.3621, 37.4015 ], [ -6.3564, 37.412 ], [ -6.3125, 37.4186 ], [ -6.3058, 37.4358 ], [ -6.333, 37.4646 ], [ -6.3388, 37.4852 ], [ -6.3565, 37.4962 ], [ -6.3673, 37.5178 ], [ -6.3665, 37.5356 ], [ -6.3935, 37.5568 ], [ -6.4028, 37.5801 ], [ -6.3934, 37.5856 ], [ -6.4023, 37.5986 ], [ -6.3941, 37.604 ], [ -6.3956, 37.6112 ], [ -6.4433, 37.6234 ], [ -6.4829, 37.6209 ], [ -6.4849, 37.616 ], [ -6.515, 37.6253 ], [ -6.5286, 37.6158 ], [ -6.5385, 37.6267 ], [ -6.5297, 37.6361 ], [ -6.5367, 37.6408 ], [ -6.5332, 37.657 ], [ -6.5254, 37.6642 ], [ -6.5023, 37.6667 ], [ -6.5014, 37.6887 ], [ -6.4932, 37.6887 ], [ -6.4787, 37.7118 ], [ -6.4734, 37.7091 ], [ -6.4837, 37.72 ], [ -6.4757, 37.7249 ], [ -6.45, 37.7189 ], [ -6.39, 37.7477 ], [ -6.311, 37.7649 ], [ -6.2785, 37.7584 ], [ -6.2523, 37.7631 ], [ -6.2447, 37.7478 ], [ -6.2542, 37.7474 ], [ -6.2524, 37.7428 ], [ -6.2225, 37.7393 ], [ -6.2162, 37.7449 ], [ -6.2198, 37.7552 ], [ -6.2048, 37.766 ], [ -6.2155, 37.7915 ], [ -6.2024, 37.8055 ], [ -6.1847, 37.8097 ], [ -6.1674, 37.7928 ], [ -6.1524, 37.7949 ], [ -6.134, 37.7878 ], [ -6.1382, 37.7955 ], [ -6.1264, 37.7972 ], [ -6.1271, 37.8115 ], [ -6.1217, 37.8166 ], [ -6.1422, 37.8557 ], [ -6.159, 37.8541 ], [ -6.1643, 37.862 ], [ -6.1592, 37.8734 ], [ -6.1249, 37.9044 ], [ -6.1384, 37.9092 ], [ -6.1452, 37.9205 ], [ -6.1637, 37.918 ], [ -6.1668, 37.909 ], [ -6.175, 37.9151 ], [ -6.1841, 37.929 ], [ -6.1678, 37.9558 ], [ -6.1538, 37.9576 ], [ -6.149, 37.9663 ], [ -6.1165, 37.9814 ], [ -6.0779, 37.9846 ], [ -6.0517, 37.9968 ], [ -6.0307, 37.9976 ], [ -6.0171, 37.9911 ], [ -5.9935, 37.9995 ], [ -5.9537, 37.9953 ], [ -5.9328, 38.0308 ], [ -5.9342, 38.0469 ], [ -5.9193, 38.0498 ], [ -5.909, 38.0628 ], [ -5.9108, 38.0782 ], [ -5.9293, 38.0892 ], [ -5.9264, 38.105 ], [ -5.9125, 38.123 ], [ -5.8807, 38.1323 ], [ -5.8747, 38.1583 ], [ -5.8562, 38.1617 ], [ -5.8515, 38.1719 ], [ -5.8231, 38.1699 ], [ -5.8228, 38.1755 ], [ -5.8112, 38.1782 ], [ -5.8106, 38.1736 ], [ -5.8037, 38.1782 ], [ -5.7994, 38.1746 ], [ -5.7817, 38.1859 ], [ -5.7573, 38.1806 ], [ -5.7495, 38.19 ], [ -5.7282, 38.1974 ], [ -5.7135, 38.1859 ], [ -5.6947, 38.1865 ], [ -5.6979, 38.1797 ], [ -5.6886, 38.1819 ], [ -5.6841, 38.158 ], [ -5.695, 38.1711 ], [ -5.7058, 38.1694 ], [ -5.6953, 38.1497 ], [ -5.7154, 38.1338 ], [ -5.7388, 38.1328 ], [ -5.7349, 38.0863 ], [ -5.6936, 38.0837 ], [ -5.6325, 38.1386 ], [ -5.5848, 38.1317 ], [ -5.5817, 38.1155 ], [ -5.5573, 38.108 ], [ -5.5388, 38.0938 ], [ -5.5396, 38.0822 ], [ -5.4951, 38.0418 ], [ -5.489, 38.0289 ], [ -5.4932, 37.9958 ], [ -5.4689, 37.9707 ], [ -5.4523, 37.9672 ], [ -5.4156, 37.9437 ], [ -5.4243, 37.9272 ], [ -5.4165, 37.9284 ], [ -5.4221, 37.9184 ], [ -5.4137, 37.9014 ], [ -5.4221, 37.8889 ], [ -5.4147, 37.8695 ], [ -5.3818, 37.8516 ], [ -5.3505, 37.8434 ], [ -5.3393, 37.833 ], [ -5.3449, 37.8279 ], [ -5.35, 37.7947 ], [ -5.3305, 37.7854 ], [ -5.3294, 37.7783 ], [ -5.31, 37.7742 ], [ -5.3187, 37.7582 ], [ -5.3049, 37.7309 ], [ -5.311, 37.7086 ], [ -5.3071, 37.7002 ], [ -5.319, 37.7015 ], [ -5.3271, 37.6916 ], [ -5.3369, 37.7057 ], [ -5.3448, 37.7053 ], [ -5.3628, 37.6972 ], [ -5.3763, 37.6776 ], [ -5.3842, 37.6813 ], [ -5.3891, 37.6978 ], [ -5.408, 37.69 ], [ -5.4142, 37.6745 ], [ -5.4096, 37.66 ], [ -5.3972, 37.6624 ], [ -5.3936, 37.656 ], [ -5.414, 37.6453 ], [ -5.3815, 37.6109 ], [ -5.359, 37.6042 ], [ -5.3587, 37.5845 ], [ -5.345, 37.5863 ], [ -5.3233, 37.6142 ], [ -5.2738, 37.6255 ], [ -5.1768, 37.6806 ], [ -5.1501, 37.6609 ], [ -5.1358, 37.6686 ], [ -5.1079, 37.6626 ], [ -5.1135, 37.6887 ], [ -5.1297, 37.6987 ], [ -5.1086, 37.7007 ], [ -5.0936, 37.6756 ], [ -5.0979, 37.6703 ], [ -5.0699, 37.6593 ], [ -5.0908, 37.6773 ], [ -5.0862, 37.6982 ], [ -5.0472, 37.7183 ], [ -5.0011, 37.7079 ], [ -4.9841, 37.6781 ], [ -4.9544, 37.6525 ], [ -4.9585, 37.6217 ], [ -4.9748, 37.5989 ], [ -4.9662, 37.6105 ], [ -4.9411, 37.6207 ], [ -4.9317, 37.6166 ], [ -4.9349, 37.5998 ], [ -4.9303, 37.5898 ], [ -4.9352, 37.5867 ], [ -4.9302, 37.5758 ], [ -4.9377, 37.5718 ], [ -4.9315, 37.563 ], [ -4.936, 37.5506 ], [ -4.932, 37.5459 ], [ -4.9489, 37.5219 ], [ -4.9339, 37.5199 ], [ -4.935, 37.512 ], [ -4.9276, 37.5124 ], [ -4.9313, 37.506 ], [ -4.9246, 37.5004 ], [ -4.906, 37.4998 ], [ -4.9162, 37.4927 ], [ -4.9152, 37.4842 ], [ -4.9045, 37.4895 ], [ -4.9102, 37.4798 ], [ -4.9041, 37.4674 ], [ -4.8753, 37.4505 ], [ -4.8847, 37.438 ], [ -4.8406, 37.436 ], [ -4.838, 37.4221 ], [ -4.8498, 37.4107 ], [ -4.826, 37.3791 ], [ -4.8147, 37.3775 ], [ -4.8236, 37.3688 ], [ -4.8221, 37.3582 ], [ -4.7829, 37.3288 ], [ -4.7801, 37.3354 ], [ -4.7675, 37.3377 ], [ -4.7487, 37.3309 ], [ -4.7292, 37.3353 ], [ -4.7261, 37.3418 ], [ -4.733, 37.3428 ], [ -4.7226, 37.3464 ], [ -4.7249, 37.3534 ], [ -4.7187, 37.3585 ], [ -4.7035, 37.3453 ], [ -4.6867, 37.3411 ], [ -4.6857, 37.3303 ], [ -4.6793, 37.3366 ], [ -4.6712, 37.3345 ], [ -4.6796, 37.33 ], [ -4.6684, 37.3198 ], [ -4.6815, 37.3234 ], [ -4.6841, 37.3154 ], [ -4.6787, 37.3084 ], [ -4.659, 37.3051 ], [ -4.6658, 37.2993 ], [ -4.6606, 37.2944 ], [ -4.6752, 37.3018 ], [ -4.6761, 37.2909 ], [ -4.6811, 37.29 ], [ -4.6621, 37.2837 ], [ -4.654, 37.2719 ], [ -4.6534, 37.2558 ], [ -4.714, 37.2528 ], [ -4.7197, 37.2597 ], [ -4.73, 37.2535 ], [ -4.7357, 37.2448 ], [ -4.7179, 37.2399 ], [ -4.7323, 37.2261 ], [ -4.7272, 37.2111 ], [ -4.7113, 37.2069 ], [ -4.7086, 37.1977 ], [ -4.7798, 37.1667 ], [ -4.7854, 37.1561 ], [ -4.7912, 37.1601 ], [ -4.7953, 37.1541 ], [ -4.8012, 37.1601 ], [ -4.7989, 37.1721 ], [ -4.8222, 37.179 ], [ -4.8277, 37.1869 ], [ -4.8185, 37.1962 ], [ -4.8247, 37.2004 ], [ -4.8532, 37.1984 ], [ -4.8589, 37.1907 ], [ -4.8567, 37.1736 ], [ -4.8736, 37.1592 ], [ -4.8804, 37.1633 ], [ -4.8898, 37.1551 ], [ -4.9003, 37.1597 ], [ -4.8961, 37.1673 ], [ -4.9051, 37.1819 ], [ -4.9076, 37.1749 ], [ -4.9252, 37.1707 ], [ -4.9396, 37.1757 ], [ -4.9427, 37.1576 ], [ -4.9028, 37.1376 ], [ -4.9083, 37.1153 ], [ -4.9215, 37.1043 ], [ -4.9523, 37.0944 ], [ -4.9801, 37.0688 ], [ -5.0267, 37.0517 ], [ -5.0241, 37.046 ], [ -5.0336, 37.0489 ], [ -5.0531, 37.0306 ], [ -5.0833, 37.0315 ], [ -5.1122, 37.0191 ], [ -5.1228, 37.0277 ], [ -5.1626, 36.9814 ], [ -5.2067, 36.9623 ], [ -5.2259, 36.9418 ], [ -5.2372, 36.9432 ], [ -5.274, 36.9906 ], [ -5.3002, 37.0137 ], [ -5.3021, 37.0374 ], [ -5.3375, 37.0117 ], [ -5.3451, 36.9975 ], [ -5.3597, 36.9925 ], [ -5.3608, 36.9852 ], [ -5.3924, 36.9733 ], [ -5.4134, 36.954 ], [ -5.4137, 36.9398 ], [ -5.439, 36.9353 ], [ -5.4603, 36.9753 ], [ -5.4352, 36.9911 ], [ -5.4201, 37.0132 ], [ -5.4337, 37.0524 ], [ -5.4627, 37.0412 ], [ -5.511, 37.0336 ], [ -5.4953, 37.0115 ], [ -5.473, 36.9952 ], [ -5.4697, 36.9839 ], [ -5.4814, 36.9724 ], [ -5.4934, 36.9709 ], [ -5.5023, 36.9583 ], [ -5.5139, 36.9565 ], [ -5.5248, 36.9373 ], [ -5.5461, 36.9302 ], [ -5.5506, 36.9205 ], [ -5.5338, 36.8935 ], [ -5.5834, 36.9151 ], [ -5.5871, 36.947 ], [ -5.6063, 36.9508 ], [ -5.6102, 36.9414 ], [ -5.6181, 36.9402 ], [ -5.6261, 36.9544 ], [ -5.6497, 36.9543 ], [ -5.6676, 36.976 ], [ -5.6946, 36.9568 ], [ -5.6962, 36.9353 ], [ -5.7132, 36.9206 ], [ -5.8039, 36.9255 ] ], [ [ -5.0246, 37.5949 ], [ -5.0339, 37.6216 ], [ -5.0265, 37.6352 ], [ -5.0312, 37.6415 ], [ -5.0468, 37.6319 ], [ -5.0538, 37.6424 ], [ -5.0843, 37.6481 ], [ -5.085, 37.6438 ], [ -5.0404, 37.6262 ], [ -5.0479, 37.6081 ], [ -5.031, 37.6106 ], [ -5.0259, 37.5945 ], [ -5.0173, 37.5931 ], [ -5.0246, 37.5949 ] ] ] } },
{ "type": "Feature", "properties": { "prov": "Soria", "ccaa": "Castilla y León" }, "geometry": { "type": "Polygon", "coordinates": [ [ [ -2.9103, 41.3216 ], [ -2.9412, 41.3139 ], [ -2.9401, 41.306 ], [ -2.9501, 41.2926 ], [ -3.006, 41.2844 ], [ -3.0187, 41.2891 ], [ -3.062, 41.2733 ], [ -3.09, 41.2834 ], [ -3.1002, 41.2801 ], [ -3.1087, 41.2879 ], [ -3.2074, 41.3042 ], [ -3.2369, 41.3185 ], [ -3.2363, 41.3303 ], [ -3.2693, 41.3415 ], [ -3.2721, 41.3527 ], [ -3.2811, 41.3519 ], [ -3.2883, 41.3602 ], [ -3.3292, 41.3763 ], [ -3.3505, 41.3949 ], [ -3.3417, 41.417 ], [ -3.346, 41.429 ], [ -3.3399, 41.4511 ], [ -3.3304, 41.4607 ], [ -3.3483, 41.4565 ], [ -3.3651, 41.4678 ], [ -3.3811, 41.4648 ], [ -3.4133, 41.4761 ], [ -3.424, 41.4827 ], [ -3.4214, 41.5139 ], [ -3.4581, 41.5368 ], [ -3.4797, 41.5209 ], [ -3.5349, 41.5487 ], [ -3.5439, 41.5721 ], [ -3.5361, 41.5865 ], [ -3.5504, 41.5966 ], [ -3.5407, 41.5978 ], [ -3.5414, 41.6082 ], [ -3.5292, 41.6126 ], [ -3.51, 41.5972 ], [ -3.4754, 41.597 ], [ -3.4685, 41.589 ], [ -3.4597, 41.5893 ], [ -3.4354, 41.622 ], [ -3.4405, 41.6295 ], [ -3.4365, 41.6386 ], [ -3.4298, 41.6463 ], [ -3.4191, 41.6441 ], [ -3.4146, 41.6648 ], [ -3.3934, 41.6906 ], [ -3.3584, 41.6934 ], [ -3.3618, 41.7103 ], [ -3.3525, 41.7291 ], [ -3.3544, 41.7373 ], [ -3.3229, 41.7409 ], [ -3.3217, 41.7492 ], [ -3.3097, 41.751 ], [ -3.3072, 41.7602 ], [ -3.2871, 41.7601 ], [ -3.2755, 41.7687 ], [ -3.2859, 41.7882 ], [ -3.2754, 41.7943 ], [ -3.2754, 41.7999 ], [ -3.2866, 41.8029 ], [ -3.2811, 41.8229 ], [ -3.2887, 41.8286 ], [ -3.289, 41.8425 ], [ -3.279, 41.8679 ], [ -3.2896, 41.8764 ], [ -3.2838, 41.8838 ], [ -3.271, 41.8788 ], [ -3.2695, 41.8693 ], [ -3.2433, 41.864 ], [ -3.2468, 41.8563 ], [ -3.2344, 41.8406 ], [ -3.1945, 41.8289 ], [ -3.1982, 41.8172 ], [ -3.1886, 41.8017 ], [ -3.1714, 41.793 ], [ -3.1359, 41.812 ], [ -3.1123, 41.8511 ], [ -3.1008, 41.8567 ], [ -3.0973, 41.8808 ], [ -3.0877, 41.8763 ], [ -3.0636, 41.8834 ], [ -3.0586, 41.8913 ], [ -3.0168, 41.8869 ], [ -3.0165, 41.8984 ], [ -3.0077, 41.9088 ], [ -3.0111, 41.9153 ], [ -2.9994, 41.9318 ], [ -2.9708, 41.9293 ], [ -2.9601, 41.9501 ], [ -2.9676, 41.958 ], [ -2.9658, 41.966 ], [ -2.9317, 42.018 ], [ -2.9122, 42.0228 ], [ -2.8838, 42.0095 ], [ -2.8623, 42.0192 ], [ -2.8542, 42.0305 ], [ -2.8253, 42.0408 ], [ -2.8126, 42.0366 ], [ -2.798, 42.0468 ], [ -2.7949, 42.0635 ], [ -2.8033, 42.0805 ], [ -2.7901, 42.0942 ], [ -2.7916, 42.1088 ], [ -2.7707, 42.1249 ], [ -2.7512, 42.1178 ], [ -2.7455, 42.1243 ], [ -2.7291, 42.1231 ], [ -2.7059, 42.1036 ], [ -2.7084, 42.0863 ], [ -2.7576, 42.0326 ], [ -2.7462, 42.0087 ], [ -2.7051, 42.0151 ], [ -2.6736, 41.9981 ], [ -2.6598, 42.0054 ], [ -2.6266, 42.0065 ], [ -2.5799, 41.9963 ], [ -2.5513, 42.0389 ], [ -2.5491, 42.0515 ], [ -2.5325, 42.0552 ], [ -2.5149, 42.0689 ], [ -2.5227, 42.0829 ], [ -2.5147, 42.1145 ], [ -2.4844, 42.1063 ], [ -2.4586, 42.1153 ], [ -2.4405, 42.1368 ], [ -2.3321, 42.146 ], [ -2.2822, 42.1317 ], [ -2.2817, 42.1084 ], [ -2.2696, 42.0886 ], [ -2.2589, 42.0873 ], [ -2.2378, 42.1022 ], [ -2.2241, 42.0982 ], [ -2.2089, 42.1047 ], [ -2.1481, 42.1044 ], [ -2.1273, 42.0972 ], [ -2.1272, 42.0805 ], [ -2.1619, 42.0667 ], [ -2.1548, 42.047 ], [ -2.117, 42.0215 ], [ -2.1076, 42.0028 ], [ -2.1241, 41.9953 ], [ -2.11, 41.9579 ], [ -2.0466, 41.9509 ], [ -2.0364, 41.9394 ], [ -2.0283, 41.9534 ], [ -2.0013, 41.9385 ], [ -1.9841, 41.9201 ], [ -1.9703, 41.9191 ], [ -1.9549, 41.9274 ], [ -1.9152, 41.9323 ], [ -1.9067, 41.9456 ], [ -1.8776, 41.9524 ], [ -1.8559, 41.9663 ], [ -1.8573, 41.9095 ], [ -1.8388, 41.889 ], [ -1.8351, 41.8665 ], [ -1.8226, 41.8654 ], [ -1.8175, 41.8531 ], [ -1.8187, 41.8291 ], [ -1.8444, 41.8055 ], [ -1.8521, 41.7883 ], [ -1.826, 41.7786 ], [ -1.8211, 41.7661 ], [ -1.8029, 41.7514 ], [ -1.809, 41.7363 ], [ -1.7882, 41.7338 ], [ -1.7754, 41.7248 ], [ -1.7856, 41.7172 ], [ -1.7873, 41.6991 ], [ -1.7998, 41.6979 ], [ -1.8126, 41.6861 ], [ -1.8062, 41.6643 ], [ -1.859, 41.6615 ], [ -1.874, 41.638 ], [ -1.8788, 41.641 ], [ -1.8979, 41.6324 ], [ -1.9231, 41.5983 ], [ -1.9845, 41.6071 ], [ -1.9932, 41.6005 ], [ -1.9935, 41.5769 ], [ -1.9672, 41.5455 ], [ -1.9785, 41.5267 ], [ -1.975, 41.5161 ], [ -1.9811, 41.4864 ], [ -1.9533, 41.4625 ], [ -1.9487, 41.4296 ], [ -1.9539, 41.4241 ], [ -1.9372, 41.4201 ], [ -1.9379, 41.4075 ], [ -1.9819, 41.4023 ], [ -2.0097, 41.3858 ], [ -2.0293, 41.3842 ], [ -2.0424, 41.3886 ], [ -2.0438, 41.397 ], [ -2.035, 41.4041 ], [ -2.036, 41.4264 ], [ -2.0473, 41.434 ], [ -2.1015, 41.4458 ], [ -2.1168, 41.4249 ], [ -2.1207, 41.39 ], [ -2.116, 41.382 ], [ -2.1492, 41.3561 ], [ -2.1631, 41.3553 ], [ -2.1571, 41.334 ], [ -2.1693, 41.3222 ], [ -2.1737, 41.2881 ], [ -2.1635, 41.2832 ], [ -2.1564, 41.2586 ], [ -2.1462, 41.1844 ], [ -2.0799, 41.171 ], [ -2.0773, 41.1631 ], [ -2.0517, 41.1468 ], [ -2.051, 41.1254 ], [ -2.0625, 41.1133 ], [ -2.0657, 41.0959 ], [ -2.0489, 41.0778 ], [ -2.0567, 41.0696 ], [ -2.0717, 41.0725 ], [ -2.0815, 41.0864 ], [ -2.1094, 41.0976 ], [ -2.1319, 41.1181 ], [ -2.1434, 41.1026 ], [ -2.1673, 41.0954 ], [ -2.1753, 41.0838 ], [ -2.2321, 41.097 ], [ -2.2635, 41.0675 ], [ -2.284, 41.0651 ], [ -2.2936, 41.0713 ], [ -2.3234, 41.0565 ], [ -2.3553, 41.0865 ], [ -2.4189, 41.0577 ], [ -2.4297, 41.0723 ], [ -2.4695, 41.0781 ], [ -2.4823, 41.1163 ], [ -2.5089, 41.1189 ], [ -2.5174, 41.1479 ], [ -2.5365, 41.1625 ], [ -2.5425, 41.1507 ], [ -2.5756, 41.1395 ], [ -2.5953, 41.1503 ], [ -2.5775, 41.1787 ], [ -2.6026, 41.1887 ], [ -2.6193, 41.1833 ], [ -2.6221, 41.188 ], [ -2.62, 41.1954 ], [ -2.6031, 41.194 ], [ -2.5937, 41.2002 ], [ -2.5895, 41.2245 ], [ -2.617, 41.2194 ], [ -2.6239, 41.2237 ], [ -2.6292, 41.2152 ], [ -2.6362, 41.2238 ], [ -2.6347, 41.2319 ], [ -2.646, 41.2402 ], [ -2.6703, 41.2372 ], [ -2.7095, 41.252 ], [ -2.7168, 41.2757 ], [ -2.7609, 41.274 ], [ -2.7763, 41.2581 ], [ -2.7755, 41.2501 ], [ -2.8222, 41.2566 ], [ -2.8669, 41.2745 ], [ -2.8641, 41.2874 ], [ -2.873, 41.2985 ], [ -2.869, 41.3171 ], [ -2.9067, 41.3276 ], [ -2.9103, 41.3216 ] ] ] } },
{ "type": "Feature", "properties": { "prov": "Tarragona", "ccaa": "Cataluña/Catalunya" }, "geometry": { "type": "MultiPolygon", "coordinates": [ [ [ [ 0.615, 40.5773 ], [ 0.6157, 40.5766 ], [ 0.6147, 40.5767 ], [ 0.615, 40.5773 ] ] ], [ [ [ 0.5927, 40.6136 ], [ 0.5478, 40.5742 ], [ 0.5563, 40.5715 ], [ 0.538, 40.5673 ], [ 0.5146, 40.523 ], [ 0.4484, 40.5416 ], [ 0.4366, 40.5488 ], [ 0.4336, 40.5657 ], [ 0.4432, 40.5787 ], [ 0.4212, 40.585 ], [ 0.403, 40.6022 ], [ 0.3368, 40.6088 ], [ 0.2788, 40.63 ], [ 0.2657, 40.6447 ], [ 0.2677, 40.6581 ], [ 0.292, 40.6882 ], [ 0.262, 40.706 ], [ 0.2361, 40.7016 ], [ 0.2274, 40.7149 ], [ 0.2264, 40.7331 ], [ 0.1973, 40.7241 ], [ 0.191, 40.7311 ], [ 0.1703, 40.7327 ], [ 0.1638, 40.7403 ], [ 0.1591, 40.7504 ], [ 0.1747, 40.7412 ], [ 0.1755, 40.7549 ], [ 0.19, 40.7505 ], [ 0.2121, 40.7676 ], [ 0.2299, 40.7674 ], [ 0.2336, 40.787 ], [ 0.2796, 40.8208 ], [ 0.2555, 40.8455 ], [ 0.2509, 40.8558 ], [ 0.2555, 40.874 ], [ 0.2386, 40.8845 ], [ 0.2503, 40.8955 ], [ 0.2538, 40.9197 ], [ 0.2743, 40.9366 ], [ 0.2714, 40.9442 ], [ 0.2935, 40.9706 ], [ 0.2815, 40.974 ], [ 0.2811, 40.9872 ], [ 0.2685, 40.9983 ], [ 0.2742, 41.0071 ], [ 0.2586, 41.0146 ], [ 0.2791, 41.0211 ], [ 0.2579, 41.029 ], [ 0.2452, 41.0417 ], [ 0.2418, 41.0343 ], [ 0.2321, 41.035 ], [ 0.2329, 41.0472 ], [ 0.2185, 41.0428 ], [ 0.2303, 41.0569 ], [ 0.2189, 41.0612 ], [ 0.2219, 41.0732 ], [ 0.2153, 41.078 ], [ 0.2199, 41.083 ], [ 0.2007, 41.0848 ], [ 0.2004, 41.1022 ], [ 0.2093, 41.1169 ], [ 0.2018, 41.1276 ], [ 0.2186, 41.1307 ], [ 0.2141, 41.1369 ], [ 0.2498, 41.1296 ], [ 0.2563, 41.1436 ], [ 0.253, 41.1502 ], [ 0.273, 41.1488 ], [ 0.3033, 41.1644 ], [ 0.3051, 41.1849 ], [ 0.3211, 41.224 ], [ 0.3322, 41.223 ], [ 0.3403, 41.2311 ], [ 0.3609, 41.2255 ], [ 0.3646, 41.2387 ], [ 0.3813, 41.2364 ], [ 0.3735, 41.2487 ], [ 0.3857, 41.2785 ], [ 0.4325, 41.2759 ], [ 0.4346, 41.3203 ], [ 0.4616, 41.3351 ], [ 0.4802, 41.3234 ], [ 0.5031, 41.2898 ], [ 0.5262, 41.2902 ], [ 0.5435, 41.3108 ], [ 0.5455, 41.3227 ], [ 0.5545, 41.3266 ], [ 0.5809, 41.3199 ], [ 0.5971, 41.2934 ], [ 0.6282, 41.2909 ], [ 0.6697, 41.3099 ], [ 0.7498, 41.3173 ], [ 0.7626, 41.3346 ], [ 0.8153, 41.3269 ], [ 0.8257, 41.3401 ], [ 0.8291, 41.3573 ], [ 0.8401, 41.3618 ], [ 0.8633, 41.3381 ], [ 0.9115, 41.3494 ], [ 0.9452, 41.3498 ], [ 0.9644, 41.3553 ], [ 0.9621, 41.3675 ], [ 0.9726, 41.3733 ], [ 0.982, 41.3917 ], [ 0.992, 41.389 ], [ 1.0025, 41.4042 ], [ 1.0277, 41.4093 ], [ 1.0464, 41.4407 ], [ 1.0749, 41.4584 ], [ 1.0375, 41.48 ], [ 1.0485, 41.4875 ], [ 1.0395, 41.5014 ], [ 1.0855, 41.4783 ], [ 1.1046, 41.4753 ], [ 1.1117, 41.4673 ], [ 1.1798, 41.4884 ], [ 1.1636, 41.5132 ], [ 1.1739, 41.5313 ], [ 1.1694, 41.531 ], [ 1.1639, 41.5345 ], [ 1.1762, 41.5338 ], [ 1.168, 41.5403 ], [ 1.2108, 41.5487 ], [ 1.2197, 41.5697 ], [ 1.2709, 41.5721 ], [ 1.294, 41.5664 ], [ 1.3042, 41.5715 ], [ 1.3717, 41.5653 ], [ 1.3856, 41.5559 ], [ 1.4032, 41.5579 ], [ 1.3925, 41.5752 ], [ 1.4106, 41.5755 ], [ 1.4161, 41.5826 ], [ 1.4545, 41.5692 ], [ 1.431, 41.5557 ], [ 1.4345, 41.5502 ], [ 1.4467, 41.5524 ], [ 1.4486, 41.5371 ], [ 1.4087, 41.5349 ], [ 1.3995, 41.5285 ], [ 1.3957, 41.5129 ], [ 1.446, 41.4948 ], [ 1.452, 41.4864 ], [ 1.4739, 41.4863 ], [ 1.4746, 41.4783 ], [ 1.4858, 41.4719 ], [ 1.4829, 41.4576 ], [ 1.4686, 41.4437 ], [ 1.4761, 41.4355 ], [ 1.496, 41.4357 ], [ 1.4758, 41.4292 ], [ 1.4902, 41.4017 ], [ 1.4819, 41.398 ], [ 1.4732, 41.3803 ], [ 1.5099, 41.3943 ], [ 1.537, 41.3853 ], [ 1.5512, 41.3684 ], [ 1.5675, 41.3695 ], [ 1.5706, 41.3615 ], [ 1.5782, 41.3624 ], [ 1.5782, 41.3534 ], [ 1.5591, 41.3433 ], [ 1.5663, 41.3392 ], [ 1.575, 41.315 ], [ 1.5964, 41.3085 ], [ 1.5883, 41.2936 ], [ 1.6118, 41.2852 ], [ 1.6166, 41.2933 ], [ 1.6367, 41.2961 ], [ 1.6274, 41.2941 ], [ 1.6301, 41.2829 ], [ 1.6199, 41.2771 ], [ 1.6275, 41.2697 ], [ 1.6199, 41.2535 ], [ 1.6061, 41.2499 ], [ 1.5944, 41.259 ], [ 1.5701, 41.2607 ], [ 1.5831, 41.2361 ], [ 1.6026, 41.2348 ], [ 1.624, 41.2229 ], [ 1.641, 41.2354 ], [ 1.6532, 41.2074 ], [ 1.6412, 41.2117 ], [ 1.6448, 41.1934 ], [ 1.6132, 41.1901 ], [ 1.6076, 41.1836 ], [ 1.6083, 41.1851 ], [ 1.6073, 41.1891 ], [ 1.6066, 41.1845 ], [ 1.5912, 41.1884 ], [ 1.5008, 41.1747 ], [ 1.4363, 41.1537 ], [ 1.4015, 41.1326 ], [ 1.4044, 41.1362 ], [ 1.344, 41.1249 ], [ 1.2979, 41.1278 ], [ 1.2555, 41.1117 ], [ 1.2465, 41.1006 ], [ 1.2135, 41.0786 ], [ 1.2491, 41.1086 ], [ 1.23, 41.1009 ], [ 1.2259, 41.1053 ], [ 1.2227, 41.0961 ], [ 1.2223, 41.1058 ], [ 1.2126, 41.0991 ], [ 1.2163, 41.0903 ], [ 1.2048, 41.0957 ], [ 1.2142, 41.0871 ], [ 1.1968, 41.0925 ], [ 1.2078, 41.0821 ], [ 1.1968, 41.091 ], [ 1.1907, 41.0868 ], [ 1.1961, 41.0827 ], [ 1.1868, 41.0814 ], [ 1.1793, 41.0696 ], [ 1.1832, 41.0669 ], [ 1.1703, 41.0546 ], [ 1.1606, 41.0558 ], [ 1.1582, 41.0638 ], [ 1.1439, 41.0719 ], [ 1.1249, 41.0748 ], [ 1.0837, 41.0616 ], [ 1.0513, 41.0643 ], [ 0.984, 41.0393 ], [ 0.9427, 41.008 ], [ 0.9309, 40.9883 ], [ 0.9153, 40.9872 ], [ 0.8754, 40.952 ], [ 0.862, 40.9469 ], [ 0.8508, 40.9263 ], [ 0.8336, 40.916 ], [ 0.7921, 40.8665 ], [ 0.7493, 40.8438 ], [ 0.7413, 40.8233 ], [ 0.7, 40.8034 ], [ 0.7089, 40.786 ], [ 0.7293, 40.7698 ], [ 0.7625, 40.7618 ], [ 0.7821, 40.7687 ], [ 0.7664, 40.7792 ], [ 0.7252, 40.7878 ], [ 0.7355, 40.793 ], [ 0.7677, 40.7918 ], [ 0.8289, 40.7336 ], [ 0.8437, 40.7308 ], [ 0.8584, 40.7375 ], [ 0.8736, 40.7302 ], [ 0.8754, 40.7169 ], [ 0.8643, 40.6925 ], [ 0.8412, 40.6767 ], [ 0.7563, 40.6399 ], [ 0.6972, 40.5765 ], [ 0.6622, 40.5572 ], [ 0.6187, 40.5521 ], [ 0.6015, 40.5611 ], [ 0.5924, 40.5776 ], [ 0.6114, 40.5781 ], [ 0.6184, 40.572 ], [ 0.6179, 40.5858 ], [ 0.6327, 40.5821 ], [ 0.6341, 40.5764 ], [ 0.6489, 40.5729 ], [ 0.6529, 40.5758 ], [ 0.6496, 40.581 ], [ 0.657, 40.5783 ], [ 0.6543, 40.5856 ], [ 0.6603, 40.5915 ], [ 0.7087, 40.5911 ], [ 0.7452, 40.6361 ], [ 0.6927, 40.6398 ], [ 0.6647, 40.6263 ], [ 0.6047, 40.6232 ], [ 0.6004, 40.6216 ], [ 0.6003, 40.6208 ], [ 0.6013, 40.6208 ], [ 0.6018, 40.622 ], [ 0.6038, 40.6226 ], [ 0.605, 40.6228 ], [ 0.6079, 40.6229 ], [ 0.6085, 40.6165 ], [ 0.6035, 40.6155 ], [ 0.6066, 40.6228 ], [ 0.6036, 40.6192 ], [ 0.5981, 40.6199 ], [ 0.6025, 40.617 ], [ 0.6025, 40.6163 ], [ 0.5991, 40.6139 ], [ 0.5985, 40.6191 ], [ 0.5932, 40.6163 ], [ 0.6045, 40.6091 ], [ 0.5927, 40.6136 ] ] ], [ [ [ 0.6344, 40.5777 ], [ 0.6358, 40.5812 ], [ 0.6358, 40.5777 ], [ 0.6344, 40.5777 ] ] ], [ [ [ 0.6339, 40.5818 ], [ 0.6331, 40.581 ], [ 0.633, 40.5816 ], [ 0.6339, 40.5818 ] ] ], [ [ [ 0.6478, 40.5741 ], [ 0.6482, 40.575 ], [ 0.6488, 40.5744 ], [ 0.6478, 40.5741 ] ] ], [ [ [ 0.6446, 40.575 ], [ 0.6456, 40.5753 ], [ 0.6465, 40.574 ], [ 0.6446, 40.575 ] ] ], [ [ [ 0.6464, 40.5751 ], [ 0.6467, 40.5743 ], [ 0.6461, 40.5753 ], [ 0.6464, 40.5751 ] ] ], [ [ [ 0.6476, 40.5759 ], [ 0.649, 40.5757 ], [ 0.649, 40.5749 ], [ 0.6476, 40.5759 ] ] ], [ [ [ 0.6429, 40.5751 ], [ 0.6413, 40.5766 ], [ 0.6416, 40.5772 ], [ 0.6429, 40.5751 ] ] ], [ [ [ 0.6474, 40.5756 ], [ 0.644, 40.5766 ], [ 0.646, 40.5769 ], [ 0.6474, 40.5756 ] ] ], [ [ [ 0.6491, 40.5763 ], [ 0.6501, 40.5768 ], [ 0.6502, 40.5759 ], [ 0.6491, 40.5763 ] ] ], [ [ [ 0.64, 40.577 ], [ 0.6398, 40.5774 ], [ 0.6402, 40.577 ], [ 0.64, 40.577 ] ] ], [ [ [ 0.6438, 40.5761 ], [ 0.6419, 40.5784 ], [ 0.6419, 40.5786 ], [ 0.6434, 40.5771 ], [ 0.6438, 40.5761 ] ] ], [ [ [ 0.6455, 40.5786 ], [ 0.6466, 40.5788 ], [ 0.6469, 40.5782 ], [ 0.6455, 40.5786 ] ] ], [ [ [ 0.6429, 40.5794 ], [ 0.6441, 40.5787 ], [ 0.6442, 40.5781 ], [ 0.6429, 40.5794 ] ] ], [ [ [ 0.6482, 40.5792 ], [ 0.6493, 40.58 ], [ 0.6489, 40.5785 ], [ 0.6482, 40.5792 ] ] ], [ [ [ 0.6385, 40.5798 ], [ 0.638, 40.5794 ], [ 0.638, 40.5801 ], [ 0.6385, 40.5798 ] ] ], [ [ [ 0.6423, 40.5806 ], [ 0.6433, 40.5799 ], [ 0.6432, 40.5797 ], [ 0.6423, 40.5806 ] ] ], [ [ [ 0.6448, 40.581 ], [ 0.6447, 40.5807 ], [ 0.6446, 40.5812 ], [ 0.6448, 40.581 ] ] ], [ [ [ 0.6414, 40.5817 ], [ 0.642, 40.5812 ], [ 0.641, 40.5819 ], [ 0.6414, 40.5817 ] ] ], [ [ [ 0.6369, 40.582 ], [ 0.6367, 40.5816 ], [ 0.6366, 40.5821 ], [ 0.6369, 40.582 ] ] ], [ [ [ 0.6381, 40.5817 ], [ 0.6392, 40.5817 ], [ 0.6388, 40.5812 ], [ 0.6381, 40.5817 ] ] ], [ [ [ 0.6352, 40.5825 ], [ 0.6358, 40.5816 ], [ 0.6344, 40.5826 ], [ 0.6352, 40.5825 ] ] ], [ [ [ 0.6421, 40.5828 ], [ 0.6422, 40.5816 ], [ 0.6415, 40.5828 ], [ 0.6421, 40.5828 ] ] ], [ [ [ 0.6453, 40.5822 ], [ 0.6464, 40.5826 ], [ 0.6463, 40.5824 ], [ 0.6453, 40.5822 ] ] ], [ [ [ 0.65, 40.5829 ], [ 0.6493, 40.5834 ], [ 0.65, 40.5831 ], [ 0.65, 40.5829 ] ] ], [ [ [ 0.6427, 40.5836 ], [ 0.6438, 40.5833 ], [ 0.6434, 40.5828 ], [ 0.6427, 40.5836 ] ] ], [ [ [ 0.6557, 40.5813 ], [ 0.6525, 40.5842 ], [ 0.649, 40.5848 ], [ 0.6536, 40.5848 ], [ 0.6557, 40.5813 ] ] ], [ [ [ 0.645, 40.5843 ], [ 0.6443, 40.5838 ], [ 0.6441, 40.584 ], [ 0.645, 40.5843 ] ] ], [ [ [ 0.648, 40.5833 ], [ 0.6461, 40.5847 ], [ 0.6482, 40.5847 ], [ 0.648, 40.5833 ] ] ], [ [ [ 0.7075, 40.6355 ], [ 0.7076, 40.6352 ], [ 0.7073, 40.6353 ], [ 0.7075, 40.6355 ] ] ], [ [ [ 1.6422, 41.3127 ], [ 1.6376, 41.3098 ], [ 1.6293, 41.3105 ], [ 1.6338, 41.3133 ], [ 1.6422, 41.3127 ] ] ] ] } },
{ "type": "Feature", "properties": { "prov": "Teruel", "ccaa": "Aragón" }, "geometry": { "type": "Polygon", "coordinates": [ [ [ -1.4466, 40.144 ], [ -1.4392, 40.197 ], [ -1.4744, 40.185 ], [ -1.5109, 40.2037 ], [ -1.5405, 40.1908 ], [ -1.6903, 40.3097 ], [ -1.7015, 40.3059 ], [ -1.7106, 40.2921 ], [ -1.7099, 40.2808 ], [ -1.7143, 40.2768 ], [ -1.7182, 40.2777 ], [ -1.7294, 40.301 ], [ -1.7095, 40.3145 ], [ -1.7562, 40.3404 ], [ -1.7767, 40.3713 ], [ -1.8057, 40.3978 ], [ -1.8006, 40.4142 ], [ -1.7934, 40.4179 ], [ -1.7854, 40.4132 ], [ -1.7486, 40.4629 ], [ -1.6925, 40.4868 ], [ -1.7016, 40.5411 ], [ -1.6896, 40.5665 ], [ -1.6933, 40.5776 ], [ -1.6781, 40.591 ], [ -1.6665, 40.582 ], [ -1.6342, 40.5798 ], [ -1.5987, 40.5621 ], [ -1.5455, 40.5952 ], [ -1.5649, 40.6147 ], [ -1.539, 40.6581 ], [ -1.5403, 40.6813 ], [ -1.5356, 40.687 ], [ -1.5533, 40.7059 ], [ -1.562, 40.7398 ], [ -1.5399, 40.7607 ], [ -1.5423, 40.8112 ], [ -1.5593, 40.8308 ], [ -1.5705, 40.8301 ], [ -1.5888, 40.845 ], [ -1.6214, 40.8804 ], [ -1.626, 40.8987 ], [ -1.6079, 40.9276 ], [ -1.6174, 40.9437 ], [ -1.5899, 40.9362 ], [ -1.5836, 40.9418 ], [ -1.5616, 40.9386 ], [ -1.5152, 40.9546 ], [ -1.5053, 40.9641 ], [ -1.473, 40.9488 ], [ -1.4714, 40.958 ], [ -1.4469, 40.9765 ], [ -1.4466, 40.9846 ], [ -1.4593, 41.0068 ], [ -1.4764, 41.0149 ], [ -1.4175, 41.0298 ], [ -1.4112, 41.0351 ], [ -1.4168, 41.0438 ], [ -1.4048, 41.0506 ], [ -1.41, 41.0579 ], [ -1.4052, 41.0663 ], [ -1.3781, 41.0731 ], [ -1.3558, 41.0885 ], [ -1.3524, 41.0817 ], [ -1.3601, 41.0716 ], [ -1.3542, 41.0575 ], [ -1.2874, 41.0489 ], [ -1.2815, 41.0559 ], [ -1.2709, 41.0548 ], [ -1.2533, 41.0773 ], [ -1.2714, 41.1033 ], [ -1.2544, 41.1229 ], [ -1.21, 41.1388 ], [ -1.1934, 41.1274 ], [ -1.174, 41.1237 ], [ -1.1216, 41.1349 ], [ -1.1131, 41.1428 ], [ -1.1171, 41.1555 ], [ -1.105, 41.1677 ], [ -1.0681, 41.1552 ], [ -1.0393, 41.1347 ], [ -1.0009, 41.134 ], [ -0.9724, 41.1535 ], [ -1.0006, 41.1148 ], [ -0.9986, 41.0952 ], [ -0.9529, 41.0754 ], [ -0.9125, 41.093 ], [ -0.9153, 41.1052 ], [ -0.8905, 41.1256 ], [ -0.8915, 41.1451 ], [ -0.8833, 41.1488 ], [ -0.8837, 41.1301 ], [ -0.8599, 41.108 ], [ -0.8285, 41.0964 ], [ -0.7928, 41.1056 ], [ -0.7834, 41.1182 ], [ -0.7809, 41.147 ], [ -0.765, 41.1586 ], [ -0.7614, 41.1697 ], [ -0.7277, 41.1439 ], [ -0.7122, 41.1217 ], [ -0.694, 41.1123 ], [ -0.6759, 41.1254 ], [ -0.6408, 41.171 ], [ -0.6099, 41.1917 ], [ -0.6692, 41.2368 ], [ -0.6428, 41.2384 ], [ -0.6255, 41.2482 ], [ -0.6297, 41.3118 ], [ -0.6053, 41.3233 ], [ -0.5998, 41.3189 ], [ -0.5485, 41.2677 ], [ -0.5316, 41.2278 ], [ -0.5097, 41.2383 ], [ -0.5082, 41.2558 ], [ -0.5272, 41.2882 ], [ -0.5448, 41.3006 ], [ -0.5661, 41.3035 ], [ -0.5773, 41.3139 ], [ -0.5818, 41.3481 ], [ -0.5589, 41.3543 ], [ -0.5507, 41.3455 ], [ -0.5026, 41.3544 ], [ -0.4799, 41.3459 ], [ -0.4702, 41.3182 ], [ -0.4215, 41.3123 ], [ -0.4275, 41.292 ], [ -0.4059, 41.2724 ], [ -0.3689, 41.2609 ], [ -0.3468, 41.2459 ], [ -0.3481, 41.2413 ], [ -0.3248, 41.2453 ], [ -0.3249, 41.2539 ], [ -0.3161, 41.2569 ], [ -0.2714, 41.2163 ], [ -0.2464, 41.2119 ], [ -0.2242, 41.1895 ], [ -0.181, 41.1881 ], [ -0.1224, 41.1566 ], [ -0.1035, 41.1496 ], [ -0.0797, 41.151 ], [ -0.0159, 41.1227 ], [ -0.0007, 41.0904 ], [ 0.0369, 41.0466 ], [ 0.0518, 41.0548 ], [ 0.0575, 41.0751 ], [ 0.0786, 41.0803 ], [ 0.1183, 41.0768 ], [ 0.1459, 41.063 ], [ 0.168, 41.0709 ], [ 0.2187, 41.0721 ], [ 0.2195, 41.0602 ], [ 0.2307, 41.0548 ], [ 0.2175, 41.0475 ], [ 0.2198, 41.0416 ], [ 0.2329, 41.0472 ], [ 0.2321, 41.035 ], [ 0.2418, 41.0343 ], [ 0.246, 41.0414 ], [ 0.2579, 41.029 ], [ 0.2797, 41.0203 ], [ 0.2586, 41.0146 ], [ 0.2742, 41.0071 ], [ 0.2685, 40.9983 ], [ 0.2811, 40.9872 ], [ 0.2815, 40.974 ], [ 0.2934, 40.97 ], [ 0.2717, 40.9447 ], [ 0.2743, 40.9366 ], [ 0.2538, 40.9197 ], [ 0.2503, 40.8955 ], [ 0.2386, 40.8845 ], [ 0.2555, 40.874 ], [ 0.2509, 40.8558 ], [ 0.2555, 40.8455 ], [ 0.2796, 40.8208 ], [ 0.2336, 40.787 ], [ 0.2299, 40.7674 ], [ 0.2121, 40.7676 ], [ 0.19, 40.7505 ], [ 0.1755, 40.7549 ], [ 0.1747, 40.7412 ], [ 0.1591, 40.7504 ], [ 0.1707, 40.734 ], [ 0.1646, 40.7238 ], [ 0.1414, 40.7182 ], [ 0.115, 40.7277 ], [ 0.0725, 40.714 ], [ 0.0422, 40.691 ], [ 0.0258, 40.6958 ], [ 0.0286, 40.7142 ], [ 0.0162, 40.728 ], [ -0.0179, 40.731 ], [ -0.0314, 40.7224 ], [ -0.0647, 40.7274 ], [ -0.1268, 40.7533 ], [ -0.1438, 40.7687 ], [ -0.1445, 40.7854 ], [ -0.165, 40.7886 ], [ -0.1972, 40.7845 ], [ -0.2128, 40.7583 ], [ -0.224, 40.7542 ], [ -0.2391, 40.7193 ], [ -0.2336, 40.7086 ], [ -0.236, 40.6911 ], [ -0.2936, 40.674 ], [ -0.307, 40.6595 ], [ -0.3288, 40.6803 ], [ -0.3562, 40.6777 ], [ -0.3803, 40.6652 ], [ -0.3708, 40.6508 ], [ -0.3797, 40.6235 ], [ -0.3705, 40.6136 ], [ -0.3603, 40.6155 ], [ -0.3224, 40.6028 ], [ -0.3116, 40.6115 ], [ -0.2933, 40.611 ], [ -0.2943, 40.584 ], [ -0.2999, 40.5773 ], [ -0.2903, 40.5441 ], [ -0.3022, 40.5149 ], [ -0.2984, 40.5056 ], [ -0.2879, 40.5096 ], [ -0.2811, 40.505 ], [ -0.2751, 40.4945 ], [ -0.2801, 40.4836 ], [ -0.2725, 40.4735 ], [ -0.3339, 40.4577 ], [ -0.347, 40.4433 ], [ -0.2855, 40.3863 ], [ -0.2811, 40.3651 ], [ -0.3053, 40.3623 ], [ -0.3404, 40.3393 ], [ -0.3431, 40.3254 ], [ -0.3499, 40.3277 ], [ -0.3528, 40.3134 ], [ -0.3631, 40.3167 ], [ -0.3689, 40.3118 ], [ -0.3661, 40.3052 ], [ -0.3887, 40.307 ], [ -0.3897, 40.2999 ], [ -0.4004, 40.295 ], [ -0.3828, 40.2779 ], [ -0.3837, 40.2642 ], [ -0.4281, 40.2438 ], [ -0.4638, 40.2339 ], [ -0.47, 40.2401 ], [ -0.4945, 40.2287 ], [ -0.5259, 40.2373 ], [ -0.5442, 40.2517 ], [ -0.5575, 40.2008 ], [ -0.5723, 40.1812 ], [ -0.5693, 40.1592 ], [ -0.5796, 40.1473 ], [ -0.5786, 40.1373 ], [ -0.6074, 40.128 ], [ -0.6285, 40.1026 ], [ -0.6135, 40.0696 ], [ -0.6234, 40.069 ], [ -0.6273, 40.0757 ], [ -0.6814, 40.0451 ], [ -0.7477, 40.0378 ], [ -0.7537, 40.0466 ], [ -0.762, 40.0414 ], [ -0.7673, 40.01 ], [ -0.7776, 39.9984 ], [ -0.8378, 39.9768 ], [ -0.8415, 39.969 ], [ -0.8357, 39.96 ], [ -0.8463, 39.9477 ], [ -0.8369, 39.9341 ], [ -0.8404, 39.925 ], [ -0.83, 39.9068 ], [ -0.805, 39.8924 ], [ -0.7977, 39.8811 ], [ -0.8287, 39.8711 ], [ -0.8636, 39.8474 ], [ -0.8886, 39.8521 ], [ -0.9126, 39.8724 ], [ -0.9002, 39.8918 ], [ -0.9096, 39.8986 ], [ -0.9138, 39.918 ], [ -0.9027, 39.9318 ], [ -0.9205, 39.9644 ], [ -0.9319, 39.9561 ], [ -0.9894, 39.9818 ], [ -1.0257, 39.9746 ], [ -1.0728, 39.9795 ], [ -1.0859, 39.9763 ], [ -1.0921, 39.9678 ], [ -1.105, 39.975 ], [ -1.1235, 39.9663 ], [ -1.1217, 39.9609 ], [ -1.131, 39.9707 ], [ -1.1425, 39.9719 ], [ -1.1474, 39.9886 ], [ -1.1633, 39.9998 ], [ -1.1652, 40.0101 ], [ -1.1341, 40.0158 ], [ -1.0842, 40.0362 ], [ -1.0718, 40.0511 ], [ -1.0721, 40.0605 ], [ -1.1106, 40.0925 ], [ -1.1335, 40.0975 ], [ -1.1498, 40.1148 ], [ -1.1957, 40.11 ], [ -1.2442, 40.1155 ], [ -1.2506, 40.123 ], [ -1.2444, 40.1459 ], [ -1.2522, 40.1433 ], [ -1.2845, 40.1712 ], [ -1.2968, 40.199 ], [ -1.2933, 40.2066 ], [ -1.2964, 40.2101 ], [ -1.2982, 40.2117 ], [ -1.315, 40.2014 ], [ -1.323, 40.1849 ], [ -1.3166, 40.1497 ], [ -1.3557, 40.1291 ], [ -1.3639, 40.1318 ], [ -1.3637, 40.1386 ], [ -1.3936, 40.1344 ], [ -1.4466, 40.144 ] ] ] } },
{ "type": "Feature", "properties": { "prov": "Toledo", "ccaa": "Castilla-La Mancha" }, "geometry": { "type": "Polygon", "coordinates": [ [ [ -4.7429, 39.4875 ], [ -4.7625, 39.514 ], [ -4.811, 39.5298 ], [ -4.8631, 39.5561 ], [ -4.903, 39.5037 ], [ -4.9407, 39.3951 ], [ -4.9497, 39.3931 ], [ -5.0091, 39.4351 ], [ -5.0524, 39.4839 ], [ -5.086, 39.4917 ], [ -5.1235, 39.5216 ], [ -5.146, 39.5495 ], [ -5.2021, 39.592 ], [ -5.2052, 39.5999 ], [ -5.1822, 39.6183 ], [ -5.1618, 39.6424 ], [ -5.1624, 39.6553 ], [ -5.1505, 39.6628 ], [ -5.1564, 39.6739 ], [ -5.1522, 39.6948 ], [ -5.1378, 39.715 ], [ -5.174, 39.7513 ], [ -5.1585, 39.7597 ], [ -5.1669, 39.7999 ], [ -5.2065, 39.7976 ], [ -5.2548, 39.7523 ], [ -5.3081, 39.76 ], [ -5.3162, 39.7721 ], [ -5.3126, 39.8243 ], [ -5.2835, 39.8572 ], [ -5.284, 39.8639 ], [ -5.3236, 39.8917 ], [ -5.3686, 39.8886 ], [ -5.4061, 39.8777 ], [ -5.3948, 39.9184 ], [ -5.3651, 39.9829 ], [ -5.3624, 40.0128 ], [ -5.3739, 40.0593 ], [ -5.3651, 40.1046 ], [ -5.3375, 40.1159 ], [ -5.3158, 40.107 ], [ -5.2668, 40.1116 ], [ -5.2167, 40.1079 ], [ -5.2101, 40.1051 ], [ -5.2122, 40.0919 ], [ -5.2031, 40.0827 ], [ -5.1841, 40.0892 ], [ -5.1713, 40.0854 ], [ -5.1548, 40.0932 ], [ -5.1411, 40.0921 ], [ -5.1015, 40.1271 ], [ -5.0887, 40.124 ], [ -5.0859, 40.1351 ], [ -5.0775, 40.1364 ], [ -5.0671, 40.1509 ], [ -5.0169, 40.1591 ], [ -5.0063, 40.1263 ], [ -5.0117, 40.111 ], [ -4.955, 40.1214 ], [ -4.9574, 40.1329 ], [ -4.9253, 40.1363 ], [ -4.9178, 40.154 ], [ -4.9248, 40.1701 ], [ -4.8772, 40.1915 ], [ -4.8641, 40.2047 ], [ -4.8389, 40.21 ], [ -4.8208, 40.2227 ], [ -4.8213, 40.2301 ], [ -4.8073, 40.2347 ], [ -4.8181, 40.2548 ], [ -4.8099, 40.2588 ], [ -4.8035, 40.2753 ], [ -4.7616, 40.2609 ], [ -4.7426, 40.2753 ], [ -4.7286, 40.2705 ], [ -4.7125, 40.2762 ], [ -4.7137, 40.2808 ], [ -4.6981, 40.2822 ], [ -4.694, 40.266 ], [ -4.7027, 40.2606 ], [ -4.6872, 40.2496 ], [ -4.6935, 40.2411 ], [ -4.6868, 40.2358 ], [ -4.6872, 40.2115 ], [ -4.6824, 40.2075 ], [ -4.6399, 40.197 ], [ -4.6167, 40.2 ], [ -4.5791, 40.2172 ], [ -4.5727, 40.2127 ], [ -4.5749, 40.2066 ], [ -4.5354, 40.1993 ], [ -4.5197, 40.2024 ], [ -4.5098, 40.2192 ], [ -4.4374, 40.2367 ], [ -4.4352, 40.2591 ], [ -4.4272, 40.2576 ], [ -4.3973, 40.2846 ], [ -4.3835, 40.289 ], [ -4.3872, 40.3012 ], [ -4.3801, 40.3183 ], [ -4.3564, 40.3086 ], [ -4.3584, 40.2767 ], [ -4.3454, 40.2538 ], [ -4.3485, 40.2367 ], [ -4.3338, 40.2384 ], [ -4.3215, 40.2263 ], [ -4.308, 40.2339 ], [ -4.3066, 40.222 ], [ -4.2952, 40.2189 ], [ -4.2698, 40.2359 ], [ -4.2492, 40.2727 ], [ -4.2315, 40.2767 ], [ -4.2263, 40.2699 ], [ -4.2032, 40.2688 ], [ -4.2038, 40.2873 ], [ -4.1909, 40.2974 ], [ -4.1725, 40.2881 ], [ -4.1645, 40.2706 ], [ -4.144, 40.2646 ], [ -4.1507, 40.2492 ], [ -4.1458, 40.2452 ], [ -4.1315, 40.249 ], [ -4.1043, 40.2418 ], [ -4.0805, 40.2669 ], [ -4.0729, 40.2655 ], [ -4.0521, 40.2515 ], [ -4.024, 40.2489 ], [ -4.0262, 40.2356 ], [ -3.991, 40.2095 ], [ -3.9529, 40.2128 ], [ -3.9563, 40.1991 ], [ -3.95, 40.1891 ], [ -3.941, 40.2017 ], [ -3.9311, 40.204 ], [ -3.9117, 40.1901 ], [ -3.8763, 40.1912 ], [ -3.8536, 40.1799 ], [ -3.8517, 40.1684 ], [ -3.8342, 40.1614 ], [ -3.818, 40.1711 ], [ -3.8104, 40.169 ], [ -3.8046, 40.1768 ], [ -3.7832, 40.1616 ], [ -3.7705, 40.1394 ], [ -3.7444, 40.1322 ], [ -3.7222, 40.1477 ], [ -3.6837, 40.1323 ], [ -3.6673, 40.1433 ], [ -3.6563, 40.1253 ], [ -3.6076, 40.109 ], [ -3.6163, 40.0949 ], [ -3.6037, 40.0928 ], [ -3.6104, 40.0819 ], [ -3.629, 40.0783 ], [ -3.6166, 40.0688 ], [ -3.6242, 40.0606 ], [ -3.6219, 40.0549 ], [ -3.6397, 40.05 ], [ -3.6361, 40.0416 ], [ -3.6473, 40.0416 ], [ -3.6507, 40.0317 ], [ -3.6662, 40.0352 ], [ -3.6795, 40.0161 ], [ -3.6868, 40.0217 ], [ -3.6999, 40.0195 ], [ -3.7224, 40.0004 ], [ -3.7201, 39.9844 ], [ -3.7273, 39.9892 ], [ -3.7349, 39.9851 ], [ -3.7341, 39.9755 ], [ -3.7466, 39.9807 ], [ -3.738, 39.9687 ], [ -3.7237, 39.9706 ], [ -3.7279, 39.9645 ], [ -3.7423, 39.9615 ], [ -3.7589, 39.9689 ], [ -3.7511, 39.9566 ], [ -3.7545, 39.9504 ], [ -3.7707, 39.9506 ], [ -3.758, 39.9583 ], [ -3.7636, 39.9675 ], [ -3.7863, 39.9547 ], [ -3.7833, 39.9448 ], [ -3.7994, 39.9457 ], [ -3.8095, 39.954 ], [ -3.8244, 39.9473 ], [ -3.832, 39.9316 ], [ -3.84, 39.942 ], [ -3.8752, 39.9287 ], [ -3.8674, 39.917 ], [ -3.8754, 39.9107 ], [ -3.8689, 39.9052 ], [ -3.8345, 39.8999 ], [ -3.8149, 39.8857 ], [ -3.8044, 39.8847 ], [ -3.7788, 39.9109 ], [ -3.7566, 39.9211 ], [ -3.7439, 39.9408 ], [ -3.7111, 39.9547 ], [ -3.6976, 39.9467 ], [ -3.6616, 39.9658 ], [ -3.6345, 39.9659 ], [ -3.6305, 39.9686 ], [ -3.638, 39.9884 ], [ -3.5953, 40.0011 ], [ -3.59, 40.0132 ], [ -3.5197, 40.0211 ], [ -3.5173, 40.0401 ], [ -3.5069, 40.0487 ], [ -3.4906, 40.0476 ], [ -3.4877, 40.0412 ], [ -3.4726, 40.046 ], [ -3.4701, 40.0407 ], [ -3.4483, 40.0498 ], [ -3.446, 40.0372 ], [ -3.4304, 40.0384 ], [ -3.4244, 40.0469 ], [ -3.4011, 40.0342 ], [ -3.393, 40.0365 ], [ -3.3915, 40.0484 ], [ -3.3758, 40.0513 ], [ -3.3777, 40.0748 ], [ -3.3344, 40.0811 ], [ -3.3118, 40.0683 ], [ -3.3025, 40.0533 ], [ -3.2752, 40.0473 ], [ -3.2737, 40.0547 ], [ -3.2648, 40.0571 ], [ -3.2577, 40.0504 ], [ -3.2543, 40.058 ], [ -3.2456, 40.0595 ], [ -3.2436, 40.0534 ], [ -3.201, 40.0605 ], [ -3.2075, 40.0638 ], [ -3.1764, 40.0868 ], [ -3.1796, 40.0914 ], [ -3.1664, 40.0911 ], [ -3.1614, 40.0618 ], [ -3.1702, 40.0481 ], [ -3.1426, 39.985 ], [ -3.0962, 39.987 ], [ -3.0971, 39.9335 ], [ -3.1069, 39.9164 ], [ -3.1069, 39.9031 ], [ -3.1272, 39.8747 ], [ -3.0963, 39.8691 ], [ -3.0763, 39.8557 ], [ -3.0597, 39.8375 ], [ -3.0405, 39.7876 ], [ -3.0156, 39.7649 ], [ -2.9977, 39.7189 ], [ -2.9767, 39.7028 ], [ -2.9699, 39.6897 ], [ -2.9544, 39.6867 ], [ -2.9193, 39.6463 ], [ -2.9082, 39.6423 ], [ -2.918, 39.6228 ], [ -2.9137, 39.6136 ], [ -2.925, 39.6012 ], [ -2.9206, 39.5591 ], [ -2.9364, 39.5112 ], [ -2.9316, 39.4708 ], [ -2.9555, 39.4549 ], [ -2.957, 39.4472 ], [ -2.978, 39.4447 ], [ -2.995, 39.4513 ], [ -3.0006, 39.4487 ], [ -2.9994, 39.4416 ], [ -3.0149, 39.4451 ], [ -3.0227, 39.4571 ], [ -3.0699, 39.4501 ], [ -3.0959, 39.4732 ], [ -3.1433, 39.4956 ], [ -3.1841, 39.4882 ], [ -3.1852, 39.475 ], [ -3.2943, 39.4708 ], [ -3.3163, 39.434 ], [ -3.3087, 39.3988 ], [ -3.345, 39.4082 ], [ -3.4103, 39.4046 ], [ -3.4705, 39.3721 ], [ -3.4769, 39.3431 ], [ -3.525, 39.315 ], [ -3.5326, 39.3042 ], [ -3.5668, 39.2991 ], [ -3.5862, 39.3074 ], [ -3.6802, 39.2983 ], [ -3.6881, 39.2849 ], [ -3.7225, 39.2696 ], [ -3.7603, 39.2917 ], [ -3.7912, 39.2929 ], [ -3.8122, 39.2867 ], [ -3.8415, 39.2597 ], [ -3.8543, 39.2584 ], [ -3.876, 39.2621 ], [ -3.9024, 39.2803 ], [ -3.9669, 39.2986 ], [ -3.9587, 39.3096 ], [ -3.9663, 39.3164 ], [ -3.9722, 39.3522 ], [ -4.0025, 39.3516 ], [ -4.069, 39.3661 ], [ -4.104, 39.3417 ], [ -4.1203, 39.3624 ], [ -4.1482, 39.3627 ], [ -4.1348, 39.4003 ], [ -4.1266, 39.4081 ], [ -4.1174, 39.457 ], [ -4.104, 39.4591 ], [ -4.0803, 39.4511 ], [ -4.0681, 39.4571 ], [ -4.0588, 39.4722 ], [ -4.0677, 39.4857 ], [ -4.0682, 39.5025 ], [ -4.0601, 39.5214 ], [ -4.0301, 39.522 ], [ -4.0418, 39.5754 ], [ -4.1243, 39.5636 ], [ -4.1587, 39.5768 ], [ -4.1932, 39.4954 ], [ -4.2421, 39.4779 ], [ -4.3207, 39.4834 ], [ -4.3772, 39.496 ], [ -4.4217, 39.5072 ], [ -4.4419, 39.5231 ], [ -4.4531, 39.5173 ], [ -4.4616, 39.4785 ], [ -4.4833, 39.4884 ], [ -4.4999, 39.5177 ], [ -4.5112, 39.5221 ], [ -4.5017, 39.5351 ], [ -4.4822, 39.5388 ], [ -4.525, 39.5616 ], [ -4.5315, 39.5551 ], [ -4.5311, 39.5316 ], [ -4.5427, 39.544 ], [ -4.5614, 39.5331 ], [ -4.5546, 39.5108 ], [ -4.5679, 39.4973 ], [ -4.5903, 39.4997 ], [ -4.6184, 39.4847 ], [ -4.614, 39.4853 ], [ -4.6116, 39.4601 ], [ -4.6181, 39.4544 ], [ -4.6903, 39.4518 ], [ -4.7554, 39.4157 ], [ -4.7537, 39.4254 ], [ -4.7669, 39.424 ], [ -4.7681, 39.4299 ], [ -4.7405, 39.4562 ], [ -4.75, 39.4683 ], [ -4.7429, 39.4875 ] ] ] } },
{ "type": "Feature", "properties": { "prov": "València/Valencia", "ccaa": "Comunitat Valenciana" }, "geometry": { "type": "MultiPolygon", "coordinates": [ [ [ [ -0.7837, 38.7484 ], [ -0.8066, 38.7353 ], [ -0.8346, 38.7324 ], [ -0.8358, 38.7412 ], [ -0.862, 38.7712 ], [ -0.9137, 38.7697 ], [ -0.9153, 38.7814 ], [ -0.9291, 38.7837 ], [ -0.934, 38.7936 ], [ -0.9331, 38.8109 ], [ -0.9245, 38.8238 ], [ -0.9352, 38.8556 ], [ -0.9243, 38.8916 ], [ -0.9516, 38.9114 ], [ -0.9594, 38.9443 ], [ -0.9744, 38.9422 ], [ -1.0005, 38.9496 ], [ -1.0127, 38.9394 ], [ -1.0369, 38.9342 ], [ -1.1472, 38.9291 ], [ -1.1609, 38.9548 ], [ -1.2265, 39.0247 ], [ -1.2639, 39.0451 ], [ -1.2657, 39.0755 ], [ -1.2558, 39.084 ], [ -1.2557, 39.1062 ], [ -1.2405, 39.1137 ], [ -1.227, 39.1517 ], [ -1.1971, 39.1767 ], [ -1.1808, 39.2118 ], [ -1.1748, 39.2793 ], [ -1.1619, 39.3056 ], [ -1.1647, 39.3102 ], [ -1.1966, 39.314 ], [ -1.2076, 39.3266 ], [ -1.2231, 39.3159 ], [ -1.2443, 39.3215 ], [ -1.2472, 39.3287 ], [ -1.2508, 39.3227 ], [ -1.275, 39.3338 ], [ -1.282, 39.3282 ], [ -1.2915, 39.3342 ], [ -1.2976, 39.3303 ], [ -1.2988, 39.3369 ], [ -1.3121, 39.3429 ], [ -1.3335, 39.3405 ], [ -1.3302, 39.3362 ], [ -1.3363, 39.3338 ], [ -1.3541, 39.341 ], [ -1.3659, 39.3551 ], [ -1.3843, 39.3537 ], [ -1.3842, 39.3666 ], [ -1.4077, 39.3663 ], [ -1.3958, 39.3746 ], [ -1.4084, 39.3722 ], [ -1.4134, 39.3806 ], [ -1.425, 39.3806 ], [ -1.4245, 39.3639 ], [ -1.431, 39.3648 ], [ -1.428, 39.3752 ], [ -1.4322, 39.3774 ], [ -1.4438, 39.3621 ], [ -1.4542, 39.3611 ], [ -1.4483, 39.3785 ], [ -1.4675, 39.3826 ], [ -1.4627, 39.3871 ], [ -1.4525, 39.3836 ], [ -1.4577, 39.3885 ], [ -1.453, 39.3894 ], [ -1.454, 39.4003 ], [ -1.4735, 39.3914 ], [ -1.4752, 39.3982 ], [ -1.4662, 39.4015 ], [ -1.47, 39.4078 ], [ -1.4834, 39.4009 ], [ -1.4894, 39.4038 ], [ -1.4834, 39.4226 ], [ -1.4988, 39.4151 ], [ -1.5055, 39.4187 ], [ -1.4969, 39.4291 ], [ -1.5215, 39.4324 ], [ -1.5154, 39.4387 ], [ -1.5245, 39.4431 ], [ -1.5182, 39.448 ], [ -1.5287, 39.4552 ], [ -1.5131, 39.458 ], [ -1.5133, 39.4709 ], [ -1.5028, 39.4793 ], [ -1.5117, 39.482 ], [ -1.5048, 39.4875 ], [ -1.5124, 39.4959 ], [ -1.5036, 39.4912 ], [ -1.4989, 39.502 ], [ -1.5071, 39.5079 ], [ -1.5012, 39.5152 ], [ -1.5069, 39.521 ], [ -1.5026, 39.5466 ], [ -1.5208, 39.5504 ], [ -1.5034, 39.5519 ], [ -1.5044, 39.5639 ], [ -1.4621, 39.5766 ], [ -1.4179, 39.6549 ], [ -1.3685, 39.6896 ], [ -1.3128, 39.6705 ], [ -1.2766, 39.681 ], [ -1.262, 39.6989 ], [ -1.2714, 39.7135 ], [ -1.2754, 39.7386 ], [ -1.215, 39.8088 ], [ -1.2109, 39.8382 ], [ -1.2, 39.8587 ], [ -1.1958, 39.9141 ], [ -1.2091, 39.9283 ], [ -1.2083, 39.9439 ], [ -1.1425, 39.9719 ], [ -1.131, 39.9707 ], [ -1.1217, 39.9609 ], [ -1.1235, 39.9663 ], [ -1.105, 39.975 ], [ -1.0921, 39.9678 ], [ -1.0859, 39.9763 ], [ -1.0728, 39.9795 ], [ -1.0257, 39.9746 ], [ -0.9894, 39.9818 ], [ -0.9319, 39.9561 ], [ -0.9205, 39.9644 ], [ -0.9027, 39.9318 ], [ -0.9138, 39.918 ], [ -0.9096, 39.8986 ], [ -0.9002, 39.8918 ], [ -0.9126, 39.8742 ], [ -0.9078, 39.8657 ], [ -0.8886, 39.8521 ], [ -0.8674, 39.8468 ], [ -0.8281, 39.8714 ], [ -0.7938, 39.8814 ], [ -0.7736, 39.8698 ], [ -0.7452, 39.832 ], [ -0.7367, 39.8291 ], [ -0.7364, 39.8201 ], [ -0.7229, 39.8132 ], [ -0.7125, 39.8167 ], [ -0.707, 39.8351 ], [ -0.6911, 39.8525 ], [ -0.6562, 39.836 ], [ -0.645, 39.792 ], [ -0.6524, 39.7541 ], [ -0.6308, 39.7463 ], [ -0.5881, 39.7417 ], [ -0.577, 39.7732 ], [ -0.5484, 39.7957 ], [ -0.5309, 39.7962 ], [ -0.5138, 39.7791 ], [ -0.4983, 39.7476 ], [ -0.4562, 39.7147 ], [ -0.4455, 39.7177 ], [ -0.4391, 39.7369 ], [ -0.4096, 39.7452 ], [ -0.3961, 39.7586 ], [ -0.3856, 39.773 ], [ -0.3918, 39.7799 ], [ -0.3894, 39.7892 ], [ -0.3781, 39.8004 ], [ -0.3259, 39.8013 ], [ -0.3086, 39.797 ], [ -0.2765, 39.7705 ], [ -0.272, 39.751 ], [ -0.2642, 39.7455 ], [ -0.1885, 39.7219 ], [ -0.2079, 39.6631 ], [ -0.2056, 39.6425 ], [ -0.2158, 39.6552 ], [ -0.2194, 39.6504 ], [ -0.2123, 39.6428 ], [ -0.2206, 39.6455 ], [ -0.2242, 39.64 ], [ -0.2113, 39.6379 ], [ -0.2156, 39.6292 ], [ -0.2307, 39.6388 ], [ -0.2553, 39.6202 ], [ -0.2772, 39.5679 ], [ -0.3077, 39.5357 ], [ -0.3177, 39.51 ], [ -0.3216, 39.5123 ], [ -0.3229, 39.5105 ], [ -0.3223, 39.5088 ], [ -0.3211, 39.5106 ], [ -0.3209, 39.5106 ], [ -0.3184, 39.5102 ], [ -0.3216, 39.4693 ], [ -0.3105, 39.4611 ], [ -0.3166, 39.4625 ], [ -0.3314, 39.4598 ], [ -0.3151, 39.4572 ], [ -0.3078, 39.4628 ], [ -0.2857, 39.455 ], [ -0.2915, 39.4441 ], [ -0.2863, 39.455 ], [ -0.3094, 39.4575 ], [ -0.302, 39.4448 ], [ -0.2952, 39.4512 ], [ -0.3029, 39.4336 ], [ -0.305, 39.4445 ], [ -0.3088, 39.4451 ], [ -0.3104, 39.4421 ], [ -0.3127, 39.4419 ], [ -0.3082, 39.4502 ], [ -0.3145, 39.4462 ], [ -0.3236, 39.4583 ], [ -0.3263, 39.4521 ], [ -0.3206, 39.4499 ], [ -0.3251, 39.4463 ], [ -0.3162, 39.4429 ], [ -0.3303, 39.4352 ], [ -0.3149, 39.4302 ], [ -0.3135, 39.4354 ], [ -0.3092, 39.4297 ], [ -0.3127, 39.4232 ], [ -0.3174, 39.4206 ], [ -0.3325, 39.4318 ], [ -0.3235, 39.4238 ], [ -0.3357, 39.4271 ], [ -0.3299, 39.4225 ], [ -0.3319, 39.4096 ], [ -0.312, 39.3503 ], [ -0.2726, 39.2787 ], [ -0.2732, 39.2787 ], [ -0.2163, 39.1863 ], [ -0.22, 39.1801 ], [ -0.2383, 39.1767 ], [ -0.2395, 39.1543 ], [ -0.2334, 39.1513 ], [ -0.2395, 39.1469 ], [ -0.1997, 39.0582 ], [ -0.1563, 38.9984 ], [ -0.1443, 38.9953 ], [ -0.1563, 38.9981 ], [ -0.1611, 38.9924 ], [ -0.1467, 38.9944 ], [ -0.1521, 38.9907 ], [ -0.1469, 38.9833 ], [ -0.1071, 38.9421 ], [ -0.0378, 38.887 ], [ -0.0248, 38.8726 ], [ -0.0271, 38.862 ], [ -0.0422, 38.8565 ], [ -0.0706, 38.8857 ], [ -0.0898, 38.8792 ], [ -0.0921, 38.8715 ], [ -0.1021, 38.875 ], [ -0.1481, 38.8584 ], [ -0.1551, 38.8605 ], [ -0.1608, 38.8874 ], [ -0.1887, 38.8734 ], [ -0.1976, 38.8663 ], [ -0.1963, 38.8594 ], [ -0.2305, 38.8535 ], [ -0.2421, 38.8606 ], [ -0.2734, 38.864 ], [ -0.2993, 38.8817 ], [ -0.3108, 38.8815 ], [ -0.3237, 38.8635 ], [ -0.3483, 38.8616 ], [ -0.3558, 38.8492 ], [ -0.3814, 38.8349 ], [ -0.4034, 38.8397 ], [ -0.4041, 38.8331 ], [ -0.4606, 38.8149 ], [ -0.462, 38.8073 ], [ -0.5353, 38.8104 ], [ -0.5952, 38.7951 ], [ -0.5843, 38.7684 ], [ -0.5656, 38.7554 ], [ -0.5296, 38.7671 ], [ -0.5209, 38.7567 ], [ -0.5075, 38.7553 ], [ -0.5071, 38.743 ], [ -0.5349, 38.733 ], [ -0.5512, 38.7171 ], [ -0.5842, 38.7086 ], [ -0.6181, 38.6867 ], [ -0.6287, 38.6866 ], [ -0.6425, 38.7041 ], [ -0.644, 38.7281 ], [ -0.6776, 38.7291 ], [ -0.6888, 38.7413 ], [ -0.7072, 38.7338 ], [ -0.7172, 38.7506 ], [ -0.7378, 38.7569 ], [ -0.7837, 38.7484 ] ] ], [ [ [ -1.255, 39.9958 ], [ -1.2864, 40.0082 ], [ -1.3358, 40.0167 ], [ -1.3643, 40.0122 ], [ -1.3769, 40.0165 ], [ -1.3831, 40.039 ], [ -1.4203, 40.0935 ], [ -1.4076, 40.1014 ], [ -1.4428, 40.118 ], [ -1.4572, 40.1351 ], [ -1.4489, 40.1453 ], [ -1.3936, 40.1344 ], [ -1.3637, 40.1386 ], [ -1.3623, 40.1301 ], [ -1.3546, 40.1295 ], [ -1.3166, 40.1497 ], [ -1.323, 40.1849 ], [ -1.315, 40.2014 ], [ -1.2982, 40.2117 ], [ -1.2845, 40.1712 ], [ -1.2522, 40.1433 ], [ -1.2485, 40.1477 ], [ -1.2444, 40.1459 ], [ -1.2506, 40.123 ], [ -1.2442, 40.1155 ], [ -1.1957, 40.11 ], [ -1.1498, 40.1148 ], [ -1.1335, 40.0975 ], [ -1.1106, 40.0925 ], [ -1.0721, 40.0605 ], [ -1.0718, 40.0511 ], [ -1.0842, 40.0362 ], [ -1.1341, 40.0158 ], [ -1.1736, 40.0107 ], [ -1.1918, 40.0015 ], [ -1.255, 39.9958 ] ] ], [ [ [ -0.2307, 39.1601 ], [ -0.2302, 39.1598 ], [ -0.2303, 39.1598 ], [ -0.2307, 39.1601 ] ] ] ] } },
{ "type": "Feature", "properties": { "prov": "Valladolid", "ccaa": "Castilla y León" }, "geometry": { "type": "MultiPolygon", "coordinates": [ [ [ [ -5.1001, 41.1471 ], [ -5.1285, 41.1324 ], [ -5.1362, 41.144 ], [ -5.1797, 41.1673 ], [ -5.1913, 41.1621 ], [ -5.2079, 41.1668 ], [ -5.2182, 41.1596 ], [ -5.2296, 41.1905 ], [ -5.253, 41.1998 ], [ -5.2885, 41.1956 ], [ -5.2887, 41.182 ], [ -5.3017, 41.1854 ], [ -5.327, 41.1776 ], [ -5.3403, 41.1941 ], [ -5.3154, 41.2119 ], [ -5.3076, 41.2248 ], [ -5.2937, 41.2263 ], [ -5.298, 41.226 ], [ -5.295, 41.2406 ], [ -5.3022, 41.2593 ], [ -5.2917, 41.2692 ], [ -5.2966, 41.2707 ], [ -5.3035, 41.316 ], [ -5.3221, 41.3263 ], [ -5.3346, 41.3706 ], [ -5.3318, 41.3839 ], [ -5.3075, 41.4141 ], [ -5.3392, 41.4256 ], [ -5.3272, 41.4472 ], [ -5.3322, 41.4502 ], [ -5.3248, 41.4553 ], [ -5.3375, 41.4613 ], [ -5.3447, 41.4793 ], [ -5.3325, 41.4757 ], [ -5.2962, 41.5012 ], [ -5.2619, 41.5037 ], [ -5.2417, 41.5198 ], [ -5.2338, 41.5177 ], [ -5.2289, 41.5284 ], [ -5.2478, 41.5468 ], [ -5.2727, 41.5502 ], [ -5.2726, 41.5592 ], [ -5.2931, 41.5744 ], [ -5.268, 41.59 ], [ -5.2705, 41.6011 ], [ -5.3289, 41.6159 ], [ -5.3195, 41.6368 ], [ -5.3274, 41.6805 ], [ -5.3384, 41.6868 ], [ -5.3429, 41.7004 ], [ -5.3581, 41.6997 ], [ -5.3602, 41.7271 ], [ -5.3673, 41.7286 ], [ -5.3752, 41.7198 ], [ -5.3907, 41.7526 ], [ -5.3914, 41.7605 ], [ -5.3702, 41.7778 ], [ -5.3495, 41.7809 ], [ -5.3415, 41.7892 ], [ -5.3227, 41.7882 ], [ -5.2786, 41.8148 ], [ -5.2768, 41.8229 ], [ -5.2871, 41.8277 ], [ -5.3304, 41.8318 ], [ -5.3065, 41.8578 ], [ -5.3111, 41.8916 ], [ -5.2937, 41.9199 ], [ -5.3209, 41.9375 ], [ -5.3352, 41.9375 ], [ -5.3057, 41.9536 ], [ -5.2853, 41.9741 ], [ -5.2544, 41.9809 ], [ -5.2605, 41.9846 ], [ -5.2806, 41.9788 ], [ -5.3032, 41.9911 ], [ -5.3255, 42.0204 ], [ -5.3489, 42.0226 ], [ -5.3764, 42.0396 ], [ -5.3731, 42.0641 ], [ -5.3901, 42.0898 ], [ -5.3764, 42.0995 ], [ -5.3805, 42.1098 ], [ -5.3715, 42.1301 ], [ -5.3802, 42.1466 ], [ -5.3796, 42.1633 ], [ -5.3889, 42.1725 ], [ -5.3802, 42.1979 ], [ -5.3892, 42.2091 ], [ -5.3838, 42.2243 ], [ -5.3612, 42.2252 ], [ -5.3075, 42.1993 ], [ -5.3019, 42.2222 ], [ -5.2869, 42.2299 ], [ -5.2656, 42.2109 ], [ -5.2415, 42.2145 ], [ -5.226, 42.2267 ], [ -5.254, 42.2398 ], [ -5.2365, 42.2733 ], [ -5.2303, 42.2756 ], [ -5.2285, 42.2625 ], [ -5.2203, 42.2779 ], [ -5.1979, 42.2605 ], [ -5.1827, 42.2642 ], [ -5.1782, 42.2711 ], [ -5.1642, 42.2711 ], [ -5.1443, 42.2816 ], [ -5.112, 42.3118 ], [ -5.0938, 42.3093 ], [ -5.0862, 42.2922 ], [ -5.0779, 42.2916 ], [ -5.0751, 42.2789 ], [ -5.0622, 42.2779 ], [ -5.0682, 42.2612 ], [ -5.0548, 42.2575 ], [ -5.0416, 42.2676 ], [ -5.0384, 42.2971 ], [ -5.0031, 42.2899 ], [ -5.0087, 42.2615 ], [ -5.0188, 42.2539 ], [ -5.009, 42.2423 ], [ -5.0092, 42.231 ], [ -5.0249, 42.2173 ], [ -5.0124, 42.1898 ], [ -5.0319, 42.1736 ], [ -5.027, 42.1539 ], [ -5.015, 42.1568 ], [ -5.0085, 42.1487 ], [ -4.9885, 42.1444 ], [ -4.9664, 42.1558 ], [ -4.9624, 42.1496 ], [ -4.9275, 42.1502 ], [ -4.9287, 42.1183 ], [ -4.9202, 42.0965 ], [ -4.9121, 42.0913 ], [ -4.9178, 42.0908 ], [ -4.9042, 42.0784 ], [ -4.9277, 42.0735 ], [ -4.9476, 42.0543 ], [ -4.936, 42.0179 ], [ -4.9655, 42.0071 ], [ -4.9755, 41.9935 ], [ -4.9715, 41.989 ], [ -4.9761, 41.9736 ], [ -4.9941, 41.9626 ], [ -5.0048, 41.9379 ], [ -4.9871, 41.9218 ], [ -4.9837, 41.91 ], [ -4.9496, 41.9338 ], [ -4.9324, 41.9267 ], [ -4.9279, 41.915 ], [ -4.9118, 41.9157 ], [ -4.8898, 41.9328 ], [ -4.8691, 41.9317 ], [ -4.8677, 41.9176 ], [ -4.8559, 41.9156 ], [ -4.8383, 41.8985 ], [ -4.8293, 41.8751 ], [ -4.8138, 41.863 ], [ -4.7892, 41.818 ], [ -4.7584, 41.8258 ], [ -4.7481, 41.8406 ], [ -4.7264, 41.8545 ], [ -4.7323, 41.8618 ], [ -4.7282, 41.8688 ], [ -4.6697, 41.9005 ], [ -4.6373, 41.8881 ], [ -4.6319, 41.8617 ], [ -4.6038, 41.8386 ], [ -4.5911, 41.8368 ], [ -4.5838, 41.824 ], [ -4.5661, 41.8126 ], [ -4.5646, 41.8184 ], [ -4.5481, 41.819 ], [ -4.5492, 41.831 ], [ -4.5121, 41.8233 ], [ -4.5056, 41.8268 ], [ -4.5086, 41.8323 ], [ -4.4733, 41.843 ], [ -4.4783, 41.8286 ], [ -4.4611, 41.8204 ], [ -4.4873, 41.8201 ], [ -4.4924, 41.7787 ], [ -4.5012, 41.7714 ], [ -4.4542, 41.7592 ], [ -4.434, 41.7618 ], [ -4.3893, 41.7878 ], [ -4.3176, 41.7634 ], [ -4.3068, 41.7759 ], [ -4.2866, 41.7749 ], [ -4.2602, 41.8053 ], [ -4.2474, 41.8029 ], [ -4.236, 41.814 ], [ -4.2139, 41.7994 ], [ -4.1788, 41.8035 ], [ -4.1539, 41.7962 ], [ -4.1232, 41.8073 ], [ -4.1003, 41.7747 ], [ -4.0891, 41.7796 ], [ -4.0716, 41.7706 ], [ -4.0615, 41.7747 ], [ -4.0409, 41.7684 ], [ -4.0496, 41.7682 ], [ -4.0558, 41.7407 ], [ -4.0691, 41.7412 ], [ -4.0764, 41.7261 ], [ -4.0529, 41.7196 ], [ -4.026, 41.6924 ], [ -4.0247, 41.6617 ], [ -4.0353, 41.6206 ], [ -4.0287, 41.6144 ], [ -4.0059, 41.6194 ], [ -4.0087, 41.61 ], [ -3.9929, 41.6087 ], [ -3.9924, 41.6004 ], [ -3.9844, 41.5975 ], [ -3.9807, 41.5745 ], [ -3.9939, 41.556 ], [ -3.9999, 41.5161 ], [ -4.0274, 41.5178 ], [ -4.058, 41.4973 ], [ -4.1346, 41.4778 ], [ -4.1425, 41.4699 ], [ -4.1583, 41.4821 ], [ -4.2335, 41.4557 ], [ -4.2482, 41.4621 ], [ -4.2611, 41.4506 ], [ -4.2701, 41.4613 ], [ -4.3135, 41.4551 ], [ -4.3279, 41.4448 ], [ -4.3624, 41.4499 ], [ -4.3649, 41.436 ], [ -4.3768, 41.4417 ], [ -4.4106, 41.4416 ], [ -4.4682, 41.4131 ], [ -4.515, 41.4097 ], [ -4.5153, 41.3941 ], [ -4.484, 41.3668 ], [ -4.4959, 41.3639 ], [ -4.4967, 41.3496 ], [ -4.5045, 41.3472 ], [ -4.4939, 41.3264 ], [ -4.4706, 41.3185 ], [ -4.4715, 41.2916 ], [ -4.5001, 41.3009 ], [ -4.5054, 41.3113 ], [ -4.5286, 41.3211 ], [ -4.5595, 41.3022 ], [ -4.5968, 41.3206 ], [ -4.6051, 41.3131 ], [ -4.602, 41.3027 ], [ -4.5765, 41.2849 ], [ -4.5739, 41.2752 ], [ -4.5987, 41.2642 ], [ -4.6152, 41.2414 ], [ -4.6509, 41.2214 ], [ -4.6465, 41.2091 ], [ -4.6506, 41.2001 ], [ -4.6364, 41.1906 ], [ -4.6278, 41.1708 ], [ -4.6437, 41.1681 ], [ -4.6806, 41.1857 ], [ -4.7023, 41.1745 ], [ -4.7213, 41.157 ], [ -4.7221, 41.1493 ], [ -4.7788, 41.145 ], [ -4.8058, 41.1352 ], [ -4.8177, 41.1149 ], [ -4.815, 41.1034 ], [ -4.8556, 41.1007 ], [ -4.8637, 41.094 ], [ -4.9508, 41.1407 ], [ -4.963, 41.1401 ], [ -4.9676, 41.1523 ], [ -4.9845, 41.1522 ], [ -4.9897, 41.1608 ], [ -5.0139, 41.1642 ], [ -5.0218, 41.1536 ], [ -5.0599, 41.1386 ], [ -5.1001, 41.1471 ] ] ], [ [ [ -5.4884, 41.9955 ], [ -5.4728, 42.0136 ], [ -5.4927, 42.0333 ], [ -5.4865, 42.0388 ], [ -5.5077, 42.0575 ], [ -5.5016, 42.0665 ], [ -5.5184, 42.0847 ], [ -5.5209, 42.0971 ], [ -5.4985, 42.0837 ], [ -5.4771, 42.0565 ], [ -5.4809, 42.0524 ], [ -5.4387, 42.0315 ], [ -5.4248, 42.0356 ], [ -5.4216, 42.0307 ], [ -5.4474, 42.0137 ], [ -5.4315, 42.0043 ], [ -5.4383, 41.9674 ], [ -5.4848, 41.9846 ], [ -5.4884, 41.9955 ] ] ], [ [ [ -5.3371, 42.2308 ], [ -5.3453, 42.2678 ], [ -5.3285, 42.2741 ], [ -5.3203, 42.2672 ], [ -5.3018, 42.2692 ], [ -5.3033, 42.252 ], [ -5.3168, 42.2496 ], [ -5.3164, 42.2411 ], [ -5.3328, 42.2387 ], [ -5.3371, 42.2308 ] ] ] ] } },
{ "type": "Feature", "properties": { "prov": "Bizkaia", "ccaa": "País Vasco/Euskadi" }, "geometry": { "type": "MultiPolygon", "coordinates": [ [ [ [ -3.05, 43.0467 ], [ -3.0285, 43.0462 ], [ -3.0292, 43.0368 ], [ -3.0183, 43.0374 ], [ -3.0327, 43.0202 ], [ -2.9858, 43.0116 ], [ -2.9916, 43.0006 ], [ -2.9857, 42.9922 ], [ -2.9663, 43.0012 ], [ -2.9556, 42.9989 ], [ -2.9736, 42.9891 ], [ -3.0011, 42.9895 ], [ -3.0091, 42.9817 ], [ -3.0409, 42.9828 ], [ -3.0604, 43.0032 ], [ -3.0767, 43.0087 ], [ -3.0892, 43.0015 ], [ -3.0905, 43.0095 ], [ -3.0706, 43.0208 ], [ -3.05, 43.0467 ] ] ], [ [ [ -3.0186, 43.1822 ], [ -3.0281, 43.1694 ], [ -3.0267, 43.1611 ], [ -3.0661, 43.1555 ], [ -3.0747, 43.1464 ], [ -3.0937, 43.151 ], [ -3.1107, 43.1431 ], [ -3.1419, 43.1612 ], [ -3.1442, 43.17 ], [ -3.158, 43.178 ], [ -3.1741, 43.1774 ], [ -3.1862, 43.1692 ], [ -3.2081, 43.1794 ], [ -3.2241, 43.1701 ], [ -3.2533, 43.1987 ], [ -3.2778, 43.1945 ], [ -3.2781, 43.1894 ], [ -3.3098, 43.1721 ], [ -3.3412, 43.167 ], [ -3.3502, 43.1538 ], [ -3.4176, 43.1333 ], [ -3.4334, 43.1709 ], [ -3.433, 43.2063 ], [ -3.4503, 43.236 ], [ -3.4125, 43.2418 ], [ -3.4136, 43.2498 ], [ -3.3959, 43.2477 ], [ -3.3831, 43.2704 ], [ -3.3386, 43.2781 ], [ -3.3431, 43.2943 ], [ -3.3324, 43.3019 ], [ -3.3237, 43.2925 ], [ -3.2949, 43.3008 ], [ -3.2911, 43.2904 ], [ -3.2645, 43.296 ], [ -3.2094, 43.2836 ], [ -3.1932, 43.2985 ], [ -3.1573, 43.3013 ], [ -3.1496, 43.3193 ], [ -3.1533, 43.3533 ], [ -3.1293, 43.3551 ], [ -3.1164, 43.3492 ], [ -3.1094, 43.3647 ], [ -3.0841, 43.378 ], [ -3.1045, 43.3647 ], [ -3.0829, 43.3636 ], [ -3.0868, 43.3606 ], [ -3.0776, 43.3544 ], [ -3.0723, 43.3627 ], [ -3.0596, 43.3618 ], [ -3.0453, 43.359 ], [ -3.0728, 43.3599 ], [ -3.0462, 43.3433 ], [ -3.0404, 43.3497 ], [ -3.0319, 43.3467 ], [ -3.041, 43.3408 ], [ -3.0314, 43.3373 ], [ -3.0438, 43.3391 ], [ -3.0289, 43.3352 ], [ -3.031, 43.3302 ], [ -3.0207, 43.3255 ], [ -3.0102, 43.3372 ], [ -3.0278, 43.3419 ], [ -3.0152, 43.3408 ], [ -3.0126, 43.3477 ], [ -3.0396, 43.3733 ], [ -2.9913, 43.3918 ], [ -2.9705, 43.4134 ], [ -2.9451, 43.4128 ], [ -2.9555, 43.4221 ], [ -2.9469, 43.436 ], [ -2.9103, 43.439 ], [ -2.9002, 43.432 ], [ -2.8805, 43.4373 ], [ -2.8631, 43.4309 ], [ -2.807, 43.4305 ], [ -2.7843, 43.445 ], [ -2.7859, 43.4481 ], [ -2.7767, 43.4449 ], [ -2.7522, 43.457 ], [ -2.7387, 43.4297 ], [ -2.7209, 43.4265 ], [ -2.7189, 43.4205 ], [ -2.7097, 43.4224 ], [ -2.7236, 43.4184 ], [ -2.705, 43.4176 ], [ -2.6957, 43.4068 ], [ -2.6738, 43.4127 ], [ -2.6566, 43.4096 ], [ -2.6463, 43.4159 ], [ -2.6364, 43.4117 ], [ -2.638, 43.4028 ], [ -2.6186, 43.3919 ], [ -2.6014, 43.3945 ], [ -2.5827, 43.3882 ], [ -2.5839, 43.3842 ], [ -2.5833, 43.3838 ], [ -2.5627, 43.391 ], [ -2.5504, 43.3741 ], [ -2.5097, 43.3774 ], [ -2.4988, 43.3667 ], [ -2.5026, 43.3642 ], [ -2.4875, 43.3634 ], [ -2.4597, 43.3356 ], [ -2.4414, 43.3325 ], [ -2.4324, 43.3338 ], [ -2.4126, 43.3213 ], [ -2.439, 43.2949 ], [ -2.4401, 43.2882 ], [ -2.4251, 43.2799 ], [ -2.4181, 43.2676 ], [ -2.439, 43.2518 ], [ -2.4366, 43.2437 ], [ -2.4633, 43.2235 ], [ -2.4941, 43.2257 ], [ -2.4979, 43.2199 ], [ -2.4995, 43.2098 ], [ -2.4869, 43.2014 ], [ -2.4925, 43.1809 ], [ -2.4841, 43.1709 ], [ -2.5097, 43.1614 ], [ -2.5007, 43.1519 ], [ -2.5035, 43.14 ], [ -2.4962, 43.1234 ], [ -2.5013, 43.1187 ], [ -2.5018, 43.095 ], [ -2.5137, 43.09 ], [ -2.5261, 43.0956 ], [ -2.586, 43.0814 ], [ -2.6327, 43.087 ], [ -2.6612, 43.0739 ], [ -2.6611, 43.0658 ], [ -2.6337, 43.0448 ], [ -2.6336, 43.0199 ], [ -2.6669, 43.0314 ], [ -2.6866, 43.0219 ], [ -2.7037, 43.0311 ], [ -2.7301, 43.0241 ], [ -2.7405, 43.0342 ], [ -2.7498, 43.027 ], [ -2.7695, 43.0268 ], [ -2.7812, 43.0339 ], [ -2.8217, 43.0356 ], [ -2.8642, 43.0517 ], [ -2.8941, 43.0465 ], [ -2.9751, 43.099 ], [ -2.9355, 43.136 ], [ -2.9539, 43.1595 ], [ -2.9463, 43.1704 ], [ -2.9686, 43.1819 ], [ -2.9808, 43.2018 ], [ -3.0065, 43.196 ], [ -3.027, 43.2172 ], [ -3.0339, 43.2166 ], [ -3.0397, 43.2107 ], [ -3.0167, 43.2026 ], [ -3.0186, 43.1822 ] ], [ [ -3.2927, 43.2409 ], [ -3.2968, 43.206 ], [ -3.2848, 43.1972 ], [ -3.2672, 43.2043 ], [ -3.2708, 43.2301 ], [ -3.252, 43.2461 ], [ -3.2492, 43.2596 ], [ -3.2652, 43.2672 ], [ -3.3037, 43.2554 ], [ -3.2927, 43.2409 ] ] ], [ [ [ -2.9355, 43.4412 ], [ -2.9349, 43.4415 ], [ -2.935, 43.4388 ], [ -2.9355, 43.4412 ] ] ], [ [ [ -2.8151, 43.4337 ], [ -2.8155, 43.4332 ], [ -2.8156, 43.4336 ], [ -2.8151, 43.4337 ] ] ], [ [ [ -2.7901, 43.4426 ], [ -2.7902, 43.4427 ], [ -2.79, 43.4428 ], [ -2.7901, 43.4426 ] ] ], [ [ [ -2.79, 43.4436 ], [ -2.7905, 43.4436 ], [ -2.7904, 43.4438 ], [ -2.79, 43.4436 ] ] ], [ [ [ -2.7758, 43.453 ], [ -2.7743, 43.4505 ], [ -2.7749, 43.4505 ], [ -2.7758, 43.453 ] ] ], [ [ [ -2.6873, 43.4275 ], [ -2.6816, 43.4259 ], [ -2.6814, 43.4229 ], [ -2.6873, 43.4275 ] ] ], [ [ [ -2.7532, 43.457 ], [ -2.7535, 43.4572 ], [ -2.7532, 43.4572 ], [ -2.7532, 43.457 ] ] ], [ [ [ -2.4191, 43.3274 ], [ -2.4192, 43.3274 ], [ -2.4192, 43.3275 ], [ -2.4191, 43.3274 ] ] ], [ [ [ -2.4193, 43.3276 ], [ -2.4197, 43.3275 ], [ -2.4195, 43.3279 ], [ -2.4193, 43.3276 ] ] ], [ [ [ -2.4222, 43.3294 ], [ -2.4225, 43.3297 ], [ -2.4223, 43.3298 ], [ -2.4222, 43.3294 ] ] ], [ [ [ -2.4396, 43.333 ], [ -2.4398, 43.333 ], [ -2.4398, 43.3331 ], [ -2.4396, 43.333 ] ] ], [ [ [ -2.4398, 43.3331 ], [ -2.4397, 43.3333 ], [ -2.4396, 43.3332 ], [ -2.4398, 43.3331 ] ] ], [ [ [ -2.4397, 43.3333 ], [ -2.44, 43.3335 ], [ -2.4396, 43.3336 ], [ -2.4397, 43.3333 ] ] ], [ [ [ -2.4451, 43.3334 ], [ -2.4453, 43.3337 ], [ -2.4452, 43.3337 ], [ -2.4451, 43.3334 ] ] ], [ [ [ -2.4494, 43.3351 ], [ -2.4493, 43.335 ], [ -2.4495, 43.3349 ], [ -2.4494, 43.3351 ] ] ], [ [ [ -2.4516, 43.3358 ], [ -2.4515, 43.3358 ], [ -2.4516, 43.3356 ], [ -2.4516, 43.3358 ] ] ], [ [ [ -2.4951, 43.3682 ], [ -2.4937, 43.3683 ], [ -2.4961, 43.3652 ], [ -2.4951, 43.3682 ] ] ], [ [ [ -2.5715, 43.3912 ], [ -2.5719, 43.3911 ], [ -2.5718, 43.3915 ], [ -2.5715, 43.3912 ] ] ] ] } },
{ "type": "Feature", "properties": { "prov": "Zamora", "ccaa": "Castilla y León" }, "geometry": { "type": "Polygon", "coordinates": [ [ [ -6.2345, 41.2384 ], [ -6.2511, 41.2417 ], [ -6.2682, 41.2556 ], [ -6.2967, 41.2564 ], [ -6.3177, 41.2709 ], [ -6.3472, 41.2725 ], [ -6.3723, 41.2863 ], [ -6.4147, 41.276 ], [ -6.4182, 41.2832 ], [ -6.4453, 41.2839 ], [ -6.4543, 41.2921 ], [ -6.4776, 41.2876 ], [ -6.4796, 41.2942 ], [ -6.4688, 41.3013 ], [ -6.4493, 41.2989 ], [ -6.4372, 41.3056 ], [ -6.4338, 41.3202 ], [ -6.4181, 41.3262 ], [ -6.4265, 41.3333 ], [ -6.4153, 41.348 ], [ -6.3797, 41.3563 ], [ -6.3772, 41.363 ], [ -6.3935, 41.3699 ], [ -6.3883, 41.3856 ], [ -6.3666, 41.3934 ], [ -6.3525, 41.3785 ], [ -6.3177, 41.3857 ], [ -6.3172, 41.3971 ], [ -6.3333, 41.4103 ], [ -6.3099, 41.4194 ], [ -6.2949, 41.4352 ], [ -6.3054, 41.4497 ], [ -6.286, 41.4665 ], [ -6.284, 41.479 ], [ -6.2621, 41.4869 ], [ -6.2658, 41.4982 ], [ -6.2511, 41.5002 ], [ -6.2578, 41.5141 ], [ -6.2369, 41.5214 ], [ -6.2175, 41.5428 ], [ -6.2118, 41.5592 ], [ -6.1892, 41.5748 ], [ -6.197, 41.5895 ], [ -6.2358, 41.6071 ], [ -6.2545, 41.633 ], [ -6.283, 41.6524 ], [ -6.3429, 41.6736 ], [ -6.445, 41.6848 ], [ -6.4574, 41.6666 ], [ -6.4984, 41.657 ], [ -6.5483, 41.6856 ], [ -6.555, 41.6986 ], [ -6.5425, 41.7012 ], [ -6.555, 41.721 ], [ -6.5488, 41.7255 ], [ -6.5553, 41.7252 ], [ -6.556, 41.7375 ], [ -6.569, 41.7438 ], [ -6.5435, 41.7785 ], [ -6.5471, 41.795 ], [ -6.5391, 41.8013 ], [ -6.5428, 41.8056 ], [ -6.5333, 41.814 ], [ -6.5359, 41.8181 ], [ -6.5274, 41.8208 ], [ -6.5325, 41.8347 ], [ -6.5224, 41.8541 ], [ -6.5257, 41.8601 ], [ -6.5155, 41.8717 ], [ -6.5712, 41.8835 ], [ -6.5488, 41.9234 ], [ -6.5465, 41.9395 ], [ -6.5848, 41.9663 ], [ -6.5994, 41.9483 ], [ -6.6214, 41.9397 ], [ -6.7, 41.9333 ], [ -6.7506, 41.9436 ], [ -6.7687, 41.9841 ], [ -6.8113, 41.9925 ], [ -6.81, 41.9695 ], [ -6.8216, 41.946 ], [ -6.8305, 41.9435 ], [ -6.8695, 41.9485 ], [ -6.892, 41.9398 ], [ -6.9415, 41.9439 ], [ -6.9578, 41.9689 ], [ -6.9858, 41.971 ], [ -6.9911, 41.9883 ], [ -6.9611, 42.0279 ], [ -6.9731, 42.0391 ], [ -6.9748, 42.0552 ], [ -7.0118, 42.0524 ], [ -7.031, 42.0633 ], [ -7.0338, 42.0732 ], [ -7.0197, 42.0833 ], [ -7.0021, 42.0846 ], [ -7.0025, 42.0971 ], [ -6.9897, 42.1015 ], [ -6.9862, 42.124 ], [ -6.9555, 42.1293 ], [ -6.9487, 42.1356 ], [ -6.9386, 42.1768 ], [ -6.9008, 42.1895 ], [ -6.8882, 42.2023 ], [ -6.8927, 42.2077 ], [ -6.8866, 42.2145 ], [ -6.8556, 42.2269 ], [ -6.8025, 42.2187 ], [ -6.7966, 42.209 ], [ -6.787, 42.2159 ], [ -6.7961, 42.2218 ], [ -6.8031, 42.239 ], [ -6.7872, 42.2542 ], [ -6.7591, 42.2387 ], [ -6.743, 42.2402 ], [ -6.7211, 42.214 ], [ -6.7038, 42.2094 ], [ -6.6386, 42.2173 ], [ -6.6133, 42.2032 ], [ -6.5876, 42.208 ], [ -6.526, 42.2034 ], [ -6.5077, 42.1954 ], [ -6.5083, 42.1843 ], [ -6.4976, 42.182 ], [ -6.4782, 42.1822 ], [ -6.4599, 42.1971 ], [ -6.4422, 42.1935 ], [ -6.4279, 42.2019 ], [ -6.4098, 42.1957 ], [ -6.3816, 42.2031 ], [ -6.3471, 42.2005 ], [ -6.3417, 42.2051 ], [ -6.3295, 42.1999 ], [ -6.3126, 42.2066 ], [ -6.2937, 42.178 ], [ -6.252, 42.1731 ], [ -6.2541, 42.167 ], [ -6.2258, 42.162 ], [ -6.2124, 42.1481 ], [ -6.1602, 42.1658 ], [ -6.1434, 42.1588 ], [ -6.1373, 42.1647 ], [ -6.1247, 42.1589 ], [ -6.0493, 42.1599 ], [ -5.9957, 42.1462 ], [ -5.9743, 42.1302 ], [ -5.9535, 42.1237 ], [ -5.9481, 42.1419 ], [ -5.9116, 42.1406 ], [ -5.8974, 42.1561 ], [ -5.881, 42.1453 ], [ -5.8848, 42.1385 ], [ -5.8693, 42.1222 ], [ -5.8449, 42.1107 ], [ -5.8381, 42.1188 ], [ -5.8065, 42.1306 ], [ -5.8053, 42.1246 ], [ -5.7767, 42.1358 ], [ -5.7552, 42.1366 ], [ -5.7521, 42.1214 ], [ -5.7429, 42.1133 ], [ -5.6768, 42.1203 ], [ -5.6872, 42.1379 ], [ -5.6676, 42.1421 ], [ -5.6659, 42.1369 ], [ -5.6434, 42.131 ], [ -5.6201, 42.1067 ], [ -5.6243, 42.0927 ], [ -5.6384, 42.0851 ], [ -5.635, 42.082 ], [ -5.5885, 42.0773 ], [ -5.5835, 42.066 ], [ -5.5866, 42.0509 ], [ -5.5777, 42.0654 ], [ -5.5607, 42.056 ], [ -5.5495, 42.0703 ], [ -5.5434, 42.0994 ], [ -5.5261, 42.1038 ], [ -5.5184, 42.0847 ], [ -5.5016, 42.0665 ], [ -5.5077, 42.0575 ], [ -5.4865, 42.0388 ], [ -5.4927, 42.0333 ], [ -5.4714, 42.0101 ], [ -5.4884, 41.9955 ], [ -5.4856, 41.9858 ], [ -5.4631, 41.9755 ], [ -5.4383, 41.9674 ], [ -5.4315, 42.0043 ], [ -5.4474, 42.0137 ], [ -5.4216, 42.0307 ], [ -5.3844, 42.0421 ], [ -5.3489, 42.0226 ], [ -5.3255, 42.0204 ], [ -5.3032, 41.9911 ], [ -5.2806, 41.9788 ], [ -5.2605, 41.9846 ], [ -5.2547, 41.9816 ], [ -5.2853, 41.9741 ], [ -5.3057, 41.9536 ], [ -5.3352, 41.9375 ], [ -5.3209, 41.9375 ], [ -5.2937, 41.9199 ], [ -5.3111, 41.8916 ], [ -5.3065, 41.8578 ], [ -5.3304, 41.8318 ], [ -5.2871, 41.8277 ], [ -5.2768, 41.8229 ], [ -5.2786, 41.8148 ], [ -5.3227, 41.7882 ], [ -5.3415, 41.7892 ], [ -5.3495, 41.7809 ], [ -5.3702, 41.7778 ], [ -5.3914, 41.7605 ], [ -5.3752, 41.7198 ], [ -5.3617, 41.7288 ], [ -5.3562, 41.7171 ], [ -5.3581, 41.6997 ], [ -5.3429, 41.7004 ], [ -5.3384, 41.6868 ], [ -5.3274, 41.6805 ], [ -5.3195, 41.6368 ], [ -5.3289, 41.6159 ], [ -5.2705, 41.6011 ], [ -5.268, 41.59 ], [ -5.2931, 41.5744 ], [ -5.2726, 41.5592 ], [ -5.2727, 41.5502 ], [ -5.2478, 41.5468 ], [ -5.2289, 41.5284 ], [ -5.2338, 41.5177 ], [ -5.2417, 41.5198 ], [ -5.2619, 41.5037 ], [ -5.2962, 41.5012 ], [ -5.3325, 41.4757 ], [ -5.3447, 41.4793 ], [ -5.3375, 41.4613 ], [ -5.3248, 41.4553 ], [ -5.3322, 41.4502 ], [ -5.3272, 41.4472 ], [ -5.3392, 41.4256 ], [ -5.3075, 41.4141 ], [ -5.3318, 41.3839 ], [ -5.3346, 41.3706 ], [ -5.3221, 41.3263 ], [ -5.3035, 41.316 ], [ -5.2966, 41.2707 ], [ -5.2917, 41.2692 ], [ -5.3022, 41.2593 ], [ -5.295, 41.2406 ], [ -5.298, 41.226 ], [ -5.2937, 41.2263 ], [ -5.3076, 41.2248 ], [ -5.3154, 41.2119 ], [ -5.3403, 41.1941 ], [ -5.3278, 41.1816 ], [ -5.3303, 41.1776 ], [ -5.3017, 41.1854 ], [ -5.2887, 41.182 ], [ -5.2986, 41.1628 ], [ -5.2906, 41.1468 ], [ -5.2979, 41.1259 ], [ -5.3289, 41.1172 ], [ -5.357, 41.1408 ], [ -5.387, 41.1359 ], [ -5.4016, 41.1478 ], [ -5.3966, 41.163 ], [ -5.4076, 41.1856 ], [ -5.4181, 41.1877 ], [ -5.4769, 41.1783 ], [ -5.4698, 41.1579 ], [ -5.4843, 41.1455 ], [ -5.4853, 41.1789 ], [ -5.5064, 41.1803 ], [ -5.5181, 41.1949 ], [ -5.5651, 41.217 ], [ -5.5879, 41.2024 ], [ -5.6106, 41.2138 ], [ -5.6283, 41.2145 ], [ -5.6345, 41.2319 ], [ -5.657, 41.2455 ], [ -5.6677, 41.2443 ], [ -5.6789, 41.2319 ], [ -5.7012, 41.2344 ], [ -5.7512, 41.2259 ], [ -5.7673, 41.2157 ], [ -5.7908, 41.216 ], [ -5.8087, 41.2245 ], [ -5.8352, 41.2203 ], [ -5.8769, 41.2372 ], [ -5.8977, 41.2386 ], [ -5.9135, 41.2308 ], [ -5.9213, 41.2182 ], [ -5.9131, 41.1783 ], [ -5.925, 41.1745 ], [ -5.9316, 41.1577 ], [ -5.9371, 41.1584 ], [ -5.9339, 41.1515 ], [ -5.9445, 41.1503 ], [ -5.9532, 41.1401 ], [ -5.9632, 41.146 ], [ -5.9792, 41.1746 ], [ -6.0026, 41.1531 ], [ -6.0218, 41.1553 ], [ -6.0275, 41.1791 ], [ -6.0088, 41.2005 ], [ -6.0467, 41.209 ], [ -6.062, 41.2211 ], [ -6.074, 41.2113 ], [ -6.1093, 41.2126 ], [ -6.1345, 41.1904 ], [ -6.1634, 41.2074 ], [ -6.2242, 41.2273 ], [ -6.2345, 41.2384 ] ] ] } },
{ "type": "Feature", "properties": { "prov": "Zaragoza", "ccaa": "Aragón" }, "geometry": { "type": "Polygon", "coordinates": [ [ [ -1.7619, 41.0585 ], [ -1.8032, 41.09 ], [ -1.8697, 41.108 ], [ -1.8905, 41.133 ], [ -1.9324, 41.1386 ], [ -1.9483, 41.1668 ], [ -1.959, 41.1725 ], [ -1.992, 41.16 ], [ -2.0476, 41.1527 ], [ -2.0517, 41.1468 ], [ -2.0773, 41.1631 ], [ -2.0799, 41.171 ], [ -2.1462, 41.1844 ], [ -2.1564, 41.2586 ], [ -2.1635, 41.2832 ], [ -2.1737, 41.2881 ], [ -2.1693, 41.3222 ], [ -2.1571, 41.334 ], [ -2.1631, 41.3553 ], [ -2.1492, 41.3561 ], [ -2.116, 41.382 ], [ -2.1207, 41.39 ], [ -2.1168, 41.4249 ], [ -2.1015, 41.4458 ], [ -2.0473, 41.434 ], [ -2.036, 41.4264 ], [ -2.035, 41.4041 ], [ -2.0438, 41.397 ], [ -2.0424, 41.3886 ], [ -2.0293, 41.3842 ], [ -2.0097, 41.3858 ], [ -1.9819, 41.4023 ], [ -1.9379, 41.4075 ], [ -1.9372, 41.4201 ], [ -1.9539, 41.4241 ], [ -1.9487, 41.4296 ], [ -1.9533, 41.4625 ], [ -1.9811, 41.4864 ], [ -1.975, 41.5161 ], [ -1.9785, 41.5267 ], [ -1.9672, 41.5455 ], [ -1.9935, 41.5769 ], [ -1.9932, 41.6005 ], [ -1.9845, 41.6071 ], [ -1.9231, 41.5983 ], [ -1.8979, 41.6324 ], [ -1.8788, 41.641 ], [ -1.874, 41.638 ], [ -1.859, 41.6615 ], [ -1.8062, 41.6643 ], [ -1.8126, 41.6861 ], [ -1.7998, 41.6979 ], [ -1.7873, 41.6991 ], [ -1.7856, 41.7172 ], [ -1.7754, 41.7248 ], [ -1.7882, 41.7338 ], [ -1.809, 41.7363 ], [ -1.8029, 41.7514 ], [ -1.8211, 41.7661 ], [ -1.826, 41.7786 ], [ -1.8521, 41.7883 ], [ -1.8444, 41.8055 ], [ -1.8187, 41.8291 ], [ -1.8175, 41.8531 ], [ -1.8226, 41.8654 ], [ -1.8351, 41.8665 ], [ -1.8388, 41.889 ], [ -1.8573, 41.9095 ], [ -1.8548, 41.9592 ], [ -1.8652, 41.9776 ], [ -1.844, 41.9873 ], [ -1.8513, 41.9981 ], [ -1.8464, 42.008 ], [ -1.8337, 41.9951 ], [ -1.8103, 41.998 ], [ -1.7914, 41.9896 ], [ -1.7669, 41.9958 ], [ -1.7414, 41.9684 ], [ -1.7152, 41.957 ], [ -1.6868, 41.9529 ], [ -1.6755, 41.9668 ], [ -1.6636, 41.96 ], [ -1.6541, 41.9654 ], [ -1.6148, 41.9505 ], [ -1.5963, 41.9271 ], [ -1.5593, 41.9139 ], [ -1.5233, 41.9099 ], [ -1.5061, 41.9159 ], [ -1.5018, 41.9243 ], [ -1.4739, 41.9246 ], [ -1.4533, 41.9157 ], [ -1.4218, 41.9131 ], [ -1.4108, 41.919 ], [ -1.4036, 41.9351 ], [ -1.3822, 41.9433 ], [ -1.386, 41.9572 ], [ -1.3744, 41.962 ], [ -1.3395, 42.018 ], [ -1.3048, 42.0429 ], [ -1.3106, 42.0723 ], [ -1.3523, 42.0731 ], [ -1.3653, 42.0932 ], [ -1.3668, 42.107 ], [ -1.3989, 42.1262 ], [ -1.3919, 42.1814 ], [ -1.4175, 42.2124 ], [ -1.3914, 42.2721 ], [ -1.3991, 42.2913 ], [ -1.3291, 42.3554 ], [ -1.3362, 42.372 ], [ -1.3506, 42.3701 ], [ -1.3599, 42.378 ], [ -1.3429, 42.4081 ], [ -1.3415, 42.4239 ], [ -1.3152, 42.4492 ], [ -1.2814, 42.4644 ], [ -1.2728, 42.4819 ], [ -1.2751, 42.4958 ], [ -1.2867, 42.4985 ], [ -1.2875, 42.5086 ], [ -1.2935, 42.511 ], [ -1.2881, 42.5228 ], [ -1.2648, 42.5568 ], [ -1.2262, 42.5422 ], [ -1.2183, 42.5492 ], [ -1.2028, 42.5497 ], [ -1.2019, 42.5782 ], [ -1.158, 42.5992 ], [ -1.1798, 42.6106 ], [ -1.1719, 42.6171 ], [ -1.1571, 42.6109 ], [ -1.152, 42.6479 ], [ -1.0509, 42.643 ], [ -1.0368, 42.6516 ], [ -1.0396, 42.6642 ], [ -1.0325, 42.6756 ], [ -1.0392, 42.6916 ], [ -1.028, 42.7001 ], [ -0.9692, 42.7037 ], [ -0.9487, 42.7115 ], [ -0.9359, 42.7343 ], [ -0.923, 42.744 ], [ -0.9011, 42.7427 ], [ -0.8969, 42.7357 ], [ -0.9068, 42.7266 ], [ -0.9044, 42.7122 ], [ -0.9225, 42.7008 ], [ -0.9015, 42.7019 ], [ -0.8801, 42.694 ], [ -0.88, 42.6881 ], [ -0.8931, 42.6623 ], [ -0.9276, 42.6562 ], [ -0.9047, 42.6129 ], [ -0.9147, 42.6023 ], [ -0.9047, 42.599 ], [ -0.9087, 42.5871 ], [ -0.9248, 42.588 ], [ -0.9342, 42.5726 ], [ -0.9216, 42.5712 ], [ -0.9186, 42.5553 ], [ -0.8993, 42.56 ], [ -0.895, 42.5491 ], [ -0.8983, 42.539 ], [ -0.9164, 42.5373 ], [ -0.9334, 42.5059 ], [ -0.9133, 42.5038 ], [ -0.8999, 42.512 ], [ -0.893, 42.5099 ], [ -0.8903, 42.4904 ], [ -0.897, 42.4791 ], [ -0.8796, 42.4697 ], [ -0.8777, 42.4616 ], [ -0.8819, 42.4571 ], [ -0.8963, 42.4604 ], [ -0.9038, 42.4532 ], [ -0.9064, 42.4498 ], [ -0.8963, 42.4438 ], [ -0.9044, 42.4348 ], [ -0.8785, 42.4185 ], [ -0.8421, 42.4074 ], [ -0.8354, 42.3955 ], [ -0.8153, 42.3952 ], [ -0.8217, 42.3846 ], [ -0.8442, 42.3846 ], [ -0.8428, 42.3663 ], [ -0.8557, 42.3399 ], [ -0.8796, 42.3189 ], [ -0.8921, 42.2969 ], [ -0.889, 42.2867 ], [ -0.9189, 42.2573 ], [ -0.8905, 42.24 ], [ -0.8865, 42.2446 ], [ -0.8912, 42.263 ], [ -0.877, 42.2816 ], [ -0.8579, 42.2747 ], [ -0.8439, 42.2828 ], [ -0.8131, 42.2645 ], [ -0.8065, 42.2705 ], [ -0.7718, 42.3467 ], [ -0.7719, 42.3627 ], [ -0.781, 42.3767 ], [ -0.7779, 42.3913 ], [ -0.7364, 42.3699 ], [ -0.7448, 42.3617 ], [ -0.7351, 42.3533 ], [ -0.7446, 42.3387 ], [ -0.7289, 42.2977 ], [ -0.7485, 42.2775 ], [ -0.752, 42.2636 ], [ -0.7594, 42.2636 ], [ -0.7615, 42.2145 ], [ -0.7505, 42.1994 ], [ -0.7599, 42.1787 ], [ -0.7516, 42.1729 ], [ -0.7598, 42.1702 ], [ -0.7474, 42.1559 ], [ -0.7587, 42.147 ], [ -0.7521, 42.132 ], [ -0.7609, 42.1299 ], [ -0.7532, 42.1238 ], [ -0.7581, 42.1152 ], [ -0.7545, 42.1076 ], [ -0.7626, 42.1019 ], [ -0.7555, 42.09 ], [ -0.7701, 42.0873 ], [ -0.7607, 42.0794 ], [ -0.7666, 42.074 ], [ -0.7637, 42.0662 ], [ -0.7763, 42.0555 ], [ -0.7935, 42.0541 ], [ -0.8051, 42.0735 ], [ -0.8051, 42.0964 ], [ -0.8103, 42.0939 ], [ -0.857, 42.051 ], [ -0.8489, 42.042 ], [ -0.8507, 42.0262 ], [ -0.8849, 42.0036 ], [ -0.7782, 41.9574 ], [ -0.737, 41.9533 ], [ -0.7244, 41.9608 ], [ -0.6578, 41.9575 ], [ -0.6306, 41.9129 ], [ -0.5955, 41.8996 ], [ -0.6033, 41.8828 ], [ -0.5552, 41.8713 ], [ -0.543, 41.8582 ], [ -0.5271, 41.8529 ], [ -0.5167, 41.8368 ], [ -0.512, 41.7839 ], [ -0.5007, 41.7613 ], [ -0.504, 41.7462 ], [ -0.5187, 41.7288 ], [ -0.4894, 41.7317 ], [ -0.4449, 41.7037 ], [ -0.4285, 41.7055 ], [ -0.3745, 41.6881 ], [ -0.3663, 41.6799 ], [ -0.3595, 41.6352 ], [ -0.3126, 41.6241 ], [ -0.3023, 41.6079 ], [ -0.2448, 41.5731 ], [ -0.2368, 41.5739 ], [ -0.2057, 41.6023 ], [ -0.1564, 41.59 ], [ -0.1674, 41.5811 ], [ -0.1575, 41.5684 ], [ -0.1567, 41.5353 ], [ -0.1337, 41.5213 ], [ -0.105, 41.4855 ], [ -0.0845, 41.4314 ], [ -0.0727, 41.3772 ], [ -0.0494, 41.3605 ], [ -0.0079, 41.3478 ], [ -0.0293, 41.3778 ], [ -0.0234, 41.397 ], [ -0.003, 41.3879 ], [ 0.0097, 41.3604 ], [ 0.1063, 41.3508 ], [ 0.1182, 41.3632 ], [ 0.1246, 41.3835 ], [ 0.1574, 41.3977 ], [ 0.1637, 41.4065 ], [ 0.1826, 41.3944 ], [ 0.1992, 41.4033 ], [ 0.2191, 41.4036 ], [ 0.2437, 41.4288 ], [ 0.3089, 41.4188 ], [ 0.3358, 41.4075 ], [ 0.32, 41.3942 ], [ 0.3583, 41.372 ], [ 0.3729, 41.3535 ], [ 0.3676, 41.3413 ], [ 0.3598, 41.3413 ], [ 0.3485, 41.3281 ], [ 0.3678, 41.3194 ], [ 0.3667, 41.3008 ], [ 0.3857, 41.2785 ], [ 0.3735, 41.2487 ], [ 0.3813, 41.2364 ], [ 0.3646, 41.2387 ], [ 0.3609, 41.2255 ], [ 0.3403, 41.2311 ], [ 0.3322, 41.223 ], [ 0.3224, 41.2252 ], [ 0.3051, 41.1849 ], [ 0.3033, 41.1644 ], [ 0.273, 41.1488 ], [ 0.253, 41.1502 ], [ 0.2563, 41.1436 ], [ 0.2498, 41.1296 ], [ 0.2141, 41.1369 ], [ 0.2186, 41.1307 ], [ 0.2009, 41.1265 ], [ 0.2093, 41.1169 ], [ 0.2004, 41.1022 ], [ 0.2007, 41.0848 ], [ 0.2195, 41.0833 ], [ 0.2153, 41.0777 ], [ 0.2208, 41.0714 ], [ 0.168, 41.0709 ], [ 0.1459, 41.063 ], [ 0.1183, 41.0768 ], [ 0.0786, 41.0803 ], [ 0.0575, 41.0751 ], [ 0.0518, 41.0548 ], [ 0.0369, 41.0466 ], [ -0.0007, 41.0904 ], [ -0.0159, 41.1227 ], [ -0.0797, 41.151 ], [ -0.1035, 41.1496 ], [ -0.1224, 41.1566 ], [ -0.181, 41.1881 ], [ -0.2242, 41.1895 ], [ -0.2464, 41.2119 ], [ -0.2714, 41.2163 ], [ -0.3161, 41.2569 ], [ -0.3249, 41.2539 ], [ -0.3248, 41.2453 ], [ -0.3481, 41.2413 ], [ -0.3468, 41.2459 ], [ -0.3689, 41.2609 ], [ -0.4059, 41.2724 ], [ -0.4275, 41.292 ], [ -0.4215, 41.3123 ], [ -0.4702, 41.3182 ], [ -0.4799, 41.3459 ], [ -0.5026, 41.3544 ], [ -0.5507, 41.3455 ], [ -0.5589, 41.3543 ], [ -0.5818, 41.3481 ], [ -0.5773, 41.3139 ], [ -0.5661, 41.3035 ], [ -0.5448, 41.3006 ], [ -0.5272, 41.2882 ], [ -0.5082, 41.2558 ], [ -0.5097, 41.2383 ], [ -0.5316, 41.2278 ], [ -0.5485, 41.2677 ], [ -0.5998, 41.3189 ], [ -0.6053, 41.3233 ], [ -0.6297, 41.3118 ], [ -0.6255, 41.2482 ], [ -0.6428, 41.2384 ], [ -0.6692, 41.2368 ], [ -0.6099, 41.1917 ], [ -0.6408, 41.171 ], [ -0.6759, 41.1254 ], [ -0.694, 41.1123 ], [ -0.7122, 41.1217 ], [ -0.7277, 41.1439 ], [ -0.7614, 41.1697 ], [ -0.765, 41.1586 ], [ -0.7809, 41.147 ], [ -0.7834, 41.1182 ], [ -0.7928, 41.1056 ], [ -0.8285, 41.0964 ], [ -0.8599, 41.108 ], [ -0.8837, 41.1301 ], [ -0.8833, 41.1488 ], [ -0.8915, 41.1451 ], [ -0.8905, 41.1256 ], [ -0.9153, 41.1052 ], [ -0.9125, 41.093 ], [ -0.9529, 41.0754 ], [ -0.9986, 41.0952 ], [ -1.0006, 41.1148 ], [ -0.9724, 41.1535 ], [ -1.0009, 41.134 ], [ -1.0393, 41.1347 ], [ -1.0681, 41.1552 ], [ -1.1057, 41.1676 ], [ -1.1171, 41.1555 ], [ -1.1131, 41.1428 ], [ -1.1216, 41.1349 ], [ -1.174, 41.1237 ], [ -1.1934, 41.1274 ], [ -1.21, 41.1388 ], [ -1.2544, 41.1229 ], [ -1.2714, 41.1033 ], [ -1.2533, 41.0773 ], [ -1.2709, 41.0548 ], [ -1.2815, 41.0559 ], [ -1.2874, 41.0489 ], [ -1.3542, 41.0575 ], [ -1.3601, 41.0716 ], [ -1.3524, 41.0817 ], [ -1.3558, 41.0885 ], [ -1.3781, 41.0731 ], [ -1.4052, 41.0663 ], [ -1.41, 41.0579 ], [ -1.4048, 41.0506 ], [ -1.4168, 41.0438 ], [ -1.4112, 41.0351 ], [ -1.4175, 41.0298 ], [ -1.4764, 41.0149 ], [ -1.4593, 41.0068 ], [ -1.4466, 40.9846 ], [ -1.4469, 40.9765 ], [ -1.4714, 40.958 ], [ -1.473, 40.9488 ], [ -1.5053, 40.9641 ], [ -1.5152, 40.9546 ], [ -1.5574, 40.9395 ], [ -1.5836, 40.9418 ], [ -1.5896, 40.9362 ], [ -1.6321, 40.9506 ], [ -1.661, 40.9783 ], [ -1.7471, 41.0339 ], [ -1.7619, 41.0585 ] ], [ [ -1.1025, 42.4824 ], [ -1.1294, 42.4466 ], [ -1.0616, 42.4334 ], [ -1.0532, 42.4376 ], [ -1.0525, 42.4453 ], [ -1.0696, 42.4665 ], [ -1.0876, 42.4753 ], [ -1.0852, 42.4836 ], [ -1.1025, 42.4824 ] ], [ [ -1.183, 42.4207 ], [ -1.1886, 42.4025 ], [ -1.1593, 42.4095 ], [ -1.1452, 42.4417 ], [ -1.1551, 42.4409 ], [ -1.183, 42.4207 ] ] ] } },
{ "type": "Feature", "properties": { "prov": "Ceuta", "ccaa": "Ciudad Autónoma de Ceuta" }, "geometry": { "type": "Polygon", "coordinates": [ [ [ -5.3821, 35.9124 ], [ -5.3669, 35.918 ], [ -5.3357, 35.8943 ], [ -5.3249, 35.9009 ], [ -5.3112, 35.8961 ], [ -5.3247, 35.8968 ], [ -5.3135, 35.8891 ], [ -5.2884, 35.9072 ], [ -5.2783, 35.8979 ], [ -5.3055, 35.8846 ], [ -5.3187, 35.8873 ], [ -5.3435, 35.8707 ], [ -5.3718, 35.8814 ], [ -5.3821, 35.9124 ] ] ] } },
{ "type": "Feature", "properties": { "prov": "Melilla", "ccaa": "Ciudad Autónoma de Melilla" }, "geometry": { "type": "Polygon", "coordinates": [ [ [ -2.9526, 35.3203 ], [ -2.9356, 35.2948 ], [ -2.925, 35.2933 ], [ -2.9232, 35.2897 ], [ -2.9358, 35.2921 ], [ -2.935, 35.2779 ], [ -2.9275, 35.2744 ], [ -2.9242, 35.2801 ], [ -2.9276, 35.2735 ], [ -2.9505, 35.2655 ], [ -2.9703, 35.2887 ], [ -2.9637, 35.3097 ], [ -2.9526, 35.3203 ] ] ] } },
{ "type": "Feature", "properties": { "prov": "Araba/Álava", "ccaa": "País Vasco/Euskadi" }, "geometry": { "type": "Polygon", "coordinates": [ [ [ -2.7639, 42.6224 ], [ -2.7777, 42.5822 ], [ -2.7993, 42.573 ], [ -2.8037, 42.5645 ], [ -2.8148, 42.5693 ], [ -2.817, 42.5577 ], [ -2.8248, 42.5546 ], [ -2.8408, 42.581 ], [ -2.8198, 42.5915 ], [ -2.8179, 42.5989 ], [ -2.8236, 42.6015 ], [ -2.8188, 42.6127 ], [ -2.8418, 42.6086 ], [ -2.8481, 42.6171 ], [ -2.8437, 42.6305 ], [ -2.8965, 42.6542 ], [ -2.9002, 42.6673 ], [ -2.8951, 42.6793 ], [ -2.9038, 42.6864 ], [ -2.9025, 42.6936 ], [ -2.9303, 42.6997 ], [ -2.9314, 42.7084 ], [ -2.9564, 42.7104 ], [ -2.9806, 42.7035 ], [ -2.9889, 42.7191 ], [ -3.009, 42.7245 ], [ -3.0054, 42.7328 ], [ -3.0161, 42.7336 ], [ -3.0167, 42.741 ], [ -3.0417, 42.7392 ], [ -3.0487, 42.7491 ], [ -3.0486, 42.7656 ], [ -3.0645, 42.7602 ], [ -3.08, 42.7671 ], [ -3.0848, 42.7571 ], [ -3.1004, 42.7674 ], [ -3.1157, 42.7593 ], [ -3.1479, 42.7567 ], [ -3.1233, 42.7893 ], [ -3.1592, 42.8046 ], [ -3.1489, 42.8129 ], [ -3.1412, 42.8361 ], [ -3.1321, 42.8379 ], [ -3.1284, 42.8493 ], [ -3.1131, 42.8611 ], [ -3.1051, 42.8796 ], [ -3.1133, 42.8819 ], [ -3.1149, 42.8892 ], [ -3.1257, 42.8913 ], [ -3.1387, 42.8713 ], [ -3.1628, 42.8567 ], [ -3.1907, 42.8695 ], [ -3.2094, 42.8442 ], [ -3.2222, 42.8386 ], [ -3.2055, 42.8274 ], [ -3.2258, 42.8301 ], [ -3.2826, 42.8755 ], [ -3.2868, 42.8851 ], [ -3.2764, 42.887 ], [ -3.2772, 42.9016 ], [ -3.2485, 42.9121 ], [ -3.2354, 42.9331 ], [ -3.2356, 42.9439 ], [ -3.2247, 42.9497 ], [ -3.1447, 42.9347 ], [ -3.1493, 42.9171 ], [ -3.1328, 42.9135 ], [ -3.1265, 42.9041 ], [ -3.1047, 42.9102 ], [ -3.0921, 42.8988 ], [ -3.0189, 42.9085 ], [ -3.0055, 42.9267 ], [ -2.9811, 42.9397 ], [ -2.9964, 42.9528 ], [ -3.0191, 42.9541 ], [ -3.0206, 42.9607 ], [ -3.0452, 42.9731 ], [ -3.0375, 42.9824 ], [ -3.0043, 42.9826 ], [ -3.0011, 42.9895 ], [ -2.9736, 42.9891 ], [ -2.9556, 42.9989 ], [ -2.9663, 43.0012 ], [ -2.9857, 42.9922 ], [ -2.9916, 43.0006 ], [ -2.9858, 43.0116 ], [ -3.0327, 43.0202 ], [ -3.0183, 43.0374 ], [ -3.0292, 43.0368 ], [ -3.0285, 43.0462 ], [ -3.05, 43.0467 ], [ -3.0625, 43.0356 ], [ -3.0653, 43.023 ], [ -3.0905, 43.0095 ], [ -3.0892, 43.0015 ], [ -3.1448, 43.0068 ], [ -3.1778, 43.022 ], [ -3.1702, 43.0291 ], [ -3.1419, 43.0298 ], [ -3.1477, 43.0345 ], [ -3.1403, 43.0672 ], [ -3.1582, 43.074 ], [ -3.1339, 43.0972 ], [ -3.1415, 43.1106 ], [ -3.1521, 43.1041 ], [ -3.1817, 43.1203 ], [ -3.1615, 43.1432 ], [ -3.1668, 43.1469 ], [ -3.1618, 43.1543 ], [ -3.1378, 43.1628 ], [ -3.1107, 43.1431 ], [ -3.0937, 43.151 ], [ -3.0747, 43.1464 ], [ -3.0661, 43.1555 ], [ -3.0267, 43.1611 ], [ -3.0281, 43.1694 ], [ -3.0186, 43.1822 ], [ -3.0218, 43.1996 ], [ -3.0167, 43.2026 ], [ -3.0397, 43.2107 ], [ -3.027, 43.2172 ], [ -3.0065, 43.196 ], [ -2.9808, 43.2018 ], [ -2.9686, 43.1819 ], [ -2.9463, 43.1704 ], [ -2.9539, 43.1595 ], [ -2.9355, 43.136 ], [ -2.9751, 43.099 ], [ -2.9727, 43.0951 ], [ -2.8941, 43.0465 ], [ -2.8642, 43.0517 ], [ -2.8217, 43.0356 ], [ -2.7812, 43.0339 ], [ -2.7695, 43.0268 ], [ -2.7498, 43.027 ], [ -2.7405, 43.0342 ], [ -2.7301, 43.0241 ], [ -2.7037, 43.0311 ], [ -2.6866, 43.0219 ], [ -2.6669, 43.0314 ], [ -2.6336, 43.0199 ], [ -2.6337, 43.0448 ], [ -2.6611, 43.0658 ], [ -2.6612, 43.0739 ], [ -2.6327, 43.087 ], [ -2.5926, 43.0812 ], [ -2.5464, 43.088 ], [ -2.5408, 43.0762 ], [ -2.5481, 43.0745 ], [ -2.5249, 43.0454 ], [ -2.5493, 43.02 ], [ -2.5817, 43.0079 ], [ -2.5961, 43.0088 ], [ -2.6006, 43.0011 ], [ -2.5928, 42.9875 ], [ -2.6027, 42.9822 ], [ -2.5806, 42.9638 ], [ -2.5511, 42.9589 ], [ -2.5421, 42.9501 ], [ -2.5347, 42.9733 ], [ -2.5012, 42.9595 ], [ -2.4774, 42.9662 ], [ -2.4527, 42.9561 ], [ -2.4072, 42.9597 ], [ -2.3772, 42.9481 ], [ -2.3549, 42.9497 ], [ -2.3376, 42.9353 ], [ -2.3023, 42.9258 ], [ -2.2903, 42.9022 ], [ -2.2556, 42.8979 ], [ -2.2412, 42.886 ], [ -2.2354, 42.8353 ], [ -2.2677, 42.8134 ], [ -2.2687, 42.7947 ], [ -2.281, 42.7851 ], [ -2.2622, 42.7485 ], [ -2.3044, 42.7358 ], [ -2.3168, 42.7393 ], [ -2.324, 42.7238 ], [ -2.3129, 42.7087 ], [ -2.3169, 42.6825 ], [ -2.3093, 42.6712 ], [ -2.2936, 42.6779 ], [ -2.2885, 42.6551 ], [ -2.3322, 42.6462 ], [ -2.3449, 42.6345 ], [ -2.3819, 42.6343 ], [ -2.3721, 42.6434 ], [ -2.3817, 42.6474 ], [ -2.3763, 42.6507 ], [ -2.3946, 42.6608 ], [ -2.4158, 42.6627 ], [ -2.4501, 42.6473 ], [ -2.4546, 42.6349 ], [ -2.4711, 42.6273 ], [ -2.4831, 42.6122 ], [ -2.5001, 42.6165 ], [ -2.4903, 42.585 ], [ -2.4622, 42.5874 ], [ -2.4532, 42.5671 ], [ -2.4211, 42.6071 ], [ -2.3968, 42.5991 ], [ -2.4, 42.5891 ], [ -2.39, 42.5491 ], [ -2.4011, 42.5385 ], [ -2.3922, 42.517 ], [ -2.4231, 42.5107 ], [ -2.4206, 42.4892 ], [ -2.4385, 42.4891 ], [ -2.4488, 42.4969 ], [ -2.4774, 42.4866 ], [ -2.5146, 42.4902 ], [ -2.5186, 42.4979 ], [ -2.5053, 42.512 ], [ -2.5106, 42.5199 ], [ -2.5375, 42.4951 ], [ -2.5306, 42.4836 ], [ -2.554, 42.4839 ], [ -2.5684, 42.4941 ], [ -2.5776, 42.483 ], [ -2.5923, 42.4819 ], [ -2.5866, 42.4746 ], [ -2.5965, 42.4728 ], [ -2.6022, 42.4819 ], [ -2.5922, 42.4919 ], [ -2.6054, 42.5035 ], [ -2.6097, 42.4962 ], [ -2.629, 42.4957 ], [ -2.6478, 42.4834 ], [ -2.656, 42.5034 ], [ -2.6778, 42.5096 ], [ -2.6768, 42.5263 ], [ -2.7057, 42.5167 ], [ -2.6915, 42.5418 ], [ -2.6806, 42.5942 ], [ -2.7106, 42.6011 ], [ -2.7407, 42.6224 ], [ -2.7639, 42.6224 ] ], [ [ -2.7938, 42.7932 ], [ -2.8268, 42.7845 ], [ -2.8355, 42.7963 ], [ -2.8418, 42.7762 ], [ -2.8539, 42.7679 ], [ -2.8484, 42.7633 ], [ -2.8558, 42.7525 ], [ -2.853, 42.7478 ], [ -2.8689, 42.7401 ], [ -2.8467, 42.7308 ], [ -2.8552, 42.7288 ], [ -2.8516, 42.7251 ], [ -2.829, 42.719 ], [ -2.8253, 42.7089 ], [ -2.7845, 42.6989 ], [ -2.7705, 42.6766 ], [ -2.7757, 42.6703 ], [ -2.7679, 42.666 ], [ -2.7192, 42.6619 ], [ -2.7034, 42.6743 ], [ -2.6664, 42.6662 ], [ -2.6592, 42.6725 ], [ -2.6349, 42.6478 ], [ -2.5848, 42.6516 ], [ -2.5649, 42.6446 ], [ -2.5519, 42.6493 ], [ -2.5471, 42.6374 ], [ -2.5174, 42.6463 ], [ -2.522, 42.684 ], [ -2.5394, 42.6866 ], [ -2.5484, 42.6688 ], [ -2.5778, 42.6682 ], [ -2.5941, 42.69 ], [ -2.609, 42.6959 ], [ -2.6003, 42.7153 ], [ -2.59, 42.7108 ], [ -2.5726, 42.7252 ], [ -2.5583, 42.7627 ], [ -2.5894, 42.7503 ], [ -2.6022, 42.7707 ], [ -2.644, 42.7647 ], [ -2.7317, 42.7945 ], [ -2.7938, 42.7932 ] ] ] } },
{ "type": "Feature", "properties": { "prov": "Albacete", "ccaa": "Castilla-La Mancha" }, "geometry": { "type": "Polygon", "coordinates": [ [ [ -2.5521, 38.085 ], [ -2.5217, 38.1075 ], [ -2.5109, 38.1285 ], [ -2.4988, 38.1314 ], [ -2.4649, 38.173 ], [ -2.4466, 38.185 ], [ -2.4455, 38.2049 ], [ -2.4548, 38.2157 ], [ -2.4405, 38.2327 ], [ -2.4465, 38.2448 ], [ -2.4355, 38.2605 ], [ -2.4355, 38.2723 ], [ -2.4419, 38.2848 ], [ -2.4813, 38.2949 ], [ -2.4854, 38.3015 ], [ -2.4803, 38.3489 ], [ -2.4935, 38.3712 ], [ -2.4824, 38.3954 ], [ -2.5351, 38.4061 ], [ -2.5502, 38.403 ], [ -2.5725, 38.4146 ], [ -2.5774, 38.4346 ], [ -2.5695, 38.4412 ], [ -2.5677, 38.461 ], [ -2.5774, 38.476 ], [ -2.5736, 38.488 ], [ -2.5666, 38.4907 ], [ -2.5922, 38.51 ], [ -2.6243, 38.5122 ], [ -2.6813, 38.4969 ], [ -2.7294, 38.5112 ], [ -2.7665, 38.5336 ], [ -2.7484, 38.5447 ], [ -2.7591, 38.5538 ], [ -2.7668, 38.5738 ], [ -2.7579, 38.5825 ], [ -2.7501, 38.6156 ], [ -2.7637, 38.6279 ], [ -2.7282, 38.6161 ], [ -2.7176, 38.6251 ], [ -2.6998, 38.6254 ], [ -2.6825, 38.6441 ], [ -2.6689, 38.6492 ], [ -2.6556, 38.6714 ], [ -2.6381, 38.7353 ], [ -2.6435, 38.7464 ], [ -2.663, 38.7535 ], [ -2.6963, 38.7829 ], [ -2.7322, 38.7818 ], [ -2.7345, 38.7953 ], [ -2.7527, 38.8147 ], [ -2.7511, 38.8483 ], [ -2.7623, 38.8808 ], [ -2.7906, 38.8916 ], [ -2.7925, 38.9056 ], [ -2.8358, 38.906 ], [ -2.8577, 38.9274 ], [ -2.8762, 38.9255 ], [ -2.8829, 38.9385 ], [ -2.871, 38.9655 ], [ -2.8446, 38.9864 ], [ -2.8323, 39.0232 ], [ -2.8099, 39.0238 ], [ -2.8055, 39.0794 ], [ -2.8285, 39.1 ], [ -2.8417, 39.1353 ], [ -2.8075, 39.1777 ], [ -2.7821, 39.1962 ], [ -2.7601, 39.2304 ], [ -2.7241, 39.2632 ], [ -2.7247, 39.2816 ], [ -2.7429, 39.3183 ], [ -2.6592, 39.3228 ], [ -2.6345, 39.3278 ], [ -2.62, 39.3393 ], [ -2.5966, 39.3395 ], [ -2.5475, 39.3238 ], [ -2.529, 39.328 ], [ -2.5111, 39.3422 ], [ -2.3743, 39.2328 ], [ -2.3611, 39.2466 ], [ -2.3499, 39.2785 ], [ -2.3212, 39.2837 ], [ -2.3018, 39.2636 ], [ -2.3026, 39.2518 ], [ -2.2885, 39.2265 ], [ -2.2195, 39.2615 ], [ -2.1803, 39.2701 ], [ -2.1784, 39.2785 ], [ -2.1685, 39.2811 ], [ -2.051, 39.2667 ], [ -2.0773, 39.3082 ], [ -2.0737, 39.3211 ], [ -2.0956, 39.3594 ], [ -2.0444, 39.3592 ], [ -2.0203, 39.3518 ], [ -2.0284, 39.3368 ], [ -1.9951, 39.3098 ], [ -1.9898, 39.2937 ], [ -1.9369, 39.304 ], [ -1.8871, 39.3048 ], [ -1.8452, 39.2861 ], [ -1.7699, 39.2805 ], [ -1.7631, 39.3015 ], [ -1.7393, 39.3212 ], [ -1.7166, 39.3249 ], [ -1.6963, 39.3376 ], [ -1.6227, 39.3627 ], [ -1.5557, 39.4018 ], [ -1.5152, 39.4163 ], [ -1.497, 39.4152 ], [ -1.4847, 39.4231 ], [ -1.4874, 39.4005 ], [ -1.4745, 39.4091 ], [ -1.4662, 39.4026 ], [ -1.4752, 39.3982 ], [ -1.4735, 39.3914 ], [ -1.4668, 39.3905 ], [ -1.4607, 39.4007 ], [ -1.4517, 39.3977 ], [ -1.4577, 39.3887 ], [ -1.4525, 39.3836 ], [ -1.4627, 39.3871 ], [ -1.4675, 39.3828 ], [ -1.4483, 39.3785 ], [ -1.4542, 39.3611 ], [ -1.4438, 39.3621 ], [ -1.4322, 39.3774 ], [ -1.431, 39.3648 ], [ -1.4245, 39.3639 ], [ -1.425, 39.3806 ], [ -1.4134, 39.3806 ], [ -1.4084, 39.3722 ], [ -1.3958, 39.3746 ], [ -1.4077, 39.3663 ], [ -1.3842, 39.3666 ], [ -1.3843, 39.3537 ], [ -1.3659, 39.3551 ], [ -1.3541, 39.341 ], [ -1.3363, 39.3338 ], [ -1.3302, 39.3362 ], [ -1.3335, 39.3405 ], [ -1.3121, 39.3429 ], [ -1.2988, 39.3369 ], [ -1.2976, 39.3303 ], [ -1.2915, 39.3342 ], [ -1.282, 39.3282 ], [ -1.275, 39.3338 ], [ -1.2508, 39.3227 ], [ -1.2472, 39.3287 ], [ -1.2443, 39.3215 ], [ -1.2231, 39.3159 ], [ -1.2076, 39.3266 ], [ -1.1966, 39.314 ], [ -1.1646, 39.3101 ], [ -1.1748, 39.2793 ], [ -1.1808, 39.2118 ], [ -1.1971, 39.1767 ], [ -1.227, 39.1517 ], [ -1.2405, 39.1137 ], [ -1.2557, 39.1062 ], [ -1.2558, 39.084 ], [ -1.2657, 39.0755 ], [ -1.2668, 39.051 ], [ -1.2265, 39.0247 ], [ -1.1609, 38.9548 ], [ -1.1472, 38.9291 ], [ -1.0369, 38.9342 ], [ -1.0127, 38.9394 ], [ -1.0005, 38.9496 ], [ -0.9744, 38.9422 ], [ -0.9594, 38.9443 ], [ -0.9516, 38.9114 ], [ -0.9243, 38.8916 ], [ -0.9352, 38.8556 ], [ -0.9245, 38.8238 ], [ -0.9331, 38.8109 ], [ -0.9291, 38.7837 ], [ -0.9617, 38.7745 ], [ -0.9459, 38.7367 ], [ -0.9158, 38.696 ], [ -0.9325, 38.6775 ], [ -0.9625, 38.6569 ], [ -1.034, 38.6566 ], [ -1.1158, 38.7114 ], [ -1.1197, 38.7377 ], [ -1.1838, 38.7551 ], [ -1.2497, 38.7387 ], [ -1.2837, 38.7072 ], [ -1.3431, 38.6774 ], [ -1.3666, 38.704 ], [ -1.3838, 38.6992 ], [ -1.4217, 38.6771 ], [ -1.4477, 38.6495 ], [ -1.4433, 38.637 ], [ -1.452, 38.5815 ], [ -1.4878, 38.5632 ], [ -1.4973, 38.5379 ], [ -1.4799, 38.4798 ], [ -1.4749, 38.4089 ], [ -1.4785, 38.3763 ], [ -1.5418, 38.3431 ], [ -1.5588, 38.325 ], [ -1.5895, 38.3099 ], [ -1.6697, 38.3118 ], [ -1.672, 38.3217 ], [ -1.6933, 38.3377 ], [ -1.692, 38.3471 ], [ -1.6815, 38.3496 ], [ -1.6877, 38.3654 ], [ -1.7038, 38.3748 ], [ -1.7191, 38.363 ], [ -1.7196, 38.3683 ], [ -1.7344, 38.3701 ], [ -1.7444, 38.3808 ], [ -1.7523, 38.375 ], [ -1.772, 38.3784 ], [ -1.7703, 38.3642 ], [ -1.7945, 38.3689 ], [ -1.7841, 38.3559 ], [ -1.8112, 38.3513 ], [ -1.8263, 38.3335 ], [ -1.851, 38.3334 ], [ -1.8702, 38.3164 ], [ -1.9075, 38.2977 ], [ -1.9826, 38.2812 ], [ -2.0007, 38.2839 ], [ -2.0213, 38.3007 ], [ -2.0486, 38.3057 ], [ -2.0633, 38.2975 ], [ -2.0824, 38.2657 ], [ -2.1129, 38.2377 ], [ -2.1683, 38.2264 ], [ -2.2133, 38.2021 ], [ -2.2241, 38.1733 ], [ -2.2457, 38.1488 ], [ -2.2657, 38.1088 ], [ -2.329, 38.0675 ], [ -2.3419, 38.0384 ], [ -2.3412, 38.0258 ], [ -2.3735, 38.0227 ], [ -2.4248, 38.0329 ], [ -2.4332, 38.0428 ], [ -2.4717, 38.0567 ], [ -2.4823, 38.0531 ], [ -2.5056, 38.0684 ], [ -2.5251, 38.0697 ], [ -2.5521, 38.085 ] ] ] } },
{ "type": "Feature", "properties": { "prov": "Alacant/Alicante", "ccaa": "Comunitat Valenciana" }, "geometry": { "type": "MultiPolygon", "coordinates": [ [ [ [ -0.7613, 37.8492 ], [ -0.7612, 37.8494 ], [ -0.7611, 37.8492 ], [ -0.7613, 37.8492 ] ] ], [ [ [ -0.7624, 37.8466 ], [ -0.7707, 37.8439 ], [ -0.8371, 37.8692 ], [ -0.9212, 37.9442 ], [ -0.9657, 38.0127 ], [ -1.0175, 38.0677 ], [ -1.0303, 38.0971 ], [ -1.0367, 38.1377 ], [ -1.0091, 38.1667 ], [ -0.9888, 38.1994 ], [ -0.9681, 38.2558 ], [ -0.968, 38.2758 ], [ -0.9893, 38.3207 ], [ -1.028, 38.3384 ], [ -1.0844, 38.3462 ], [ -1.088, 38.4053 ], [ -1.0852, 38.429 ], [ -1.0772, 38.4314 ], [ -1.0942, 38.4379 ], [ -1.0594, 38.4558 ], [ -1.0137, 38.4967 ], [ -1.0261, 38.5228 ], [ -1.0015, 38.5727 ], [ -1.0158, 38.6352 ], [ -1.0239, 38.6401 ], [ -1.0261, 38.6556 ], [ -0.9625, 38.6569 ], [ -0.9158, 38.696 ], [ -0.9459, 38.7367 ], [ -0.9617, 38.7745 ], [ -0.9291, 38.7837 ], [ -0.9153, 38.7814 ], [ -0.9137, 38.7697 ], [ -0.9051, 38.7672 ], [ -0.862, 38.7712 ], [ -0.8358, 38.7412 ], [ -0.8346, 38.7324 ], [ -0.8066, 38.7353 ], [ -0.7837, 38.7484 ], [ -0.7615, 38.7491 ], [ -0.7349, 38.7594 ], [ -0.7333, 38.7517 ], [ -0.7172, 38.7506 ], [ -0.7072, 38.7338 ], [ -0.6888, 38.7413 ], [ -0.6776, 38.7291 ], [ -0.644, 38.7281 ], [ -0.6425, 38.7041 ], [ -0.6287, 38.6866 ], [ -0.6181, 38.6867 ], [ -0.5842, 38.7086 ], [ -0.5512, 38.7171 ], [ -0.5349, 38.733 ], [ -0.5071, 38.743 ], [ -0.5075, 38.7553 ], [ -0.5209, 38.7567 ], [ -0.5296, 38.7671 ], [ -0.5656, 38.7554 ], [ -0.5843, 38.7684 ], [ -0.5952, 38.7951 ], [ -0.5353, 38.8104 ], [ -0.462, 38.8073 ], [ -0.4606, 38.8149 ], [ -0.4041, 38.8331 ], [ -0.4034, 38.8397 ], [ -0.3814, 38.8349 ], [ -0.3558, 38.8492 ], [ -0.3483, 38.8616 ], [ -0.3237, 38.8635 ], [ -0.3108, 38.8815 ], [ -0.2993, 38.8817 ], [ -0.2734, 38.864 ], [ -0.2421, 38.8606 ], [ -0.2305, 38.8535 ], [ -0.1963, 38.8594 ], [ -0.1976, 38.8663 ], [ -0.1887, 38.8734 ], [ -0.1608, 38.8874 ], [ -0.1551, 38.8605 ], [ -0.1481, 38.8584 ], [ -0.1021, 38.875 ], [ -0.0921, 38.8715 ], [ -0.0898, 38.8792 ], [ -0.0706, 38.8857 ], [ -0.0422, 38.8565 ], [ -0.0274, 38.8616 ], [ -0.0248, 38.8723 ], [ -0.0371, 38.8806 ], [ -0.0376, 38.8868 ], [ -0.0134, 38.8714 ], [ 0.0159, 38.8639 ], [ 0.0534, 38.8633 ], [ 0.1136, 38.8501 ], [ 0.116, 38.8455 ], [ 0.1257, 38.8487 ], [ 0.1172, 38.8424 ], [ 0.111, 38.8472 ], [ 0.1094, 38.8459 ], [ 0.1204, 38.8368 ], [ 0.1187, 38.841 ], [ 0.121, 38.8421 ], [ 0.1207, 38.8432 ], [ 0.1227, 38.8444 ], [ 0.1247, 38.8334 ], [ 0.1473, 38.8317 ], [ 0.1702, 38.8153 ], [ 0.1973, 38.8041 ], [ 0.1872, 38.7947 ], [ 0.1847, 38.7984 ], [ 0.1838, 38.7857 ], [ 0.2065, 38.7617 ], [ 0.2247, 38.7643 ], [ 0.2217, 38.7579 ], [ 0.2257, 38.7449 ], [ 0.2327, 38.7456 ], [ 0.234, 38.737 ], [ 0.2315, 38.7368 ], [ 0.2304, 38.7339 ], [ 0.2313, 38.7318 ], [ 0.2257, 38.7326 ], [ 0.2183, 38.7305 ], [ 0.2155, 38.7278 ], [ 0.2134, 38.7323 ], [ 0.2041, 38.7323 ], [ 0.1824, 38.7208 ], [ 0.1556, 38.698 ], [ 0.1486, 38.6793 ], [ 0.147, 38.6871 ], [ 0.1308, 38.687 ], [ 0.1152, 38.6737 ], [ 0.0984, 38.6729 ], [ 0.0735, 38.6448 ], [ 0.0838, 38.6311 ], [ 0.0716, 38.6333 ], [ 0.0672, 38.6404 ], [ 0.0497, 38.6416 ], [ 0.0347, 38.636 ], [ 0.0306, 38.626 ], [ 0.0107, 38.6324 ], [ -0.0156, 38.6267 ], [ -0.0619, 38.5822 ], [ -0.0641, 38.5721 ], [ -0.0496, 38.5622 ], [ -0.0976, 38.5235 ], [ -0.1108, 38.5339 ], [ -0.1498, 38.5356 ], [ -0.1728, 38.516 ], [ -0.2239, 38.5077 ], [ -0.3121, 38.4774 ], [ -0.3432, 38.4558 ], [ -0.3749, 38.4431 ], [ -0.3801, 38.4315 ], [ -0.3867, 38.431 ], [ -0.3875, 38.419 ], [ -0.4003, 38.4124 ], [ -0.406, 38.3957 ], [ -0.4095, 38.3604 ], [ -0.4029, 38.3528 ], [ -0.4348, 38.3554 ], [ -0.445, 38.3628 ], [ -0.4751, 38.3469 ], [ -0.4776, 38.337 ], [ -0.4894, 38.328 ], [ -0.4786, 38.3372 ], [ -0.4804, 38.3435 ], [ -0.4896, 38.3324 ], [ -0.4952, 38.334 ], [ -0.4919, 38.3306 ], [ -0.4944, 38.3191 ], [ -0.4959, 38.3289 ], [ -0.5, 38.323 ], [ -0.5079, 38.3299 ], [ -0.5199, 38.2976 ], [ -0.5097, 38.2025 ], [ -0.5379, 38.187 ], [ -0.5919, 38.1891 ], [ -0.6136, 38.1743 ], [ -0.6387, 38.1295 ], [ -0.6528, 38.0254 ], [ -0.6476, 38.0 ], [ -0.6557, 37.9832 ], [ -0.6872, 37.9643 ], [ -0.6813, 37.9752 ], [ -0.6934, 37.9727 ], [ -0.6937, 37.9713 ], [ -0.6879, 37.9672 ], [ -0.6885, 37.9667 ], [ -0.6967, 37.9695 ], [ -0.7049, 37.941 ], [ -0.7177, 37.937 ], [ -0.7222, 37.9211 ], [ -0.7198, 37.9114 ], [ -0.741, 37.9091 ], [ -0.7624, 37.8466 ] ] ], [ [ [ -0.7612, 37.8487 ], [ -0.7611, 37.8486 ], [ -0.7612, 37.8485 ], [ -0.7612, 37.8487 ] ] ], [ [ [ -0.7535, 37.8718 ], [ -0.7535, 37.8721 ], [ -0.7533, 37.8721 ], [ -0.7535, 37.8718 ] ] ], [ [ [ -0.721, 37.9201 ], [ -0.7211, 37.9203 ], [ -0.7207, 37.9205 ], [ -0.721, 37.9201 ] ] ], [ [ [ -0.721, 37.9212 ], [ -0.7215, 37.9209 ], [ -0.7215, 37.9212 ], [ -0.721, 37.9212 ] ] ], [ [ [ -0.4767, 38.1611 ], [ -0.4768, 38.1611 ], [ -0.4767, 38.1612 ], [ -0.4767, 38.1611 ] ] ], [ [ [ -0.4787, 38.1677 ], [ -0.4777, 38.1662 ], [ -0.4772, 38.1661 ], [ -0.4765, 38.1658 ], [ -0.472, 38.1665 ], [ -0.4648, 38.163 ], [ -0.4851, 38.1668 ], [ -0.4787, 38.1677 ] ] ], [ [ [ -0.4868, 38.167 ], [ -0.486, 38.167 ], [ -0.4854, 38.1668 ], [ -0.4868, 38.167 ] ] ], [ [ [ -0.4871, 38.1668 ], [ -0.4872, 38.167 ], [ -0.4868, 38.167 ], [ -0.4871, 38.1668 ] ] ], [ [ [ -0.5382, 38.1863 ], [ -0.5389, 38.1856 ], [ -0.539, 38.1857 ], [ -0.5382, 38.1863 ] ] ], [ [ [ -0.4589, 38.1613 ], [ -0.4594, 38.161 ], [ -0.4595, 38.1613 ], [ -0.4589, 38.1613 ] ] ], [ [ [ -0.4749, 38.1617 ], [ -0.4741, 38.1611 ], [ -0.475, 38.1612 ], [ -0.4749, 38.1617 ] ] ], [ [ [ -0.464, 38.1627 ], [ -0.4639, 38.1625 ], [ -0.4647, 38.1627 ], [ -0.464, 38.1627 ] ] ], [ [ [ -0.1327, 38.5017 ], [ -0.133, 38.5022 ], [ -0.1301, 38.5037 ], [ -0.1327, 38.5017 ] ] ], [ [ [ -0.073, 38.5371 ], [ -0.0716, 38.5372 ], [ -0.0726, 38.5363 ], [ -0.073, 38.5371 ] ] ], [ [ [ -0.0198, 38.6173 ], [ -0.0191, 38.6173 ], [ -0.0193, 38.6166 ], [ -0.0198, 38.6173 ] ] ], [ [ [ -0.0141, 38.6239 ], [ -0.0142, 38.624 ], [ -0.014, 38.6241 ], [ -0.0141, 38.6239 ] ] ], [ [ [ 0.156, 38.6917 ], [ 0.156, 38.6914 ], [ 0.1559, 38.6914 ], [ 0.156, 38.6917 ] ] ], [ [ [ 0.1564, 38.6942 ], [ 0.1566, 38.694 ], [ 0.1564, 38.694 ], [ 0.1564, 38.6942 ] ] ], [ [ [ 0.1565, 38.6971 ], [ 0.1563, 38.6971 ], [ 0.1564, 38.6972 ], [ 0.1565, 38.6971 ] ] ], [ [ [ 0.1616, 38.701 ], [ 0.1616, 38.7012 ], [ 0.1617, 38.7012 ], [ 0.1616, 38.701 ] ] ], [ [ [ 0.1656, 38.706 ], [ 0.1653, 38.7059 ], [ 0.1653, 38.706 ], [ 0.1656, 38.706 ] ] ], [ [ [ 0.1888, 38.7226 ], [ 0.1886, 38.7225 ], [ 0.1886, 38.7226 ], [ 0.1888, 38.7226 ] ] ], [ [ [ 0.2156, 38.7271 ], [ 0.2152, 38.7274 ], [ 0.2187, 38.7263 ], [ 0.2156, 38.7271 ] ] ], [ [ [ 0.2194, 38.7301 ], [ 0.2193, 38.7302 ], [ 0.2195, 38.7303 ], [ 0.2194, 38.7301 ] ] ], [ [ [ 0.2134, 38.732 ], [ 0.2133, 38.7319 ], [ 0.2131, 38.7321 ], [ 0.2134, 38.732 ] ] ], [ [ [ 0.2315, 38.7327 ], [ 0.231, 38.733 ], [ 0.2311, 38.733 ], [ 0.2315, 38.7327 ] ] ], [ [ [ 0.2319, 38.7366 ], [ 0.2319, 38.7365 ], [ 0.2317, 38.7367 ], [ 0.2319, 38.7366 ] ] ], [ [ [ 0.2341, 38.7427 ], [ 0.234, 38.7425 ], [ 0.2338, 38.7426 ], [ 0.2341, 38.7427 ] ] ], [ [ [ 0.2316, 38.7524 ], [ 0.2318, 38.7524 ], [ 0.2314, 38.7521 ], [ 0.2316, 38.7524 ] ] ], [ [ [ 0.228, 38.7539 ], [ 0.229, 38.7569 ], [ 0.2316, 38.7563 ], [ 0.228, 38.7539 ] ] ], [ [ [ 0.2236, 38.7611 ], [ 0.2236, 38.7612 ], [ 0.2238, 38.7611 ], [ 0.2236, 38.7611 ] ] ], [ [ [ 0.224, 38.7612 ], [ 0.224, 38.7613 ], [ 0.2242, 38.7612 ], [ 0.224, 38.7612 ] ] ], [ [ [ 0.2249, 38.7614 ], [ 0.2248, 38.7612 ], [ 0.2247, 38.7614 ], [ 0.2249, 38.7614 ] ] ], [ [ [ 0.2245, 38.7614 ], [ 0.2246, 38.7612 ], [ 0.2242, 38.7613 ], [ 0.2245, 38.7614 ] ] ], [ [ [ 0.2251, 38.7617 ], [ 0.2253, 38.7617 ], [ 0.2253, 38.7616 ], [ 0.2251, 38.7617 ] ] ], [ [ [ 0.2237, 38.7647 ], [ 0.2237, 38.7648 ], [ 0.2238, 38.7648 ], [ 0.2237, 38.7647 ] ] ], [ [ [ 0.1961, 38.7998 ], [ 0.1961, 38.7999 ], [ 0.1962, 38.7998 ], [ 0.1961, 38.7998 ] ] ], [ [ [ 0.1977, 38.8002 ], [ 0.1978, 38.8001 ], [ 0.1976, 38.8 ], [ 0.1977, 38.8002 ] ] ] ] } },
{ "type": "Feature", "properties": { "prov": "Almería", "ccaa": "Andalucía" }, "geometry": { "type": "MultiPolygon", "coordinates": [ [ [ [ -3.0367, 35.9398 ], [ -3.031, 35.9415 ], [ -3.0331, 35.9382 ], [ -3.0367, 35.9398 ] ] ], [ [ [ -3.0302, 35.9423 ], [ -3.03, 35.9421 ], [ -3.0304, 35.942 ], [ -3.0302, 35.9423 ] ] ], [ [ [ -2.5684, 36.8111 ], [ -2.5992, 36.7759 ], [ -2.6196, 36.727 ], [ -2.6501, 36.7003 ], [ -2.7003, 36.683 ], [ -2.7638, 36.6809 ], [ -2.7861, 36.6937 ], [ -2.7917, 36.6933 ], [ -2.7973, 36.6955 ], [ -2.798, 36.696 ], [ -2.7911, 36.6937 ], [ -2.7889, 36.6985 ], [ -2.794, 36.6956 ], [ -2.8156, 36.7063 ], [ -2.8495, 36.6955 ], [ -2.9, 36.7397 ], [ -2.9254, 36.7517 ], [ -2.9777, 36.7383 ], [ -3.0218, 36.7473 ], [ -3.0224, 36.7441 ], [ -3.019, 36.7417 ], [ -3.0198, 36.7407 ], [ -3.0354, 36.7477 ], [ -3.1287, 36.7509 ], [ -3.1402, 36.7878 ], [ -3.074, 36.8247 ], [ -3.0428, 36.8319 ], [ -3.029, 36.8444 ], [ -3.0433, 36.8791 ], [ -3.0697, 36.8996 ], [ -3.0719, 36.9193 ], [ -3.0572, 36.9115 ], [ -3.0313, 36.9246 ], [ -3.0293, 36.9475 ], [ -3.0142, 36.9564 ], [ -2.9905, 36.9582 ], [ -2.9762, 36.9781 ], [ -2.9825, 37.006 ], [ -2.9989, 37.0122 ], [ -3.0162, 37.0522 ], [ -3.0264, 37.1166 ], [ -3.015, 37.1133 ], [ -3.0003, 37.095 ], [ -2.9509, 37.0965 ], [ -2.9429, 37.1112 ], [ -2.9471, 37.1222 ], [ -2.9325, 37.1372 ], [ -2.9293, 37.1564 ], [ -2.8952, 37.1672 ], [ -2.8808, 37.1872 ], [ -2.875, 37.2316 ], [ -2.8454, 37.2791 ], [ -2.82, 37.2782 ], [ -2.8149, 37.2709 ], [ -2.779, 37.2626 ], [ -2.7749, 37.2535 ], [ -2.7798, 37.2511 ], [ -2.759, 37.2267 ], [ -2.74, 37.2288 ], [ -2.733, 37.2373 ], [ -2.6927, 37.2172 ], [ -2.6601, 37.212 ], [ -2.6576, 37.2289 ], [ -2.6675, 37.2495 ], [ -2.6617, 37.2667 ], [ -2.6657, 37.2853 ], [ -2.6509, 37.3123 ], [ -2.6546, 37.3406 ], [ -2.6373, 37.3433 ], [ -2.6351, 37.3647 ], [ -2.6432, 37.3759 ], [ -2.6356, 37.3942 ], [ -2.5773, 37.429 ], [ -2.5685, 37.4464 ], [ -2.5351, 37.462 ], [ -2.5142, 37.4795 ], [ -2.4575, 37.4908 ], [ -2.462, 37.4987 ], [ -2.4563, 37.5094 ], [ -2.4238, 37.5129 ], [ -2.4117, 37.5249 ], [ -2.3972, 37.5134 ], [ -2.3812, 37.5229 ], [ -2.3585, 37.5223 ], [ -2.3557, 37.547 ], [ -2.3743, 37.5573 ], [ -2.3675, 37.563 ], [ -2.3749, 37.5778 ], [ -2.3679, 37.5916 ], [ -2.376, 37.6123 ], [ -2.3888, 37.618 ], [ -2.3913, 37.6325 ], [ -2.3596, 37.6213 ], [ -2.3454, 37.6292 ], [ -2.3404, 37.6234 ], [ -2.3167, 37.6218 ], [ -2.3089, 37.6334 ], [ -2.32, 37.6481 ], [ -2.3257, 37.6815 ], [ -2.2768, 37.7762 ], [ -2.3018, 37.8083 ], [ -2.2894, 37.8315 ], [ -2.2964, 37.8655 ], [ -2.2885, 37.8851 ], [ -2.2654, 37.8809 ], [ -2.2508, 37.8972 ], [ -2.2078, 37.9162 ], [ -2.1849, 37.9038 ], [ -2.1721, 37.8887 ], [ -2.1507, 37.8984 ], [ -2.1249, 37.9003 ], [ -2.0973, 37.8769 ], [ -2.0571, 37.8809 ], [ -2.0216, 37.8682 ], [ -2.0049, 37.88 ], [ -1.9989, 37.8758 ], [ -1.9937, 37.8798 ], [ -1.9743, 37.8672 ], [ -1.9953, 37.8414 ], [ -2.0088, 37.775 ], [ -1.9958, 37.728 ], [ -2.0077, 37.7198 ], [ -2.0119, 37.6725 ], [ -1.9928, 37.6433 ], [ -1.9831, 37.6389 ], [ -1.9768, 37.6187 ], [ -1.9553, 37.6009 ], [ -1.9538, 37.588 ], [ -1.8589, 37.4799 ], [ -1.8451, 37.455 ], [ -1.8086, 37.4335 ], [ -1.8118, 37.4516 ], [ -1.7371, 37.4426 ], [ -1.6308, 37.3736 ], [ -1.6446, 37.3714 ], [ -1.6534, 37.3542 ], [ -1.6656, 37.3581 ], [ -1.6771, 37.3528 ], [ -1.689, 37.3392 ], [ -1.7083, 37.3041 ], [ -1.7091, 37.3037 ], [ -1.7103, 37.3032 ], [ -1.7124, 37.3005 ], [ -1.7133, 37.3 ], [ -1.7133, 37.2999 ], [ -1.7134, 37.2999 ], [ -1.7213, 37.2956 ], [ -1.7236, 37.2906 ], [ -1.7251, 37.2903 ], [ -1.7261, 37.2882 ], [ -1.7273, 37.288 ], [ -1.7287, 37.2869 ], [ -1.7293, 37.2859 ], [ -1.7312, 37.2854 ], [ -1.7309, 37.2838 ], [ -1.7378, 37.2806 ], [ -1.7447, 37.2753 ], [ -1.75, 37.2667 ], [ -1.7589, 37.263 ], [ -1.7622, 37.2584 ], [ -1.7614, 37.2573 ], [ -1.7633, 37.256 ], [ -1.7635, 37.2547 ], [ -1.7632, 37.2546 ], [ -1.7648, 37.2539 ], [ -1.7671, 37.2502 ], [ -1.7688, 37.2502 ], [ -1.7718, 37.2454 ], [ -1.7718, 37.2465 ], [ -1.7722, 37.2466 ], [ -1.7721, 37.2459 ], [ -1.7732, 37.2457 ], [ -1.7733, 37.2455 ], [ -1.7733, 37.2454 ], [ -1.7734, 37.2454 ], [ -1.7742, 37.2444 ], [ -1.7748, 37.243 ], [ -1.7741, 37.2401 ], [ -1.7981, 37.2288 ], [ -1.8163, 37.1787 ], [ -1.8156, 37.1859 ], [ -1.82, 37.1833 ], [ -1.8332, 37.1191 ], [ -1.849, 37.0961 ], [ -1.8495, 37.0684 ], [ -1.8655, 37.0419 ], [ -1.8754, 37.0363 ], [ -1.8777, 37.0145 ], [ -1.9008, 36.9878 ], [ -1.9013, 36.9798 ], [ -1.8966, 36.9787 ], [ -1.8941, 36.9754 ], [ -1.8939, 36.9738 ], [ -1.8972, 36.9786 ], [ -1.9008, 36.9786 ], [ -1.8955, 36.9487 ], [ -1.9037, 36.9374 ], [ -1.9405, 36.9365 ], [ -1.9673, 36.8989 ], [ -1.9803, 36.903 ], [ -1.9921, 36.8937 ], [ -2.0039, 36.8809 ], [ -2.0058, 36.8607 ], [ -1.9954, 36.8504 ], [ -1.9996, 36.84 ], [ -2.009, 36.8341 ], [ -2.0254, 36.8349 ], [ -2.06, 36.8097 ], [ -2.0603, 36.7778 ], [ -2.0833, 36.765 ], [ -2.1062, 36.7627 ], [ -2.1067, 36.7521 ], [ -2.121, 36.7472 ], [ -2.1207, 36.7397 ], [ -2.1147, 36.739 ], [ -2.1215, 36.7334 ], [ -2.1934, 36.7211 ], [ -2.1933, 36.7233 ], [ -2.1958, 36.7263 ], [ -2.2023, 36.7286 ], [ -2.2412, 36.776 ], [ -2.2717, 36.8048 ], [ -2.2934, 36.8215 ], [ -2.3305, 36.8369 ], [ -2.3707, 36.8405 ], [ -2.4265, 36.8107 ], [ -2.4751, 36.837 ], [ -2.4791, 36.8357 ], [ -2.4641, 36.8259 ], [ -2.4796, 36.8348 ], [ -2.485, 36.8319 ], [ -2.4803, 36.8348 ], [ -2.482, 36.8356 ], [ -2.5026, 36.8246 ], [ -2.5547, 36.8169 ], [ -2.5684, 36.8111 ] ] ], [ [ [ -2.567, 36.8111 ], [ -2.5673, 36.811 ], [ -2.5669, 36.8114 ], [ -2.567, 36.8111 ] ] ], [ [ [ -2.1913, 36.7201 ], [ -2.191, 36.7202 ], [ -2.1909, 36.7201 ], [ -2.1913, 36.7201 ] ] ], [ [ [ -2.1906, 36.7208 ], [ -2.1907, 36.7203 ], [ -2.191, 36.7205 ], [ -2.1906, 36.7208 ] ] ], [ [ [ -2.1936, 36.7222 ], [ -2.1937, 36.7219 ], [ -2.1939, 36.7218 ], [ -2.1936, 36.7222 ] ] ], [ [ [ -2.175, 36.7227 ], [ -2.1748, 36.7224 ], [ -2.1749, 36.7223 ], [ -2.175, 36.7227 ] ] ], [ [ [ -2.049, 36.8127 ], [ -2.049, 36.812 ], [ -2.0496, 36.8122 ], [ -2.049, 36.8127 ] ] ], [ [ [ -2.0024, 36.8367 ], [ -2.0023, 36.8365 ], [ -2.0028, 36.8365 ], [ -2.0024, 36.8367 ] ] ], [ [ [ -1.8855, 36.9936 ], [ -1.885, 36.9921 ], [ -1.8858, 36.9922 ], [ -1.8855, 36.9936 ] ] ], [ [ [ -1.8197, 37.1787 ], [ -1.8196, 37.1787 ], [ -1.8198, 37.1777 ], [ -1.8197, 37.1787 ] ] ], [ [ [ -1.7744, 37.2434 ], [ -1.7743, 37.2434 ], [ -1.7744, 37.2433 ], [ -1.7744, 37.2434 ] ] ], [ [ [ -1.7735, 37.2444 ], [ -1.7732, 37.2444 ], [ -1.7733, 37.2443 ], [ -1.7735, 37.2444 ] ] ], [ [ [ -1.7734, 37.2445 ], [ -1.7735, 37.2445 ], [ -1.7732, 37.2447 ], [ -1.7734, 37.2445 ] ] ], [ [ [ -1.7729, 37.2448 ], [ -1.7731, 37.2448 ], [ -1.7728, 37.245 ], [ -1.7729, 37.2448 ] ] ], [ [ [ -1.7733, 37.2451 ], [ -1.7735, 37.2452 ], [ -1.7734, 37.2454 ], [ -1.7733, 37.2451 ] ] ], [ [ [ -1.773, 37.2453 ], [ -1.7729, 37.2452 ], [ -1.7731, 37.2453 ], [ -1.773, 37.2453 ] ] ], [ [ [ -1.7693, 37.2486 ], [ -1.7695, 37.2486 ], [ -1.7694, 37.2487 ], [ -1.7693, 37.2486 ] ] ], [ [ [ -1.7689, 37.2493 ], [ -1.7691, 37.2492 ], [ -1.769, 37.2494 ], [ -1.7689, 37.2493 ] ] ], [ [ [ -1.7658, 37.2515 ], [ -1.766, 37.2517 ], [ -1.7657, 37.2517 ], [ -1.7658, 37.2515 ] ] ], [ [ [ -1.7654, 37.2519 ], [ -1.7652, 37.2519 ], [ -1.7653, 37.2518 ], [ -1.7654, 37.2519 ] ] ], [ [ [ -1.7657, 37.2519 ], [ -1.7659, 37.2519 ], [ -1.7658, 37.252 ], [ -1.7657, 37.2519 ] ] ], [ [ [ -1.7613, 37.2571 ], [ -1.7613, 37.257 ], [ -1.7614, 37.257 ], [ -1.7613, 37.2571 ] ] ], [ [ [ -1.7506, 37.2663 ], [ -1.7506, 37.2662 ], [ -1.7507, 37.2662 ], [ -1.7506, 37.2663 ] ] ], [ [ [ -1.7447, 37.2723 ], [ -1.7445, 37.2724 ], [ -1.7447, 37.2722 ], [ -1.7447, 37.2723 ] ] ], [ [ [ -1.7414, 37.2757 ], [ -1.7414, 37.2755 ], [ -1.7415, 37.2755 ], [ -1.7414, 37.2757 ] ] ], [ [ [ -1.7416, 37.2759 ], [ -1.7415, 37.2758 ], [ -1.7416, 37.2758 ], [ -1.7416, 37.2759 ] ] ], [ [ [ -1.7322, 37.2831 ], [ -1.7321, 37.283 ], [ -1.7323, 37.283 ], [ -1.7322, 37.2831 ] ] ], [ [ [ -1.7285, 37.2867 ], [ -1.7285, 37.2866 ], [ -1.7286, 37.2867 ], [ -1.7285, 37.2867 ] ] ], [ [ [ -1.7254, 37.2887 ], [ -1.7253, 37.2888 ], [ -1.7252, 37.2886 ], [ -1.7254, 37.2887 ] ] ], [ [ [ -1.7239, 37.2898 ], [ -1.724, 37.2898 ], [ -1.724, 37.2899 ], [ -1.7239, 37.2898 ] ] ], [ [ [ -1.7239, 37.2902 ], [ -1.7241, 37.2903 ], [ -1.7238, 37.2905 ], [ -1.7239, 37.2902 ] ] ], [ [ [ -1.7235, 37.2906 ], [ -1.7234, 37.2907 ], [ -1.7234, 37.2905 ], [ -1.7235, 37.2906 ] ] ], [ [ [ -1.7233, 37.2909 ], [ -1.7232, 37.291 ], [ -1.7231, 37.2909 ], [ -1.7233, 37.2909 ] ] ], [ [ [ -1.7225, 37.2916 ], [ -1.7226, 37.2916 ], [ -1.7226, 37.2917 ], [ -1.7225, 37.2916 ] ] ], [ [ [ -1.7207, 37.2957 ], [ -1.7206, 37.2957 ], [ -1.7207, 37.2956 ], [ -1.7207, 37.2957 ] ] ], [ [ [ -1.7192, 37.2964 ], [ -1.7191, 37.2964 ], [ -1.7191, 37.2963 ], [ -1.7192, 37.2964 ] ] ], [ [ [ -1.7184, 37.2965 ], [ -1.7186, 37.2966 ], [ -1.7184, 37.2967 ], [ -1.7184, 37.2965 ] ] ], [ [ [ -1.7126, 37.2998 ], [ -1.7128, 37.2998 ], [ -1.7127, 37.3001 ], [ -1.7126, 37.2998 ] ] ], [ [ [ -1.7041, 37.3111 ], [ -1.7043, 37.3109 ], [ -1.7043, 37.311 ], [ -1.7041, 37.3111 ] ] ], [ [ [ -1.7041, 37.3113 ], [ -1.7041, 37.3114 ], [ -1.7039, 37.3112 ], [ -1.7041, 37.3113 ] ] ], [ [ [ -1.7034, 37.3124 ], [ -1.7033, 37.3124 ], [ -1.7033, 37.3123 ], [ -1.7034, 37.3124 ] ] ], [ [ [ -1.6998, 37.3172 ], [ -1.7002, 37.3173 ], [ -1.7001, 37.3175 ], [ -1.6998, 37.3172 ] ] ], [ [ [ -1.6997, 37.3175 ], [ -1.6995, 37.3174 ], [ -1.6996, 37.3173 ], [ -1.6997, 37.3175 ] ] ], [ [ [ -1.6997, 37.3178 ], [ -1.6998, 37.3178 ], [ -1.6997, 37.3179 ], [ -1.6997, 37.3178 ] ] ], [ [ [ -1.6989, 37.3194 ], [ -1.6988, 37.3194 ], [ -1.6989, 37.3193 ], [ -1.6989, 37.3194 ] ] ], [ [ [ -1.6995, 37.3195 ], [ -1.6995, 37.3194 ], [ -1.6996, 37.3195 ], [ -1.6995, 37.3195 ] ] ], [ [ [ -1.6985, 37.3199 ], [ -1.6986, 37.3199 ], [ -1.6986, 37.32 ], [ -1.6985, 37.3199 ] ] ], [ [ [ -1.6991, 37.32 ], [ -1.6992, 37.3201 ], [ -1.699, 37.3202 ], [ -1.6991, 37.32 ] ] ], [ [ [ -1.6987, 37.3203 ], [ -1.6984, 37.3203 ], [ -1.6984, 37.3202 ], [ -1.6987, 37.3203 ] ] ], [ [ [ -1.6988, 37.3205 ], [ -1.6987, 37.3203 ], [ -1.6989, 37.3202 ], [ -1.6988, 37.3205 ] ] ], [ [ [ -1.6986, 37.3208 ], [ -1.6987, 37.3207 ], [ -1.6987, 37.3208 ], [ -1.6986, 37.3208 ] ] ], [ [ [ -1.6984, 37.3218 ], [ -1.6983, 37.3219 ], [ -1.6982, 37.3217 ], [ -1.6984, 37.3218 ] ] ], [ [ [ -1.698, 37.3221 ], [ -1.6978, 37.3221 ], [ -1.6979, 37.322 ], [ -1.698, 37.3221 ] ] ], [ [ [ -1.6976, 37.3219 ], [ -1.6978, 37.3218 ], [ -1.6976, 37.3224 ], [ -1.6976, 37.3219 ] ] ], [ [ [ -1.6974, 37.3228 ], [ -1.6974, 37.3227 ], [ -1.6975, 37.3228 ], [ -1.6974, 37.3228 ] ] ], [ [ [ -1.6972, 37.323 ], [ -1.6971, 37.3229 ], [ -1.6972, 37.3228 ], [ -1.6972, 37.323 ] ] ], [ [ [ -1.6527, 37.3477 ], [ -1.6514, 37.3475 ], [ -1.6516, 37.3469 ], [ -1.6527, 37.3477 ] ] ], [ [ [ -1.6483, 37.36 ], [ -1.6478, 37.3598 ], [ -1.649, 37.3593 ], [ -1.6483, 37.36 ] ] ] ] } },
{ "type": "Feature", "properties": { "prov": "Ávila", "ccaa": "Castilla y León" }, "geometry": { "type": "Polygon", "coordinates": [ [ [ -5.425, 40.2538 ], [ -5.4398, 40.2336 ], [ -5.4681, 40.2242 ], [ -5.4709, 40.2079 ], [ -5.5407, 40.1958 ], [ -5.5933, 40.2161 ], [ -5.6145, 40.2183 ], [ -5.6189, 40.2239 ], [ -5.6141, 40.2358 ], [ -5.622, 40.2459 ], [ -5.6492, 40.2497 ], [ -5.66, 40.2578 ], [ -5.6567, 40.2704 ], [ -5.6927, 40.2921 ], [ -5.7376, 40.2941 ], [ -5.7143, 40.3253 ], [ -5.673, 40.3485 ], [ -5.6864, 40.3554 ], [ -5.687, 40.3757 ], [ -5.6784, 40.387 ], [ -5.6912, 40.422 ], [ -5.6566, 40.4368 ], [ -5.6342, 40.4604 ], [ -5.5609, 40.4771 ], [ -5.5599, 40.4628 ], [ -5.5707, 40.4565 ], [ -5.5746, 40.4443 ], [ -5.5448, 40.4231 ], [ -5.5259, 40.4224 ], [ -5.5115, 40.4263 ], [ -5.5106, 40.4421 ], [ -5.5203, 40.4479 ], [ -5.5098, 40.4637 ], [ -5.4826, 40.4567 ], [ -5.4655, 40.4659 ], [ -5.462, 40.4912 ], [ -5.4524, 40.4941 ], [ -5.447, 40.52 ], [ -5.4334, 40.533 ], [ -5.4256, 40.5566 ], [ -5.4285, 40.5645 ], [ -5.4816, 40.5567 ], [ -5.5247, 40.5407 ], [ -5.5292, 40.5523 ], [ -5.5163, 40.5678 ], [ -5.5162, 40.5854 ], [ -5.5009, 40.5974 ], [ -5.4997, 40.5816 ], [ -5.4477, 40.5796 ], [ -5.4194, 40.6079 ], [ -5.403, 40.6088 ], [ -5.383, 40.6208 ], [ -5.3732, 40.6388 ], [ -5.3784, 40.6455 ], [ -5.3659, 40.6488 ], [ -5.3858, 40.6633 ], [ -5.3855, 40.6714 ], [ -5.3372, 40.6893 ], [ -5.3321, 40.6946 ], [ -5.3371, 40.6995 ], [ -5.3288, 40.7054 ], [ -5.2928, 40.7103 ], [ -5.2538, 40.7343 ], [ -5.2499, 40.7429 ], [ -5.2144, 40.7578 ], [ -5.219, 40.773 ], [ -5.1844, 40.7887 ], [ -5.1776, 40.8053 ], [ -5.1615, 40.814 ], [ -5.1575, 40.8241 ], [ -5.169, 40.84 ], [ -5.1638, 40.8684 ], [ -5.1301, 40.9003 ], [ -5.115, 40.9028 ], [ -5.1113, 40.9156 ], [ -5.1276, 40.9541 ], [ -5.1048, 40.9603 ], [ -5.0965, 40.9785 ], [ -5.0996, 40.9896 ], [ -5.0898, 40.9966 ], [ -5.1066, 41.0295 ], [ -5.1408, 41.0372 ], [ -5.1465, 41.0436 ], [ -5.1523, 41.0819 ], [ -5.1486, 41.0922 ], [ -5.1292, 41.1054 ], [ -5.124, 41.1356 ], [ -5.1114, 41.135 ], [ -5.1001, 41.1471 ], [ -5.0599, 41.1386 ], [ -5.0218, 41.1536 ], [ -5.0139, 41.1642 ], [ -4.9897, 41.1608 ], [ -4.9845, 41.1522 ], [ -4.9676, 41.1523 ], [ -4.963, 41.1401 ], [ -4.9508, 41.1407 ], [ -4.8637, 41.094 ], [ -4.8556, 41.1007 ], [ -4.815, 41.1034 ], [ -4.8189, 41.108 ], [ -4.8135, 41.1294 ], [ -4.7862, 41.1436 ], [ -4.7221, 41.1493 ], [ -4.7167, 41.1326 ], [ -4.7246, 41.1227 ], [ -4.71, 41.0993 ], [ -4.7179, 41.09 ], [ -4.7071, 41.0888 ], [ -4.7165, 41.0716 ], [ -4.7127, 41.0621 ], [ -4.7032, 41.0524 ], [ -4.6801, 41.0509 ], [ -4.6383, 41.0313 ], [ -4.6172, 41.0037 ], [ -4.6067, 40.9708 ], [ -4.5664, 40.9562 ], [ -4.5678, 40.9454 ], [ -4.5584, 40.9401 ], [ -4.5593, 40.9132 ], [ -4.5524, 40.9075 ], [ -4.5596, 40.8858 ], [ -4.5353, 40.8724 ], [ -4.5316, 40.8586 ], [ -4.5499, 40.8534 ], [ -4.5567, 40.8363 ], [ -4.5464, 40.8255 ], [ -4.4938, 40.8335 ], [ -4.4732, 40.8 ], [ -4.4816, 40.7884 ], [ -4.4727, 40.7828 ], [ -4.4738, 40.7747 ], [ -4.4545, 40.7545 ], [ -4.4311, 40.7424 ], [ -4.4269, 40.7296 ], [ -4.4347, 40.7062 ], [ -4.4221, 40.6753 ], [ -4.4196, 40.6334 ], [ -4.3326, 40.6371 ], [ -4.3281, 40.6473 ], [ -4.256, 40.6515 ], [ -4.2539, 40.6619 ], [ -4.274, 40.6799 ], [ -4.2529, 40.6895 ], [ -4.1833, 40.6981 ], [ -4.1602, 40.6898 ], [ -4.1735, 40.674 ], [ -4.1666, 40.6527 ], [ -4.1729, 40.6304 ], [ -4.1612, 40.6235 ], [ -4.2143, 40.6054 ], [ -4.2454, 40.6024 ], [ -4.2621, 40.6052 ], [ -4.2711, 40.629 ], [ -4.2907, 40.6278 ], [ -4.2901, 40.6077 ], [ -4.2786, 40.6032 ], [ -4.2893, 40.5642 ], [ -4.3237, 40.5496 ], [ -4.3282, 40.5338 ], [ -4.3201, 40.5306 ], [ -4.3274, 40.5072 ], [ -4.3226, 40.5016 ], [ -4.3239, 40.4775 ], [ -4.3157, 40.4648 ], [ -4.3186, 40.4584 ], [ -4.3252, 40.4601 ], [ -4.3197, 40.452 ], [ -4.3322, 40.4488 ], [ -4.3313, 40.4411 ], [ -4.3405, 40.438 ], [ -4.3413, 40.4287 ], [ -4.3235, 40.4235 ], [ -4.3268, 40.4139 ], [ -4.3211, 40.4103 ], [ -4.4031, 40.4111 ], [ -4.4217, 40.4062 ], [ -4.4437, 40.3857 ], [ -4.4386, 40.3527 ], [ -4.4606, 40.3414 ], [ -4.4538, 40.3331 ], [ -4.4558, 40.3194 ], [ -4.4853, 40.3211 ], [ -4.5049, 40.3153 ], [ -4.5271, 40.338 ], [ -4.5268, 40.3449 ], [ -4.5462, 40.3418 ], [ -4.5294, 40.2931 ], [ -4.5554, 40.2769 ], [ -4.5566, 40.2644 ], [ -4.5695, 40.2573 ], [ -4.5671, 40.2398 ], [ -4.5596, 40.2343 ], [ -4.5609, 40.2228 ], [ -4.6167, 40.2 ], [ -4.6543, 40.198 ], [ -4.6628, 40.2059 ], [ -4.6867, 40.2103 ], [ -4.6868, 40.2358 ], [ -4.6935, 40.2411 ], [ -4.6872, 40.2496 ], [ -4.7027, 40.2606 ], [ -4.694, 40.266 ], [ -4.6981, 40.2822 ], [ -4.7137, 40.2808 ], [ -4.7125, 40.2762 ], [ -4.7286, 40.2705 ], [ -4.7426, 40.2753 ], [ -4.7616, 40.2609 ], [ -4.8035, 40.2753 ], [ -4.8099, 40.2588 ], [ -4.8181, 40.2548 ], [ -4.8073, 40.2347 ], [ -4.8213, 40.2301 ], [ -4.8208, 40.2227 ], [ -4.8389, 40.21 ], [ -4.8641, 40.2047 ], [ -4.8772, 40.1915 ], [ -4.9248, 40.1701 ], [ -4.9178, 40.154 ], [ -4.9253, 40.1363 ], [ -4.9574, 40.1329 ], [ -4.955, 40.1214 ], [ -5.0117, 40.111 ], [ -5.0063, 40.1263 ], [ -5.0169, 40.1591 ], [ -5.0292, 40.158 ], [ -5.042, 40.1511 ], [ -5.0679, 40.1505 ], [ -5.0775, 40.1364 ], [ -5.0859, 40.1351 ], [ -5.0887, 40.124 ], [ -5.1015, 40.1271 ], [ -5.1411, 40.0921 ], [ -5.1724, 40.0853 ], [ -5.1841, 40.0892 ], [ -5.1999, 40.0819 ], [ -5.2122, 40.0919 ], [ -5.2101, 40.1051 ], [ -5.2159, 40.1077 ], [ -5.2668, 40.1116 ], [ -5.3158, 40.107 ], [ -5.3357, 40.1152 ], [ -5.3368, 40.1239 ], [ -5.3497, 40.1334 ], [ -5.3566, 40.1523 ], [ -5.3685, 40.1631 ], [ -5.364, 40.1787 ], [ -5.3674, 40.1982 ], [ -5.3627, 40.2013 ], [ -5.3701, 40.2169 ], [ -5.3587, 40.2266 ], [ -5.3435, 40.2634 ], [ -5.3956, 40.2503 ], [ -5.425, 40.2538 ] ] ] } },
{ "type": "Feature", "properties": { "prov": "Badajoz", "ccaa": "Extremadura" }, "geometry": { "type": "Polygon", "coordinates": [ [ [ -6.8158, 38.1201 ], [ -6.7995, 38.1438 ], [ -6.7951, 38.1785 ], [ -6.8224, 38.1738 ], [ -6.8553, 38.179 ], [ -6.9025, 38.2018 ], [ -6.9224, 38.2003 ], [ -6.9378, 38.2069 ], [ -6.9364, 38.2205 ], [ -6.9464, 38.2117 ], [ -6.9475, 38.2176 ], [ -6.9567, 38.217 ], [ -6.9721, 38.2021 ], [ -6.9806, 38.2113 ], [ -6.9955, 38.2037 ], [ -7.0112, 38.2045 ], [ -7.0103, 38.1959 ], [ -7.0168, 38.1972 ], [ -7.0286, 38.1825 ], [ -7.0435, 38.1873 ], [ -7.0593, 38.1777 ], [ -7.0564, 38.1859 ], [ -7.0666, 38.1865 ], [ -7.0662, 38.179 ], [ -7.0854, 38.1693 ], [ -7.0892, 38.1786 ], [ -7.1078, 38.1879 ], [ -7.1127, 38.2063 ], [ -7.1399, 38.2355 ], [ -7.143, 38.2616 ], [ -7.1534, 38.2698 ], [ -7.1506, 38.2758 ], [ -7.1695, 38.2791 ], [ -7.2023, 38.329 ], [ -7.2713, 38.3948 ], [ -7.2797, 38.4197 ], [ -7.2918, 38.4278 ], [ -7.2995, 38.4254 ], [ -7.3173, 38.4403 ], [ -7.3357, 38.4361 ], [ -7.3297, 38.4449 ], [ -7.315, 38.4493 ], [ -7.3135, 38.4604 ], [ -7.2961, 38.4761 ], [ -7.3007, 38.4827 ], [ -7.3136, 38.474 ], [ -7.3213, 38.4798 ], [ -7.3138, 38.514 ], [ -7.3017, 38.5281 ], [ -7.3029, 38.5441 ], [ -7.2885, 38.5594 ], [ -7.2842, 38.5758 ], [ -7.2757, 38.5753 ], [ -7.2639, 38.5882 ], [ -7.2581, 38.6121 ], [ -7.2432, 38.6235 ], [ -7.2659, 38.6279 ], [ -7.2718, 38.6379 ], [ -7.2665, 38.7 ], [ -7.2573, 38.7124 ], [ -7.2588, 38.7238 ], [ -7.2071, 38.7456 ], [ -7.1921, 38.767 ], [ -7.1633, 38.7795 ], [ -7.1493, 38.7992 ], [ -7.1286, 38.8137 ], [ -7.0913, 38.8191 ], [ -7.0684, 38.8542 ], [ -7.0392, 38.8647 ], [ -7.0335, 38.8788 ], [ -7.0519, 38.9071 ], [ -7.0275, 38.9229 ], [ -7.0204, 38.9401 ], [ -6.9511, 39.0236 ], [ -6.9678, 39.0395 ], [ -6.9594, 39.0545 ], [ -6.9625, 39.0606 ], [ -6.996, 39.0993 ], [ -7.0388, 39.1184 ], [ -7.0962, 39.1063 ], [ -7.1053, 39.0992 ], [ -7.144, 39.1086 ], [ -7.1493, 39.1216 ], [ -7.136, 39.1447 ], [ -7.1403, 39.1501 ], [ -7.133, 39.1604 ], [ -7.1346, 39.1712 ], [ -7.2079, 39.1873 ], [ -7.2415, 39.2083 ], [ -7.2465, 39.2564 ], [ -7.2315, 39.2783 ], [ -7.2039, 39.2657 ], [ -7.1698, 39.3059 ], [ -7.1552, 39.3145 ], [ -7.1554, 39.3297 ], [ -7.1685, 39.3202 ], [ -7.1778, 39.3312 ], [ -7.1543, 39.3675 ], [ -7.1189, 39.3837 ], [ -7.0739, 39.3812 ], [ -7.063, 39.3723 ], [ -7.0791, 39.3514 ], [ -7.0986, 39.3591 ], [ -7.1021, 39.3464 ], [ -7.0829, 39.3356 ], [ -7.0843, 39.323 ], [ -7.0772, 39.3102 ], [ -7.0441, 39.3269 ], [ -7.048, 39.3335 ], [ -7.0298, 39.3515 ], [ -7.0326, 39.3676 ], [ -7.0214, 39.3713 ], [ -7.0193, 39.3825 ], [ -7.0093, 39.3885 ], [ -7.0398, 39.3971 ], [ -7.067, 39.4143 ], [ -7.0488, 39.4367 ], [ -6.9939, 39.4254 ], [ -6.9968, 39.4213 ], [ -6.9765, 39.4118 ], [ -6.8832, 39.3828 ], [ -6.8021, 39.3895 ], [ -6.791, 39.3684 ], [ -6.797, 39.3445 ], [ -6.7467, 39.3218 ], [ -6.7612, 39.2766 ], [ -6.8009, 39.2394 ], [ -6.7929, 39.2119 ], [ -6.7675, 39.1884 ], [ -6.7506, 39.194 ], [ -6.681, 39.1772 ], [ -6.6597, 39.1991 ], [ -6.6453, 39.1933 ], [ -6.6334, 39.1968 ], [ -6.5801, 39.1798 ], [ -6.5844, 39.1711 ], [ -6.5741, 39.1677 ], [ -6.5742, 39.1583 ], [ -6.5399, 39.1553 ], [ -6.5359, 39.1746 ], [ -6.5404, 39.1817 ], [ -6.4911, 39.1679 ], [ -6.4387, 39.1758 ], [ -6.4151, 39.1658 ], [ -6.3717, 39.1624 ], [ -6.3532, 39.1792 ], [ -6.3242, 39.1866 ], [ -6.3077, 39.1473 ], [ -6.312, 39.111 ], [ -6.2949, 39.0978 ], [ -6.2309, 39.0897 ], [ -6.2029, 39.0571 ], [ -6.1588, 39.0559 ], [ -6.1422, 39.0315 ], [ -6.0786, 39.0936 ], [ -6.0186, 39.1291 ], [ -6.0093, 39.0525 ], [ -5.9817, 39.0689 ], [ -5.9423, 39.1085 ], [ -5.9267, 39.1046 ], [ -5.9255, 39.0938 ], [ -5.9374, 39.0838 ], [ -5.9247, 39.0831 ], [ -5.8721, 39.1043 ], [ -5.8335, 39.1103 ], [ -5.8164, 39.1198 ], [ -5.8193, 39.1299 ], [ -5.8104, 39.1446 ], [ -5.7552, 39.1323 ], [ -5.7016, 39.0899 ], [ -5.6716, 39.079 ], [ -5.6472, 39.1017 ], [ -5.6043, 39.1002 ], [ -5.587, 39.1133 ], [ -5.5841, 39.1178 ], [ -5.6018, 39.1282 ], [ -5.6014, 39.1341 ], [ -5.5844, 39.1385 ], [ -5.5766, 39.1509 ], [ -5.6132, 39.1882 ], [ -5.5642, 39.2106 ], [ -5.5567, 39.2087 ], [ -5.551, 39.2159 ], [ -5.5281, 39.1915 ], [ -5.5146, 39.2097 ], [ -5.5011, 39.1884 ], [ -5.4763, 39.1763 ], [ -5.4598, 39.1584 ], [ -5.4286, 39.1625 ], [ -5.4127, 39.157 ], [ -5.384, 39.1742 ], [ -5.3673, 39.213 ], [ -5.3491, 39.2336 ], [ -5.3471, 39.2479 ], [ -5.3554, 39.2678 ], [ -5.3399, 39.3336 ], [ -5.3032, 39.3196 ], [ -5.2831, 39.3195 ], [ -5.2476, 39.3018 ], [ -5.1534, 39.3197 ], [ -5.1235, 39.3365 ], [ -5.1119, 39.3575 ], [ -5.1136, 39.3875 ], [ -5.0899, 39.3904 ], [ -5.0538, 39.3624 ], [ -5.0196, 39.3683 ], [ -5.0089, 39.3783 ], [ -4.9846, 39.3716 ], [ -4.9691, 39.3833 ], [ -4.974, 39.3947 ], [ -4.9365, 39.3961 ], [ -4.9316, 39.3876 ], [ -4.902, 39.3745 ], [ -4.8709, 39.3683 ], [ -4.8607, 39.3797 ], [ -4.8455, 39.3792 ], [ -4.8104, 39.3966 ], [ -4.7746, 39.3972 ], [ -4.7549, 39.4164 ], [ -4.6903, 39.4518 ], [ -4.669, 39.4239 ], [ -4.7043, 39.3644 ], [ -4.7103, 39.3461 ], [ -4.7071, 39.328 ], [ -4.7611, 39.3207 ], [ -4.7399, 39.2806 ], [ -4.7337, 39.2525 ], [ -4.7135, 39.2443 ], [ -4.7082, 39.2099 ], [ -4.6652, 39.1861 ], [ -4.6628, 39.1787 ], [ -4.6493, 39.172 ], [ -4.649, 39.1649 ], [ -4.7425, 39.1945 ], [ -4.7736, 39.1895 ], [ -4.8103, 39.1994 ], [ -4.8212, 39.1809 ], [ -4.8322, 39.1751 ], [ -4.8316, 39.1642 ], [ -4.8452, 39.1614 ], [ -4.8532, 39.1524 ], [ -4.8569, 39.1233 ], [ -4.8706, 39.1124 ], [ -4.8744, 39.1004 ], [ -4.8584, 39.0768 ], [ -4.8269, 39.0641 ], [ -4.8328, 39.0462 ], [ -4.8492, 39.0455 ], [ -4.861, 39.0318 ], [ -4.88, 39.0324 ], [ -4.9351, 39.0564 ], [ -4.9625, 39.0587 ], [ -4.9337, 38.9756 ], [ -4.9182, 38.957 ], [ -4.9051, 38.9633 ], [ -4.8817, 38.9492 ], [ -4.8519, 38.9473 ], [ -4.8324, 38.9389 ], [ -4.8473, 38.8824 ], [ -4.9149, 38.8874 ], [ -4.9435, 38.8544 ], [ -4.9612, 38.7884 ], [ -4.9727, 38.7611 ], [ -4.99, 38.7398 ], [ -5.004, 38.733 ], [ -5.0388, 38.7333 ], [ -5.0992, 38.7077 ], [ -5.119, 38.7161 ], [ -5.1666, 38.7117 ], [ -5.1845, 38.7197 ], [ -5.1673, 38.6805 ], [ -5.1858, 38.6742 ], [ -5.1791, 38.6657 ], [ -5.1842, 38.6597 ], [ -5.1969, 38.6673 ], [ -5.2, 38.6566 ], [ -5.2085, 38.6677 ], [ -5.2147, 38.6486 ], [ -5.2238, 38.6567 ], [ -5.2229, 38.6483 ], [ -5.2391, 38.6368 ], [ -5.2475, 38.6398 ], [ -5.2447, 38.6323 ], [ -5.254, 38.6332 ], [ -5.2544, 38.6257 ], [ -5.2922, 38.6108 ], [ -5.3102, 38.5936 ], [ -5.3085, 38.5776 ], [ -5.3717, 38.5836 ], [ -5.3757, 38.5683 ], [ -5.3898, 38.5622 ], [ -5.3836, 38.5559 ], [ -5.3927, 38.5535 ], [ -5.3832, 38.5405 ], [ -5.3976, 38.5466 ], [ -5.4069, 38.5437 ], [ -5.4034, 38.5363 ], [ -5.416, 38.5302 ], [ -5.4094, 38.5212 ], [ -5.4165, 38.5204 ], [ -5.4186, 38.5127 ], [ -5.4278, 38.5146 ], [ -5.4346, 38.5044 ], [ -5.4576, 38.4992 ], [ -5.4685, 38.4849 ], [ -5.4795, 38.4843 ], [ -5.4846, 38.463 ], [ -5.4917, 38.4664 ], [ -5.4949, 38.4591 ], [ -5.505, 38.4568 ], [ -5.5197, 38.4633 ], [ -5.5681, 38.4334 ], [ -5.5845, 38.4003 ], [ -5.5851, 38.3858 ], [ -5.5592, 38.3669 ], [ -5.5669, 38.3625 ], [ -5.5756, 38.3291 ], [ -5.5555, 38.3177 ], [ -5.5444, 38.2823 ], [ -5.526, 38.2641 ], [ -5.53, 38.2552 ], [ -5.5238, 38.2492 ], [ -5.5204, 38.2084 ], [ -5.5387, 38.2006 ], [ -5.5367, 38.1919 ], [ -5.5437, 38.1849 ], [ -5.5358, 38.1687 ], [ -5.5397, 38.1607 ], [ -5.5507, 38.1606 ], [ -5.5601, 38.1486 ], [ -5.5759, 38.1496 ], [ -5.5856, 38.1404 ], [ -5.5848, 38.1317 ], [ -5.6325, 38.1386 ], [ -5.6936, 38.0837 ], [ -5.7104, 38.081 ], [ -5.7349, 38.0863 ], [ -5.7341, 38.1095 ], [ -5.7407, 38.1265 ], [ -5.736, 38.1354 ], [ -5.7154, 38.1338 ], [ -5.6947, 38.1503 ], [ -5.7058, 38.1694 ], [ -5.695, 38.1711 ], [ -5.6842, 38.1571 ], [ -5.6886, 38.1819 ], [ -5.699, 38.1809 ], [ -5.6947, 38.1865 ], [ -5.7135, 38.1859 ], [ -5.7282, 38.1974 ], [ -5.7495, 38.19 ], [ -5.7573, 38.1806 ], [ -5.7817, 38.1859 ], [ -5.7994, 38.1746 ], [ -5.8037, 38.1782 ], [ -5.8106, 38.1736 ], [ -5.8112, 38.1782 ], [ -5.8228, 38.1755 ], [ -5.8231, 38.1699 ], [ -5.8515, 38.1719 ], [ -5.8562, 38.1617 ], [ -5.8774, 38.1557 ], [ -5.8807, 38.1323 ], [ -5.9125, 38.123 ], [ -5.9264, 38.105 ], [ -5.9293, 38.0892 ], [ -5.9108, 38.0782 ], [ -5.909, 38.0628 ], [ -5.9193, 38.0498 ], [ -5.9342, 38.0469 ], [ -5.9328, 38.0308 ], [ -5.9537, 37.9953 ], [ -5.9935, 37.9995 ], [ -6.0171, 37.9911 ], [ -6.0469, 37.9973 ], [ -6.0779, 37.9846 ], [ -6.1153, 37.9818 ], [ -6.149, 37.9663 ], [ -6.1538, 37.9576 ], [ -6.1678, 37.9558 ], [ -6.1802, 37.941 ], [ -6.196, 37.9487 ], [ -6.2015, 37.9621 ], [ -6.2392, 37.9589 ], [ -6.252, 37.9714 ], [ -6.3034, 37.9782 ], [ -6.3293, 37.9983 ], [ -6.347, 38.0028 ], [ -6.3591, 38.0167 ], [ -6.3672, 38.0489 ], [ -6.4443, 38.0596 ], [ -6.4524, 38.056 ], [ -6.4436, 38.047 ], [ -6.4739, 38.0244 ], [ -6.4653, 38.0112 ], [ -6.4766, 38.0078 ], [ -6.4917, 38.0095 ], [ -6.495, 38.0191 ], [ -6.5457, 38.0281 ], [ -6.5823, 38.0208 ], [ -6.5872, 38.0268 ], [ -6.5805, 38.0528 ], [ -6.6221, 38.097 ], [ -6.6421, 38.0975 ], [ -6.6493, 38.09 ], [ -6.653, 38.0965 ], [ -6.6604, 38.0924 ], [ -6.6887, 38.1002 ], [ -6.6918, 38.0949 ], [ -6.715, 38.0925 ], [ -6.7198, 38.1006 ], [ -6.7294, 38.0995 ], [ -6.7352, 38.0939 ], [ -6.732, 38.0901 ], [ -6.7582, 38.0927 ], [ -6.7701, 38.0995 ], [ -6.7649, 38.106 ], [ -6.7736, 38.1047 ], [ -6.7698, 38.112 ], [ -6.8083, 38.1112 ], [ -6.8158, 38.1201 ] ] ] } },
{ "type": "Feature", "properties": { "prov": "Illes Balears", "ccaa": "Illes Balears" }, "geometry": { "type": "MultiPolygon", "coordinates": [ [ [ [ 1.2439, 38.8615 ], [ 1.2436, 38.8605 ], [ 1.2436, 38.8606 ], [ 1.2439, 38.8615 ] ] ], [ [ [ 1.2032, 38.8667 ], [ 1.2034, 38.8668 ], [ 1.2034, 38.8666 ], [ 1.2032, 38.8667 ] ] ], [ [ [ 1.1959, 38.8702 ], [ 1.2034, 38.8688 ], [ 1.202, 38.8641 ], [ 1.1883, 38.8632 ], [ 1.1959, 38.8702 ] ] ], [ [ [ 1.204, 38.8672 ], [ 1.2039, 38.8673 ], [ 1.204, 38.8674 ], [ 1.204, 38.8672 ] ] ], [ [ [ 1.2583, 38.8674 ], [ 1.2582, 38.8674 ], [ 1.2583, 38.8675 ], [ 1.2583, 38.8674 ] ] ], [ [ [ 1.2138, 38.8682 ], [ 1.2066, 38.8683 ], [ 1.2153, 38.8691 ], [ 1.2138, 38.8682 ] ] ], [ [ [ 1.2151, 38.8683 ], [ 1.2153, 38.8683 ], [ 1.2152, 38.8682 ], [ 1.2151, 38.8683 ] ] ], [ [ [ 1.2402, 38.869 ], [ 1.2402, 38.8689 ], [ 1.2401, 38.869 ], [ 1.2402, 38.869 ] ] ], [ [ [ 1.2023, 38.8701 ], [ 1.2022, 38.8702 ], [ 1.2025, 38.8702 ], [ 1.2023, 38.8701 ] ] ], [ [ [ 1.2014, 38.8705 ], [ 1.2013, 38.8705 ], [ 1.2014, 38.8707 ], [ 1.2014, 38.8705 ] ] ], [ [ [ 1.198, 38.871 ], [ 1.1981, 38.8709 ], [ 1.1979, 38.8709 ], [ 1.198, 38.871 ] ] ], [ [ [ 1.2249, 38.871 ], [ 1.225, 38.8711 ], [ 1.225, 38.871 ], [ 1.2249, 38.871 ] ] ], [ [ [ 1.1964, 38.8719 ], [ 1.1969, 38.872 ], [ 1.1953, 38.871 ], [ 1.1964, 38.8719 ] ] ], [ [ [ 1.2628, 38.8725 ], [ 1.2629, 38.8725 ], [ 1.2628, 38.8724 ], [ 1.2628, 38.8725 ] ] ], [ [ [ 1.2259, 38.8752 ], [ 1.2259, 38.8751 ], [ 1.2258, 38.8752 ], [ 1.2259, 38.8752 ] ] ], [ [ [ 1.2857, 38.8763 ], [ 1.2858, 38.8764 ], [ 1.2858, 38.8763 ], [ 1.2857, 38.8763 ] ] ], [ [ [ 1.2226, 38.8798 ], [ 1.2225, 38.8797 ], [ 1.2224, 38.8798 ], [ 1.2226, 38.8798 ] ] ], [ [ [ 1.2188, 38.8902 ], [ 1.2192, 38.89 ], [ 1.2187, 38.8895 ], [ 1.2188, 38.8902 ] ] ], [ [ [ 1.2144, 38.8972 ], [ 1.2145, 38.8973 ], [ 1.2146, 38.8972 ], [ 1.2144, 38.8972 ] ] ], [ [ [ 1.2213, 38.9202 ], [ 1.2213, 38.9203 ], [ 1.2215, 38.9204 ], [ 1.2213, 38.9202 ] ] ], [ [ [ 1.188, 38.9563 ], [ 1.1881, 38.9564 ], [ 1.1882, 38.9563 ], [ 1.188, 38.9563 ] ] ], [ [ [ 1.1895, 38.9565 ], [ 1.1883, 38.9564 ], [ 1.1882, 38.9568 ], [ 1.1895, 38.9565 ] ] ], [ [ [ 1.1909, 38.9571 ], [ 1.1898, 38.9578 ], [ 1.2, 38.9575 ], [ 1.1909, 38.9571 ] ] ], [ [ [ 1.2012, 38.9583 ], [ 1.201, 38.9587 ], [ 1.2016, 38.9588 ], [ 1.2012, 38.9583 ] ] ], [ [ [ 1.1998, 38.9591 ], [ 1.1997, 38.9592 ], [ 1.1998, 38.9592 ], [ 1.1998, 38.9591 ] ] ], [ [ [ 1.1916, 38.9594 ], [ 1.1916, 38.9595 ], [ 1.1917, 38.9595 ], [ 1.1916, 38.9594 ] ] ], [ [ [ 1.2192, 38.9641 ], [ 1.2191, 38.9642 ], [ 1.2193, 38.9644 ], [ 1.2192, 38.9641 ] ] ], [ [ [ 1.2187, 38.9653 ], [ 1.2188, 38.9652 ], [ 1.2172, 38.9649 ], [ 1.2187, 38.9653 ] ] ], [ [ [ 1.2184, 38.9665 ], [ 1.2184, 38.9667 ], [ 1.2186, 38.9668 ], [ 1.2184, 38.9665 ] ] ], [ [ [ 1.1665, 38.9685 ], [ 1.1649, 38.9675 ], [ 1.1647, 38.9683 ], [ 1.1665, 38.9685 ] ] ], [ [ [ 1.166, 38.9691 ], [ 1.1653, 38.9693 ], [ 1.1656, 38.9697 ], [ 1.166, 38.9691 ] ] ], [ [ [ 1.2152, 38.9727 ], [ 1.2202, 38.9685 ], [ 1.2184, 38.9669 ], [ 1.2152, 38.9727 ] ] ], [ [ [ 1.1647, 38.9735 ], [ 1.1671, 38.9718 ], [ 1.1663, 38.9714 ], [ 1.1647, 38.9735 ] ] ], [ [ [ 1.232, 38.9736 ], [ 1.2314, 38.9735 ], [ 1.2318, 38.974 ], [ 1.232, 38.9736 ] ] ], [ [ [ 1.232, 38.9769 ], [ 1.2318, 38.9768 ], [ 1.2317, 38.9772 ], [ 1.232, 38.9769 ] ] ], [ [ [ 1.1578, 38.9787 ], [ 1.158, 38.9787 ], [ 1.158, 38.9786 ], [ 1.1578, 38.9787 ] ] ], [ [ [ 1.1603, 38.9799 ], [ 1.1615, 38.9808 ], [ 1.1603, 38.979 ], [ 1.1603, 38.9799 ] ] ], [ [ [ 1.1611, 38.9823 ], [ 1.1615, 38.9827 ], [ 1.1615, 38.9822 ], [ 1.1611, 38.9823 ] ] ], [ [ [ 1.1685, 38.9849 ], [ 1.1687, 38.9847 ], [ 1.1684, 38.9846 ], [ 1.1685, 38.9849 ] ] ], [ [ [ 1.2062, 38.9894 ], [ 1.2136, 38.9953 ], [ 1.2105, 38.9841 ], [ 1.2189, 38.9784 ], [ 1.2129, 38.9773 ], [ 1.2062, 38.9894 ] ] ], [ [ [ 1.2159, 38.9877 ], [ 1.2155, 38.9879 ], [ 1.2156, 38.9884 ], [ 1.2159, 38.9877 ] ] ], [ [ [ 1.4224, 38.6636 ], [ 1.4225, 38.6637 ], [ 1.4226, 38.6636 ], [ 1.4224, 38.6636 ] ] ], [ [ [ 1.3849, 38.7134 ], [ 1.385, 38.7134 ], [ 1.3849, 38.7133 ], [ 1.3849, 38.7134 ] ] ], [ [ [ 1.392, 38.7268 ], [ 1.392, 38.7267 ], [ 1.3919, 38.7267 ], [ 1.392, 38.7268 ] ] ], [ [ [ 1.4315, 38.7501 ], [ 1.431, 38.7502 ], [ 1.4312, 38.7503 ], [ 1.4315, 38.7501 ] ] ], [ [ [ 1.4315, 38.7514 ], [ 1.4316, 38.7511 ], [ 1.4307, 38.7509 ], [ 1.4315, 38.7514 ] ] ], [ [ [ 1.4301, 38.7545 ], [ 1.4308, 38.7546 ], [ 1.4312, 38.7536 ], [ 1.4301, 38.7545 ] ] ], [ [ [ 1.4304, 38.7554 ], [ 1.4299, 38.7555 ], [ 1.43, 38.7556 ], [ 1.4304, 38.7554 ] ] ], [ [ [ 1.4321, 38.7716 ], [ 1.4323, 38.7716 ], [ 1.4322, 38.7715 ], [ 1.4321, 38.7716 ] ] ], [ [ [ 1.4172, 38.7749 ], [ 1.4176, 38.7746 ], [ 1.4161, 38.7735 ], [ 1.4172, 38.7749 ] ] ], [ [ [ 1.4297, 38.775 ], [ 1.4298, 38.7749 ], [ 1.4297, 38.7749 ], [ 1.4297, 38.775 ] ] ], [ [ [ 1.4284, 38.7754 ], [ 1.4285, 38.7756 ], [ 1.4286, 38.7755 ], [ 1.4284, 38.7754 ] ] ], [ [ [ 1.4279, 38.7754 ], [ 1.4278, 38.7758 ], [ 1.428, 38.7757 ], [ 1.4279, 38.7754 ] ] ], [ [ [ 1.4265, 38.7821 ], [ 1.4194, 38.7793 ], [ 1.4219, 38.7974 ], [ 1.4322, 38.7748 ], [ 1.4265, 38.7821 ] ] ], [ [ [ 1.4174, 38.7925 ], [ 1.4169, 38.7949 ], [ 1.4201, 38.7926 ], [ 1.4174, 38.7925 ] ] ], [ [ [ 1.424, 38.7974 ], [ 1.4241, 38.7972 ], [ 1.4235, 38.7974 ], [ 1.424, 38.7974 ] ] ], [ [ [ 1.4233, 38.7978 ], [ 1.4233, 38.7979 ], [ 1.4234, 38.7979 ], [ 1.4233, 38.7978 ] ] ], [ [ [ 1.4213, 38.7986 ], [ 1.4212, 38.7989 ], [ 1.4224, 38.7996 ], [ 1.4213, 38.7986 ] ] ], [ [ [ 1.408, 38.8106 ], [ 1.4079, 38.8107 ], [ 1.408, 38.8108 ], [ 1.408, 38.8106 ] ] ], [ [ [ 1.4028, 38.8141 ], [ 1.4039, 38.8145 ], [ 1.4052, 38.8138 ], [ 1.4028, 38.8141 ] ] ], [ [ [ 1.4092, 38.8175 ], [ 1.4098, 38.8187 ], [ 1.4123, 38.8144 ], [ 1.4092, 38.8175 ] ] ], [ [ [ 1.4024, 38.8159 ], [ 1.4046, 38.8169 ], [ 1.4041, 38.8157 ], [ 1.4024, 38.8159 ] ] ], [ [ [ 1.4017, 38.825 ], [ 1.4016, 38.8252 ], [ 1.4017, 38.8252 ], [ 1.4017, 38.825 ] ] ], [ [ [ 1.4075, 38.8272 ], [ 1.4078, 38.8268 ], [ 1.4074, 38.8266 ], [ 1.4075, 38.8272 ] ] ], [ [ [ 1.371, 38.8287 ], [ 1.3709, 38.8287 ], [ 1.3712, 38.8291 ], [ 1.371, 38.8287 ] ] ], [ [ [ 1.3707, 38.8296 ], [ 1.3707, 38.8298 ], [ 1.3708, 38.8297 ], [ 1.3707, 38.8296 ] ] ], [ [ [ 1.4053, 38.8308 ], [ 1.4061, 38.8304 ], [ 1.4054, 38.8301 ], [ 1.4053, 38.8308 ] ] ], [ [ [ 1.3693, 38.8343 ], [ 1.3691, 38.8344 ], [ 1.3694, 38.8345 ], [ 1.3693, 38.8343 ] ] ], [ [ [ 1.3212, 38.86 ], [ 1.3212, 38.8601 ], [ 1.3213, 38.86 ], [ 1.3212, 38.86 ] ] ], [ [ [ 1.2975, 38.862 ], [ 1.2975, 38.8619 ], [ 1.2974, 38.862 ], [ 1.2975, 38.862 ] ] ], [ [ [ 1.3044, 38.8628 ], [ 1.3045, 38.8627 ], [ 1.3044, 38.8626 ], [ 1.3044, 38.8628 ] ] ], [ [ [ 1.2983, 38.8701 ], [ 1.2984, 38.8699 ], [ 1.2982, 38.87 ], [ 1.2983, 38.8701 ] ] ], [ [ [ 1.2984, 38.8701 ], [ 1.2983, 38.8701 ], [ 1.2982, 38.8702 ], [ 1.2985, 38.8702 ], [ 1.2984, 38.8701 ] ] ], [ [ [ 1.2986, 38.8704 ], [ 1.2981, 38.8704 ], [ 1.2981, 38.8707 ], [ 1.2986, 38.8704 ] ] ], [ [ [ 1.2996, 38.8717 ], [ 1.2996, 38.8701 ], [ 1.2993, 38.8703 ], [ 1.2996, 38.8717 ] ] ], [ [ [ 1.4064, 38.8721 ], [ 1.4066, 38.8717 ], [ 1.4056, 38.8716 ], [ 1.4064, 38.8721 ] ] ], [ [ [ 1.4266, 38.8736 ], [ 1.4261, 38.8738 ], [ 1.4264, 38.8739 ], [ 1.4266, 38.8736 ] ] ], [ [ [ 1.4346, 38.8844 ], [ 1.4351, 38.8841 ], [ 1.4347, 38.8835 ], [ 1.4346, 38.8844 ] ] ], [ [ [ 1.4359, 38.885 ], [ 1.4358, 38.885 ], [ 1.436, 38.8852 ], [ 1.4359, 38.885 ] ] ], [ [ [ 1.4355, 38.8854 ], [ 1.4352, 38.8851 ], [ 1.435, 38.8854 ], [ 1.4355, 38.8854 ] ] ], [ [ [ 1.4231, 38.8971 ], [ 1.4243, 38.8969 ], [ 1.4231, 38.8958 ], [ 1.4231, 38.8971 ] ] ], [ [ [ 1.4354, 38.9006 ], [ 1.4354, 38.9005 ], [ 1.435, 38.9006 ], [ 1.4354, 38.9006 ] ] ], [ [ [ 1.4032, 38.8748 ], [ 1.4048, 38.8694 ], [ 1.4076, 38.869 ], [ 1.4022, 38.8492 ], [ 1.4059, 38.8315 ], [ 1.3845, 38.8424 ], [ 1.3712, 38.8304 ], [ 1.3613, 38.8606 ], [ 1.3431, 38.8711 ], [ 1.3292, 38.8677 ], [ 1.3204, 38.8558 ], [ 1.3214, 38.8589 ], [ 1.3215, 38.8635 ], [ 1.317, 38.8672 ], [ 1.2974, 38.8622 ], [ 1.3052, 38.8671 ], [ 1.2974, 38.8765 ], [ 1.2718, 38.8794 ], [ 1.2664, 38.8774 ], [ 1.256, 38.8662 ], [ 1.2553, 38.8597 ], [ 1.248, 38.8558 ], [ 1.2432, 38.8666 ], [ 1.2409, 38.8691 ], [ 1.2357, 38.8725 ], [ 1.2288, 38.8731 ], [ 1.2242, 38.8708 ], [ 1.2262, 38.8756 ], [ 1.222, 38.8789 ], [ 1.223, 38.8801 ], [ 1.2236, 38.8836 ], [ 1.2249, 38.8851 ], [ 1.2252, 38.8882 ], [ 1.2201, 38.8901 ], [ 1.2197, 38.8924 ], [ 1.2196, 38.8927 ], [ 1.2167, 38.8939 ], [ 1.2179, 38.8948 ], [ 1.2158, 38.8968 ], [ 1.2147, 38.8974 ], [ 1.2135, 38.8974 ], [ 1.224, 38.9135 ], [ 1.2185, 38.9154 ], [ 1.2221, 38.9185 ], [ 1.2223, 38.92 ], [ 1.2207, 38.9228 ], [ 1.2285, 38.9249 ], [ 1.2365, 38.9388 ], [ 1.2149, 38.9581 ], [ 1.2292, 38.9745 ], [ 1.2346, 38.9685 ], [ 1.2429, 38.9729 ], [ 1.2396, 38.9685 ], [ 1.2448, 38.9659 ], [ 1.2606, 38.9712 ], [ 1.268, 38.9667 ], [ 1.2837, 38.9742 ], [ 1.2992, 38.968 ], [ 1.3065, 38.9724 ], [ 1.3067, 38.9788 ], [ 1.297, 38.9754 ], [ 1.2963, 38.9855 ], [ 1.2845, 38.9939 ], [ 1.2989, 39.0095 ], [ 1.2912, 39.0143 ], [ 1.2951, 39.0189 ], [ 1.29, 39.0282 ], [ 1.2915, 39.0275 ], [ 1.3055, 39.0365 ], [ 1.3112, 39.0447 ], [ 1.3253, 39.0475 ], [ 1.3257, 39.0525 ], [ 1.3417, 39.053 ], [ 1.3447, 39.0669 ], [ 1.3521, 39.065 ], [ 1.3588, 39.0741 ], [ 1.3643, 39.0736 ], [ 1.3661, 39.0642 ], [ 1.3752, 39.0623 ], [ 1.3896, 39.0793 ], [ 1.3974, 39.0804 ], [ 1.3983, 39.0745 ], [ 1.4169, 39.0775 ], [ 1.4263, 39.0925 ], [ 1.44, 39.0875 ], [ 1.4405, 39.0805 ], [ 1.4627, 39.1035 ], [ 1.4841, 39.1009 ], [ 1.4884, 39.1105 ], [ 1.4924, 39.1017 ], [ 1.4949, 39.1018 ], [ 1.4962, 39.0987 ], [ 1.4984, 39.0988 ], [ 1.5091, 39.103 ], [ 1.5071, 39.1137 ], [ 1.5156, 39.1089 ], [ 1.5202, 39.1141 ], [ 1.514, 39.1167 ], [ 1.5325, 39.1184 ], [ 1.5423, 39.1162 ], [ 1.5372, 39.1067 ], [ 1.5532, 39.0966 ], [ 1.5556, 39.1001 ], [ 1.5571, 39.0933 ], [ 1.5921, 39.0979 ], [ 1.6042, 39.0909 ], [ 1.5985, 39.0824 ], [ 1.602, 39.0789 ], [ 1.6099, 39.0793 ], [ 1.5915, 39.0751 ], [ 1.588, 39.0633 ], [ 1.5955, 39.0515 ], [ 1.6097, 39.044 ], [ 1.6085, 39.035 ], [ 1.6201, 39.0367 ], [ 1.6165, 39.0291 ], [ 1.6215, 39.0276 ], [ 1.6152, 39.0243 ], [ 1.6061, 39.0297 ], [ 1.5955, 39.0246 ], [ 1.5945, 39.0155 ], [ 1.5852, 39.0157 ], [ 1.5873, 39.0108 ], [ 1.5779, 39.0011 ], [ 1.5813, 38.9893 ], [ 1.5518, 38.9925 ], [ 1.5461, 38.983 ], [ 1.5379, 38.9809 ], [ 1.5414, 38.984 ], [ 1.5391, 38.9857 ], [ 1.5318, 38.9777 ], [ 1.5274, 38.9824 ], [ 1.5328, 38.9616 ], [ 1.5292, 38.9538 ], [ 1.52, 38.9528 ], [ 1.5288, 38.945 ], [ 1.5102, 38.9468 ], [ 1.5052, 38.9331 ], [ 1.5028, 38.9339 ], [ 1.4998, 38.9332 ], [ 1.4888, 38.928 ], [ 1.4747, 38.9155 ], [ 1.4768, 38.913 ], [ 1.4551, 38.917 ], [ 1.4519, 38.9135 ], [ 1.4572, 38.9037 ], [ 1.4506, 38.9117 ], [ 1.4395, 38.9167 ], [ 1.4349, 38.9115 ], [ 1.4429, 38.9108 ], [ 1.4386, 38.9025 ], [ 1.4237, 38.9049 ], [ 1.4032, 38.8748 ] ] ], [ [ [ 1.2932, 39.0119 ], [ 1.2939, 39.0104 ], [ 1.2931, 39.0106 ], [ 1.2932, 39.0119 ] ] ], [ [ [ 1.2918, 39.0288 ], [ 1.2919, 39.0285 ], [ 1.2917, 39.0285 ], [ 1.2918, 39.0288 ] ] ], [ [ [ 1.3141, 39.0493 ], [ 1.3142, 39.049 ], [ 1.3141, 39.049 ], [ 1.3141, 39.0493 ] ] ], [ [ [ 1.3151, 39.05 ], [ 1.3164, 39.0506 ], [ 1.316, 39.0487 ], [ 1.3151, 39.05 ] ] ], [ [ [ 1.3739, 39.0637 ], [ 1.3734, 39.0633 ], [ 1.3734, 39.0637 ], [ 1.3739, 39.0637 ] ] ], [ [ [ 1.4065, 39.0765 ], [ 1.4064, 39.0765 ], [ 1.4064, 39.0767 ], [ 1.4065, 39.0765 ] ] ], [ [ [ 1.4071, 39.077 ], [ 1.4073, 39.0771 ], [ 1.4073, 39.077 ], [ 1.4071, 39.077 ] ] ], [ [ [ 1.4038, 39.0774 ], [ 1.4032, 39.0773 ], [ 1.4033, 39.0776 ], [ 1.4038, 39.0774 ] ] ], [ [ [ 1.4322, 39.093 ], [ 1.4329, 39.0929 ], [ 1.4318, 39.0911 ], [ 1.4322, 39.093 ] ] ], [ [ [ 1.3806, 38.6926 ], [ 1.3888, 38.6928 ], [ 1.3904, 38.6995 ], [ 1.3864, 38.713 ], [ 1.3803, 38.7193 ], [ 1.3919, 38.7263 ], [ 1.392, 38.7267 ], [ 1.3966, 38.7355 ], [ 1.4016, 38.7279 ], [ 1.4121, 38.731 ], [ 1.4051, 38.7268 ], [ 1.4072, 38.722 ], [ 1.4192, 38.7225 ], [ 1.4121, 38.7317 ], [ 1.4285, 38.7382 ], [ 1.4353, 38.7593 ], [ 1.4333, 38.7716 ], [ 1.4468, 38.7329 ], [ 1.4565, 38.7247 ], [ 1.4637, 38.7225 ], [ 1.4727, 38.7281 ], [ 1.4777, 38.7024 ], [ 1.4957, 38.6888 ], [ 1.5303, 38.6728 ], [ 1.5691, 38.6916 ], [ 1.5847, 38.6698 ], [ 1.5726, 38.651 ], [ 1.5337, 38.6517 ], [ 1.48, 38.6807 ], [ 1.447, 38.685 ], [ 1.4358, 38.6789 ], [ 1.4301, 38.6655 ], [ 1.4247, 38.6662 ], [ 1.407, 38.6489 ], [ 1.388, 38.641 ], [ 1.3806, 38.6926 ] ] ], [ [ [ 1.4791, 38.7109 ], [ 1.4792, 38.7108 ], [ 1.4791, 38.7107 ], [ 1.4791, 38.7109 ] ] ], [ [ [ 1.4596, 38.7249 ], [ 1.4601, 38.7244 ], [ 1.4595, 38.7244 ], [ 1.4596, 38.7249 ] ] ], [ [ [ 1.4567, 38.7266 ], [ 1.4573, 38.7262 ], [ 1.456, 38.7262 ], [ 1.4567, 38.7266 ] ] ], [ [ [ 1.459, 38.7263 ], [ 1.4585, 38.7263 ], [ 1.4586, 38.7264 ], [ 1.459, 38.7263 ] ] ], [ [ [ 1.4568, 38.7282 ], [ 1.4567, 38.7282 ], [ 1.457, 38.7284 ], [ 1.4568, 38.7282 ] ] ], [ [ [ 1.4567, 38.7284 ], [ 1.4567, 38.7286 ], [ 1.4569, 38.7286 ], [ 1.4567, 38.7284 ] ] ], [ [ [ 1.4529, 38.7309 ], [ 1.4533, 38.7302 ], [ 1.4527, 38.7303 ], [ 1.4529, 38.7309 ] ] ], [ [ [ 1.4523, 38.7313 ], [ 1.4523, 38.7314 ], [ 1.4525, 38.7314 ], [ 1.4523, 38.7313 ] ] ], [ [ [ 1.4501, 38.7317 ], [ 1.4501, 38.7318 ], [ 1.4503, 38.7318 ], [ 1.4501, 38.7317 ] ] ], [ [ [ 1.4822, 38.7873 ], [ 1.4814, 38.7877 ], [ 1.4843, 38.787 ], [ 1.4822, 38.7873 ] ] ], [ [ [ 1.4807, 38.7879 ], [ 1.4808, 38.7879 ], [ 1.4808, 38.7878 ], [ 1.4807, 38.7879 ] ] ], [ [ [ 1.4815, 38.7883 ], [ 1.4815, 38.7881 ], [ 1.4814, 38.7881 ], [ 1.4815, 38.7883 ] ] ], [ [ [ 1.4741, 38.7974 ], [ 1.4778, 38.8051 ], [ 1.4824, 38.7992 ], [ 1.4794, 38.7884 ], [ 1.4741, 38.7974 ] ] ], [ [ [ 1.439, 38.8885 ], [ 1.4388, 38.8876 ], [ 1.438, 38.8878 ], [ 1.439, 38.8885 ] ] ], [ [ [ 1.4542, 38.8883 ], [ 1.4539, 38.8885 ], [ 1.4541, 38.8886 ], [ 1.4542, 38.8883 ] ] ], [ [ [ 1.4385, 38.8889 ], [ 1.4386, 38.8889 ], [ 1.4386, 38.8888 ], [ 1.4385, 38.8889 ] ] ], [ [ [ 1.4383, 38.889 ], [ 1.4384, 38.889 ], [ 1.4384, 38.8889 ], [ 1.4383, 38.889 ] ] ], [ [ [ 1.4518, 38.8901 ], [ 1.4514, 38.8901 ], [ 1.4517, 38.8904 ], [ 1.4518, 38.8901 ] ] ], [ [ [ 1.441, 38.9032 ], [ 1.4416, 38.9029 ], [ 1.4411, 38.9026 ], [ 1.441, 38.9032 ] ] ], [ [ [ 1.4556, 38.9079 ], [ 1.4555, 38.908 ], [ 1.4556, 38.908 ], [ 1.4556, 38.9079 ] ] ], [ [ [ 1.4757, 38.9154 ], [ 1.4757, 38.9156 ], [ 1.4758, 38.9156 ], [ 1.4757, 38.9154 ] ] ], [ [ [ 1.4894, 38.924 ], [ 1.4894, 38.9241 ], [ 1.4896, 38.9241 ], [ 1.4894, 38.924 ] ] ], [ [ [ 1.5019, 38.9329 ], [ 1.5018, 38.9331 ], [ 1.5021, 38.9333 ], [ 1.5019, 38.9329 ] ] ], [ [ [ 1.5023, 38.9332 ], [ 1.5023, 38.9333 ], [ 1.5025, 38.9333 ], [ 1.5023, 38.9332 ] ] ], [ [ [ 1.5089, 38.9395 ], [ 1.5088, 38.9397 ], [ 1.5089, 38.9397 ], [ 1.5089, 38.9395 ] ] ], [ [ [ 1.579, 38.9822 ], [ 1.5775, 38.9818 ], [ 1.5775, 38.9821 ], [ 1.579, 38.9822 ] ] ], [ [ [ 1.583, 38.9852 ], [ 1.5845, 38.986 ], [ 1.5849, 38.9822 ], [ 1.583, 38.9852 ] ] ], [ [ [ 1.5731, 38.9868 ], [ 1.5728, 38.987 ], [ 1.573, 38.9872 ], [ 1.5731, 38.9868 ] ] ], [ [ [ 1.5848, 38.9998 ], [ 1.5846, 38.9998 ], [ 1.5847, 39.0005 ], [ 1.5848, 38.9998 ] ] ], [ [ [ 1.587, 39.0023 ], [ 1.5875, 39.0014 ], [ 1.5868, 39.001 ], [ 1.587, 39.0023 ] ] ], [ [ [ 1.5832, 39.0029 ], [ 1.5829, 39.0032 ], [ 1.583, 39.0032 ], [ 1.5832, 39.0029 ] ] ], [ [ [ 1.5836, 39.0035 ], [ 1.5838, 39.0036 ], [ 1.5839, 39.0034 ], [ 1.5836, 39.0035 ] ] ], [ [ [ 1.6463, 39.0319 ], [ 1.6462, 39.032 ], [ 1.6465, 39.0321 ], [ 1.6463, 39.0319 ] ] ], [ [ [ 1.6398, 39.0348 ], [ 1.6365, 39.0411 ], [ 1.6462, 39.0407 ], [ 1.6506, 39.0328 ], [ 1.6398, 39.0348 ] ] ], [ [ [ 1.6101, 39.0404 ], [ 1.61, 39.0404 ], [ 1.6101, 39.0408 ], [ 1.6101, 39.0404 ] ] ], [ [ [ 1.6064, 39.0464 ], [ 1.606, 39.0467 ], [ 1.6062, 39.047 ], [ 1.6064, 39.0464 ] ] ], [ [ [ 1.6098, 39.0801 ], [ 1.6091, 39.0801 ], [ 1.6092, 39.0803 ], [ 1.6098, 39.0801 ] ] ], [ [ [ 1.6114, 39.081 ], [ 1.6104, 39.0805 ], [ 1.6105, 39.0811 ], [ 1.6114, 39.081 ] ] ], [ [ [ 1.447, 39.0907 ], [ 1.4467, 39.091 ], [ 1.447, 39.091 ], [ 1.447, 39.0907 ] ] ], [ [ [ 1.5936, 39.0983 ], [ 1.5936, 39.0981 ], [ 1.5923, 39.098 ], [ 1.5936, 39.0983 ] ] ], [ [ [ 1.4969, 39.0993 ], [ 1.497, 39.0996 ], [ 1.4971, 39.0995 ], [ 1.4969, 39.0993 ] ] ], [ [ [ 1.5902, 39.1009 ], [ 1.5903, 39.1011 ], [ 1.5905, 39.101 ], [ 1.5902, 39.1009 ] ] ], [ [ [ 1.4947, 39.1028 ], [ 1.4937, 39.1027 ], [ 1.4937, 39.1028 ], [ 1.4947, 39.1028 ] ] ], [ [ [ 1.4784, 39.1057 ], [ 1.4783, 39.1059 ], [ 1.4787, 39.106 ], [ 1.4784, 39.1057 ] ] ], [ [ [ 2.347, 39.5769 ], [ 2.348, 39.5778 ], [ 2.3492, 39.5767 ], [ 2.347, 39.5769 ] ] ], [ [ [ 2.3097, 39.5835 ], [ 2.3389, 39.5982 ], [ 2.3187, 39.5767 ], [ 2.3049, 39.5725 ], [ 2.3097, 39.5835 ] ] ], [ [ [ 2.3419, 39.586 ], [ 2.3417, 39.5852 ], [ 2.3413, 39.5854 ], [ 2.3419, 39.586 ] ] ], [ [ [ 2.3357, 39.59 ], [ 2.3355, 39.5899 ], [ 2.3358, 39.5903 ], [ 2.3357, 39.59 ] ] ], [ [ [ 2.4724, 39.4628 ], [ 2.471, 39.4617 ], [ 2.4712, 39.4621 ], [ 2.4724, 39.4628 ] ] ], [ [ [ 2.4747, 39.4659 ], [ 2.4753, 39.4657 ], [ 2.4746, 39.4647 ], [ 2.4747, 39.4659 ] ] ], [ [ [ 2.4756, 39.4658 ], [ 2.4755, 39.4662 ], [ 2.4759, 39.4662 ], [ 2.4756, 39.4658 ] ] ], [ [ [ 2.541, 39.4783 ], [ 2.5405, 39.4779 ], [ 2.541, 39.479 ], [ 2.541, 39.4783 ] ] ], [ [ [ 2.451, 39.4999 ], [ 2.4551, 39.501 ], [ 2.4477, 39.4953 ], [ 2.451, 39.4999 ] ] ], [ [ [ 2.4548, 39.5028 ], [ 2.4566, 39.5024 ], [ 2.4561, 39.5018 ], [ 2.4548, 39.5028 ] ] ], [ [ [ 2.5431, 39.5051 ], [ 2.5471, 39.5028 ], [ 2.5454, 39.5025 ], [ 2.5431, 39.5051 ] ] ], [ [ [ 2.4561, 39.5044 ], [ 2.4559, 39.5042 ], [ 2.4559, 39.5045 ], [ 2.4561, 39.5044 ] ] ], [ [ [ 2.5726, 39.5294 ], [ 2.5725, 39.5299 ], [ 2.5739, 39.5299 ], [ 2.5726, 39.5294 ] ] ], [ [ [ 2.5876, 39.5308 ], [ 2.5889, 39.5314 ], [ 2.5887, 39.5287 ], [ 2.5876, 39.5308 ] ] ], [ [ [ 2.5752, 39.5305 ], [ 2.575, 39.5304 ], [ 2.575, 39.5307 ], [ 2.5752, 39.5305 ] ] ], [ [ [ 2.4584, 39.5313 ], [ 2.4583, 39.5315 ], [ 2.4586, 39.5317 ], [ 2.4584, 39.5313 ] ] ], [ [ [ 2.5781, 39.5317 ], [ 2.5783, 39.5317 ], [ 2.5782, 39.5316 ], [ 2.5781, 39.5317 ] ] ], [ [ [ 2.5844, 39.5327 ], [ 2.5846, 39.5327 ], [ 2.5845, 39.5326 ], [ 2.5844, 39.5327 ] ] ], [ [ [ 2.5861, 39.5328 ], [ 2.5861, 39.5329 ], [ 2.5864, 39.533 ], [ 2.5861, 39.5328 ] ] ], [ [ [ 2.4402, 39.5331 ], [ 2.4404, 39.5332 ], [ 2.4404, 39.5331 ], [ 2.4402, 39.5331 ] ] ], [ [ [ 2.5914, 39.5341 ], [ 2.5924, 39.5344 ], [ 2.5932, 39.5335 ], [ 2.5914, 39.5341 ] ] ], [ [ [ 2.4226, 39.5371 ], [ 2.4222, 39.5365 ], [ 2.422, 39.5369 ], [ 2.4226, 39.5371 ] ] ], [ [ [ 2.4124, 39.5373 ], [ 2.4126, 39.5374 ], [ 2.4125, 39.5372 ], [ 2.4124, 39.5373 ] ] ], [ [ [ 2.6004, 39.549 ], [ 2.5957, 39.5467 ], [ 2.5971, 39.5435 ], [ 2.5903, 39.5366 ], [ 2.5903, 39.5311 ], [ 2.5883, 39.5335 ], [ 2.5761, 39.5336 ], [ 2.5754, 39.5311 ], [ 2.5647, 39.528 ], [ 2.5634, 39.5284 ], [ 2.5705, 39.5298 ], [ 2.5712, 39.5311 ], [ 2.5616, 39.5319 ], [ 2.541, 39.5248 ], [ 2.5375, 39.517 ], [ 2.5472, 39.5111 ], [ 2.5348, 39.506 ], [ 2.5365, 39.4877 ], [ 2.5259, 39.4744 ], [ 2.5208, 39.4763 ], [ 2.5232, 39.4575 ], [ 2.5098, 39.4583 ], [ 2.4905, 39.4728 ], [ 2.4761, 39.4663 ], [ 2.4819, 39.476 ], [ 2.4762, 39.4836 ], [ 2.4791, 39.4919 ], [ 2.4676, 39.4905 ], [ 2.4562, 39.5048 ], [ 2.4796, 39.5176 ], [ 2.4669, 39.5189 ], [ 2.4683, 39.5223 ], [ 2.4556, 39.5349 ], [ 2.4501, 39.537 ], [ 2.4381, 39.5326 ], [ 2.4405, 39.5288 ], [ 2.4194, 39.5229 ], [ 2.4236, 39.5368 ], [ 2.4226, 39.5371 ], [ 2.4152, 39.5387 ], [ 2.4137, 39.539 ], [ 2.4054, 39.5365 ], [ 2.4047, 39.5268 ], [ 2.3873, 39.5209 ], [ 2.3885, 39.5337 ], [ 2.3768, 39.5375 ], [ 2.3639, 39.5315 ], [ 2.3905, 39.5462 ], [ 2.3722, 39.5443 ], [ 2.3663, 39.5552 ], [ 2.3465, 39.5646 ], [ 2.3544, 39.5767 ], [ 2.3446, 39.5872 ], [ 2.369, 39.6141 ], [ 2.3954, 39.6177 ], [ 2.4219, 39.63 ], [ 2.4231, 39.6387 ], [ 2.4257, 39.6379 ], [ 2.4484, 39.6492 ], [ 2.4504, 39.6487 ], [ 2.4622, 39.652 ], [ 2.4818, 39.6723 ], [ 2.4885, 39.6714 ], [ 2.4982, 39.6844 ], [ 2.516, 39.6905 ], [ 2.5277, 39.7015 ], [ 2.5417, 39.6987 ], [ 2.5554, 39.7001 ], [ 2.5857, 39.7164 ], [ 2.6229, 39.7479 ], [ 2.6198, 39.756 ], [ 2.6277, 39.7533 ], [ 2.6357, 39.7653 ], [ 2.6414, 39.7602 ], [ 2.6632, 39.7724 ], [ 2.6694, 39.7922 ], [ 2.6799, 39.7985 ], [ 2.6944, 39.7913 ], [ 2.6956, 39.7973 ], [ 2.6891, 39.7979 ], [ 2.6995, 39.8108 ], [ 2.7042, 39.8086 ], [ 2.742, 39.833 ], [ 2.755, 39.829 ], [ 2.7663, 39.8352 ], [ 2.7671, 39.8429 ], [ 2.7756, 39.8399 ], [ 2.7784, 39.8556 ], [ 2.8002, 39.8512 ], [ 2.8056, 39.8526 ], [ 2.8045, 39.8624 ], [ 2.8249, 39.8567 ], [ 2.8381, 39.8653 ], [ 2.8445, 39.8616 ], [ 2.8537, 39.8744 ], [ 2.8749, 39.878 ], [ 2.9022, 39.8975 ], [ 2.9175, 39.8966 ], [ 2.9198, 39.9019 ], [ 2.9251, 39.9 ], [ 2.9258, 39.901 ], [ 2.9314, 39.9018 ], [ 2.9331, 39.9027 ], [ 2.9359, 39.9041 ], [ 2.9504, 39.9201 ], [ 2.9647, 39.9105 ], [ 2.9827, 39.9082 ], [ 3.0011, 39.9235 ], [ 3.0281, 39.9351 ], [ 3.0345, 39.9345 ], [ 3.0311, 39.9317 ], [ 3.0331, 39.9303 ], [ 3.0421, 39.9377 ], [ 3.0377, 39.9302 ], [ 3.0611, 39.9326 ], [ 3.0554, 39.9221 ], [ 3.0603, 39.9198 ], [ 3.0956, 39.9359 ], [ 3.1016, 39.9352 ], [ 3.0975, 39.9279 ], [ 3.1181, 39.9351 ], [ 3.1205, 39.9314 ], [ 3.1326, 39.9447 ], [ 3.145, 39.95 ], [ 3.1462, 39.9534 ], [ 3.1657, 39.9599 ], [ 3.1798, 39.9612 ], [ 3.1731, 39.9521 ], [ 3.174, 39.9516 ], [ 3.1796, 39.9511 ], [ 3.1905, 39.9575 ], [ 3.1945, 39.9544 ], [ 3.206, 39.9576 ], [ 3.2142, 39.9622 ], [ 3.2022, 39.9438 ], [ 3.1805, 39.9406 ], [ 3.1837, 39.9377 ], [ 3.1544, 39.9232 ], [ 3.1384, 39.9281 ], [ 3.1313, 39.9269 ], [ 3.1274, 39.9168 ], [ 3.1098, 39.9112 ], [ 3.1108, 39.8993 ], [ 3.0915, 39.9111 ], [ 3.0832, 39.9065 ], [ 3.0885, 39.9047 ], [ 3.0873, 39.9027 ], [ 3.08, 39.9023 ], [ 3.0838, 39.8755 ], [ 3.1056, 39.8577 ], [ 3.1318, 39.8693 ], [ 3.145, 39.8655 ], [ 3.1524, 39.8721 ], [ 3.1593, 39.8716 ], [ 3.1856, 39.8841 ], [ 3.1904, 39.8924 ], [ 3.2045, 39.8888 ], [ 3.1883, 39.8816 ], [ 3.1841, 39.8709 ], [ 3.1866, 39.8632 ], [ 3.1972, 39.8619 ], [ 3.1785, 39.8406 ], [ 3.1408, 39.8319 ], [ 3.131, 39.841 ], [ 3.1187, 39.8278 ], [ 3.1239, 39.7964 ], [ 3.1532, 39.7677 ], [ 3.2361, 39.7323 ], [ 3.2542, 39.7294 ], [ 3.3289, 39.7598 ], [ 3.3359, 39.7691 ], [ 3.3351, 39.7841 ], [ 3.3481, 39.7894 ], [ 3.3739, 39.7684 ], [ 3.404, 39.764 ], [ 3.414, 39.7523 ], [ 3.4268, 39.7517 ], [ 3.4322, 39.7451 ], [ 3.4613, 39.7481 ], [ 3.4527, 39.7225 ], [ 3.4611, 39.7199 ], [ 3.4715, 39.7219 ], [ 3.4787, 39.716 ], [ 3.4746, 39.7093 ], [ 3.4697, 39.7129 ], [ 3.4567, 39.7055 ], [ 3.4535, 39.6931 ], [ 3.458, 39.6844 ], [ 3.4524, 39.6822 ], [ 3.4568, 39.6799 ], [ 3.4559, 39.6563 ], [ 3.441, 39.6565 ], [ 3.4363, 39.6343 ], [ 3.4093, 39.6377 ], [ 3.3969, 39.6283 ], [ 3.385, 39.5928 ], [ 3.4041, 39.5794 ], [ 3.3794, 39.5761 ], [ 3.3683, 39.5509 ], [ 3.353, 39.5484 ], [ 3.3407, 39.5378 ], [ 3.3381, 39.5417 ], [ 3.3319, 39.5404 ], [ 3.3403, 39.5349 ], [ 3.3176, 39.5237 ], [ 3.2918, 39.4943 ], [ 3.2943, 39.487 ], [ 3.2873, 39.4863 ], [ 3.2912, 39.4809 ], [ 3.2797, 39.4668 ], [ 3.2749, 39.4159 ], [ 3.2701, 39.4142 ], [ 3.2671, 39.4278 ], [ 3.261, 39.424 ], [ 3.2589, 39.416 ], [ 3.2681, 39.4158 ], [ 3.2567, 39.4103 ], [ 3.2635, 39.4093 ], [ 3.2477, 39.3932 ], [ 3.2527, 39.392 ], [ 3.2444, 39.3774 ], [ 3.2393, 39.3795 ], [ 3.2372, 39.3694 ], [ 3.2221, 39.3729 ], [ 3.2347, 39.3676 ], [ 3.2322, 39.3616 ], [ 3.2201, 39.3569 ], [ 3.211, 39.3647 ], [ 3.2093, 39.3556 ], [ 3.2153, 39.3549 ], [ 3.188, 39.3519 ], [ 3.1891, 39.338 ], [ 3.177, 39.3293 ], [ 3.1693, 39.3335 ], [ 3.1711, 39.3265 ], [ 3.1464, 39.33 ], [ 3.1393, 39.3243 ], [ 3.1419, 39.32 ], [ 3.1182, 39.3131 ], [ 3.065, 39.2656 ], [ 3.0495, 39.2661 ], [ 3.0421, 39.2796 ], [ 3.0181, 39.2951 ], [ 3.0197, 39.3039 ], [ 3.003, 39.3173 ], [ 2.9935, 39.3122 ], [ 2.9861, 39.3159 ], [ 2.9908, 39.3368 ], [ 2.9578, 39.3625 ], [ 2.9289, 39.3642 ], [ 2.9141, 39.3582 ], [ 2.9135, 39.3524 ], [ 2.8819, 39.3662 ], [ 2.8349, 39.361 ], [ 2.8365, 39.3641 ], [ 2.8361, 39.3659 ], [ 2.8291, 39.3561 ], [ 2.8055, 39.3672 ], [ 2.7879, 39.3627 ], [ 2.7395, 39.4113 ], [ 2.7473, 39.4415 ], [ 2.722, 39.4758 ], [ 2.7339, 39.4826 ], [ 2.7468, 39.5026 ], [ 2.7457, 39.5004 ], [ 2.7512, 39.4994 ], [ 2.7398, 39.5202 ], [ 2.6693, 39.5625 ], [ 2.6682, 39.5586 ], [ 2.6453, 39.5657 ], [ 2.6345, 39.5591 ], [ 2.6441, 39.5671 ], [ 2.6415, 39.5688 ], [ 2.6293, 39.566 ], [ 2.6299, 39.5568 ], [ 2.6297, 39.5593 ], [ 2.6271, 39.5598 ], [ 2.6245, 39.5545 ], [ 2.6324, 39.5529 ], [ 2.6202, 39.5505 ], [ 2.6322, 39.5456 ], [ 2.6394, 39.5526 ], [ 2.6325, 39.5452 ], [ 2.6079, 39.5519 ], [ 2.6005, 39.551 ], [ 2.6004, 39.549 ] ] ], [ [ [ 2.3638, 39.5537 ], [ 2.3638, 39.5535 ], [ 2.3635, 39.5536 ], [ 2.3638, 39.5537 ] ] ], [ [ [ 2.3642, 39.5538 ], [ 2.3642, 39.5535 ], [ 2.3639, 39.5537 ], [ 2.3642, 39.5538 ] ] ], [ [ [ 2.4241, 39.6387 ], [ 2.4243, 39.6388 ], [ 2.4243, 39.6387 ], [ 2.4241, 39.6387 ] ] ], [ [ [ 2.4359, 39.6458 ], [ 2.4357, 39.6456 ], [ 2.4357, 39.646 ], [ 2.4359, 39.6458 ] ] ], [ [ [ 2.4514, 39.6496 ], [ 2.451, 39.6495 ], [ 2.451, 39.6496 ], [ 2.4514, 39.6496 ] ] ], [ [ [ 2.513, 39.6916 ], [ 2.5129, 39.6915 ], [ 2.5129, 39.6917 ], [ 2.513, 39.6916 ] ] ], [ [ [ 2.546, 39.6997 ], [ 2.546, 39.6996 ], [ 2.5459, 39.6996 ], [ 2.546, 39.6997 ] ] ], [ [ [ 2.5438, 39.7004 ], [ 2.5437, 39.7005 ], [ 2.5438, 39.7005 ], [ 2.5438, 39.7004 ] ] ], [ [ [ 2.5376, 39.7004 ], [ 2.5375, 39.7005 ], [ 2.5376, 39.7005 ], [ 2.5376, 39.7004 ] ] ], [ [ [ 2.5521, 39.7007 ], [ 2.5522, 39.7008 ], [ 2.5522, 39.7007 ], [ 2.5521, 39.7007 ] ] ], [ [ [ 2.5268, 39.7013 ], [ 2.527, 39.7014 ], [ 2.527, 39.7013 ], [ 2.5268, 39.7013 ] ] ], [ [ [ 2.554, 39.7019 ], [ 2.5541, 39.702 ], [ 2.5542, 39.7019 ], [ 2.554, 39.7019 ] ] ], [ [ [ 2.5929, 39.7238 ], [ 2.5928, 39.7239 ], [ 2.5929, 39.724 ], [ 2.5929, 39.7238 ] ] ], [ [ [ 2.597, 39.7277 ], [ 2.5969, 39.7277 ], [ 2.5969, 39.7278 ], [ 2.597, 39.7277 ] ] ], [ [ [ 2.5968, 39.728 ], [ 2.5969, 39.7279 ], [ 2.5968, 39.7279 ], [ 2.5968, 39.728 ] ] ], [ [ [ 2.598, 39.73 ], [ 2.5981, 39.7299 ], [ 2.5979, 39.7299 ], [ 2.598, 39.73 ] ] ], [ [ [ 2.5994, 39.7329 ], [ 2.5994, 39.7328 ], [ 2.5993, 39.7329 ], [ 2.5994, 39.7329 ] ] ], [ [ [ 2.6039, 39.7352 ], [ 2.6037, 39.7354 ], [ 2.6039, 39.7357 ], [ 2.6039, 39.7352 ] ] ], [ [ [ 2.6066, 39.7379 ], [ 2.6066, 39.7378 ], [ 2.6065, 39.7379 ], [ 2.6066, 39.7379 ] ] ], [ [ [ 2.9405, 39.1209 ], [ 2.9405, 39.1208 ], [ 2.9398, 39.1209 ], [ 2.9405, 39.1209 ] ] ], [ [ [ 2.9356, 39.1218 ], [ 2.9354, 39.1222 ], [ 2.9364, 39.1221 ], [ 2.937, 39.1218 ], [ 2.9356, 39.1218 ] ] ], [ [ [ 2.9396, 39.126 ], [ 2.9403, 39.1254 ], [ 2.939, 39.1246 ], [ 2.9396, 39.126 ] ] ], [ [ [ 2.9584, 39.1263 ], [ 2.9605, 39.1253 ], [ 2.9585, 39.1244 ], [ 2.9584, 39.1263 ] ] ], [ [ [ 2.9424, 39.1256 ], [ 2.9425, 39.1262 ], [ 2.9441, 39.1254 ], [ 2.9424, 39.1256 ] ] ], [ [ [ 2.9388, 39.1262 ], [ 2.9394, 39.126 ], [ 2.938, 39.1258 ], [ 2.9388, 39.1262 ] ] ], [ [ [ 2.9229, 39.1329 ], [ 2.9235, 39.1329 ], [ 2.9233, 39.1325 ], [ 2.9229, 39.1329 ] ] ], [ [ [ 2.9567, 39.1349 ], [ 2.9566, 39.1348 ], [ 2.9566, 39.1349 ], [ 2.9567, 39.1349 ] ] ], [ [ [ 2.9608, 39.1385 ], [ 2.9627, 39.1382 ], [ 2.9622, 39.1381 ], [ 2.9608, 39.1385 ] ] ], [ [ [ 2.9309, 39.1316 ], [ 2.9195, 39.129 ], [ 2.9269, 39.1318 ], [ 2.9261, 39.1386 ], [ 2.9142, 39.1412 ], [ 2.9214, 39.1532 ], [ 2.9169, 39.1616 ], [ 2.9305, 39.1432 ], [ 2.9373, 39.1446 ], [ 2.9311, 39.1565 ], [ 2.9497, 39.1484 ], [ 2.9515, 39.1562 ], [ 2.9459, 39.1607 ], [ 2.9507, 39.1657 ], [ 2.9765, 39.1582 ], [ 2.9695, 39.1478 ], [ 2.9655, 39.1512 ], [ 2.9566, 39.1476 ], [ 2.9564, 39.1426 ], [ 2.9619, 39.1412 ], [ 2.954, 39.1348 ], [ 2.9579, 39.1269 ], [ 2.9309, 39.1316 ] ] ], [ [ [ 2.9636, 39.1479 ], [ 2.9637, 39.1478 ], [ 2.9636, 39.1478 ], [ 2.9636, 39.1479 ] ] ], [ [ [ 2.9636, 39.1487 ], [ 2.9641, 39.1483 ], [ 2.9638, 39.1479 ], [ 2.9636, 39.1487 ] ] ], [ [ [ 2.9641, 39.1496 ], [ 2.9643, 39.1493 ], [ 2.9639, 39.1493 ], [ 2.9641, 39.1496 ] ] ], [ [ [ 2.9618, 39.1752 ], [ 2.9617, 39.1753 ], [ 2.9619, 39.1753 ], [ 2.9618, 39.1752 ] ] ], [ [ [ 2.9558, 39.184 ], [ 2.9699, 39.1901 ], [ 2.9661, 39.1755 ], [ 2.9558, 39.184 ] ] ], [ [ [ 2.9651, 39.1951 ], [ 2.9647, 39.1955 ], [ 2.9658, 39.1947 ], [ 2.9651, 39.1951 ] ] ], [ [ [ 2.917, 39.3567 ], [ 2.9165, 39.3568 ], [ 2.9167, 39.357 ], [ 2.917, 39.3567 ] ] ], [ [ [ 2.7063, 39.5342 ], [ 2.7059, 39.5342 ], [ 2.706, 39.5343 ], [ 2.7063, 39.5342 ] ] ], [ [ [ 2.7073, 39.5346 ], [ 2.7066, 39.5345 ], [ 2.7066, 39.5346 ], [ 2.7073, 39.5346 ] ] ], [ [ [ 2.6312, 39.759 ], [ 2.6313, 39.759 ], [ 2.6313, 39.7589 ], [ 2.6312, 39.759 ] ] ], [ [ [ 2.6453, 39.7626 ], [ 2.6452, 39.7626 ], [ 2.6453, 39.7627 ], [ 2.6453, 39.7626 ] ] ], [ [ [ 2.6504, 39.766 ], [ 2.6503, 39.766 ], [ 2.6503, 39.7661 ], [ 2.6504, 39.766 ] ] ], [ [ [ 2.6517, 39.7669 ], [ 2.6516, 39.7667 ], [ 2.6515, 39.7668 ], [ 2.6517, 39.7669 ] ] ], [ [ [ 2.6518, 39.7673 ], [ 2.6517, 39.7673 ], [ 2.6517, 39.7674 ], [ 2.6518, 39.7673 ] ] ], [ [ [ 2.6522, 39.7676 ], [ 2.6521, 39.7677 ], [ 2.6522, 39.7677 ], [ 2.6522, 39.7676 ] ] ], [ [ [ 2.6526, 39.7679 ], [ 2.6524, 39.7679 ], [ 2.6525, 39.768 ], [ 2.6526, 39.7679 ] ] ], [ [ [ 2.6541, 39.7686 ], [ 2.654, 39.7687 ], [ 2.6542, 39.7688 ], [ 2.6541, 39.7686 ] ] ], [ [ [ 2.709, 39.8177 ], [ 2.7098, 39.8192 ], [ 2.7108, 39.8163 ], [ 2.709, 39.8177 ] ] ], [ [ [ 2.933, 39.9029 ], [ 2.9332, 39.9029 ], [ 2.9331, 39.9027 ], [ 2.933, 39.9029 ] ] ], [ [ [ 2.9658, 39.9105 ], [ 2.9658, 39.9106 ], [ 2.966, 39.9105 ], [ 2.9658, 39.9105 ] ] ], [ [ [ 2.9652, 39.9107 ], [ 2.9651, 39.9108 ], [ 2.9653, 39.9108 ], [ 2.9652, 39.9107 ] ] ], [ [ [ 2.9632, 39.9125 ], [ 2.9633, 39.9126 ], [ 2.9635, 39.9125 ], [ 2.9632, 39.9125 ] ] ], [ [ [ 2.9747, 39.1694 ], [ 2.978, 39.1696 ], [ 2.9786, 39.1672 ], [ 2.9747, 39.1694 ] ] ], [ [ [ 2.9705, 39.1744 ], [ 2.9706, 39.1743 ], [ 2.9705, 39.1743 ], [ 2.9705, 39.1744 ] ] ], [ [ [ 2.9711, 39.1978 ], [ 2.9734, 39.1982 ], [ 2.974, 39.1959 ], [ 2.9711, 39.1978 ] ] ], [ [ [ 2.9713, 39.2005 ], [ 2.9721, 39.201 ], [ 2.9751, 39.2008 ], [ 2.9713, 39.2005 ] ] ], [ [ [ 2.9752, 39.2011 ], [ 2.9751, 39.2012 ], [ 2.9753, 39.2013 ], [ 2.9752, 39.2011 ] ] ], [ [ [ 2.9762, 39.2027 ], [ 2.9774, 39.2026 ], [ 2.9759, 39.2016 ], [ 2.9762, 39.2027 ] ] ], [ [ [ 2.9787, 39.2052 ], [ 2.9793, 39.2054 ], [ 2.9794, 39.2047 ], [ 2.9787, 39.2052 ] ] ], [ [ [ 2.978, 39.2069 ], [ 2.9786, 39.2078 ], [ 2.9798, 39.2069 ], [ 2.978, 39.2069 ] ] ], [ [ [ 3.0368, 39.2796 ], [ 3.0362, 39.279 ], [ 3.0356, 39.2792 ], [ 3.0368, 39.2796 ] ] ], [ [ [ 3.0094, 39.2997 ], [ 3.0099, 39.3 ], [ 3.0104, 39.2983 ], [ 3.0094, 39.2997 ] ] ], [ [ [ 3.0082, 39.3032 ], [ 3.0082, 39.3033 ], [ 3.0087, 39.3035 ], [ 3.0082, 39.3032 ] ] ], [ [ [ 3.0137, 39.3033 ], [ 3.0138, 39.3035 ], [ 3.0139, 39.3034 ], [ 3.0137, 39.3033 ] ] ], [ [ [ 3.0106, 39.3058 ], [ 3.0126, 39.3052 ], [ 3.012, 39.3035 ], [ 3.0106, 39.3058 ] ] ], [ [ [ 2.9998, 39.3102 ], [ 3.0003, 39.3111 ], [ 3.0019, 39.3109 ], [ 2.9998, 39.3102 ] ] ], [ [ [ 3.0067, 39.3109 ], [ 3.0069, 39.3109 ], [ 3.0067, 39.3107 ], [ 3.0067, 39.3109 ] ] ], [ [ [ 2.9875, 39.3121 ], [ 2.9865, 39.312 ], [ 2.9866, 39.3122 ], [ 2.9875, 39.3121 ] ] ], [ [ [ 3.0035, 39.3129 ], [ 3.0041, 39.313 ], [ 3.0034, 39.3125 ], [ 3.0035, 39.3129 ] ] ], [ [ [ 2.983, 39.3184 ], [ 2.9833, 39.3177 ], [ 2.9825, 39.3177 ], [ 2.983, 39.3184 ] ] ], [ [ [ 2.9823, 39.3258 ], [ 2.9842, 39.3264 ], [ 2.9836, 39.3257 ], [ 2.9823, 39.3258 ] ] ], [ [ [ 2.983, 39.3272 ], [ 2.9829, 39.3272 ], [ 2.9829, 39.3273 ], [ 2.983, 39.3272 ] ] ], [ [ [ 2.9879, 39.3289 ], [ 2.9876, 39.329 ], [ 2.9878, 39.3291 ], [ 2.9879, 39.3289 ] ] ], [ [ [ 2.9898, 39.3338 ], [ 2.9885, 39.3337 ], [ 2.9889, 39.334 ], [ 2.9898, 39.3338 ] ] ], [ [ [ 3.1883, 39.7546 ], [ 3.1877, 39.7543 ], [ 3.1877, 39.7547 ], [ 3.1883, 39.7546 ] ] ], [ [ [ 3.1885, 39.7551 ], [ 3.1884, 39.7552 ], [ 3.1887, 39.7552 ], [ 3.1885, 39.7551 ] ] ], [ [ [ 3.1698, 39.836 ], [ 3.1717, 39.8356 ], [ 3.1702, 39.8347 ], [ 3.1698, 39.836 ] ] ], [ [ [ 3.1192, 39.8639 ], [ 3.1191, 39.8638 ], [ 3.1188, 39.8642 ], [ 3.1192, 39.8639 ] ] ], [ [ [ 3.1861, 39.869 ], [ 3.1858, 39.869 ], [ 3.1859, 39.8693 ], [ 3.1861, 39.869 ] ] ], [ [ [ 3.1622, 39.8738 ], [ 3.1623, 39.8732 ], [ 3.1619, 39.8732 ], [ 3.1622, 39.8738 ] ] ], [ [ [ 3.177, 39.8811 ], [ 3.1772, 39.8813 ], [ 3.1773, 39.8812 ], [ 3.177, 39.8811 ] ] ], [ [ [ 3.1443, 39.9229 ], [ 3.1501, 39.9204 ], [ 3.1497, 39.9198 ], [ 3.1443, 39.9229 ] ] ], [ [ [ 3.1527, 39.9235 ], [ 3.1528, 39.9235 ], [ 3.1527, 39.9232 ], [ 3.1527, 39.9235 ] ] ], [ [ [ 3.184, 39.9374 ], [ 3.1837, 39.9376 ], [ 3.1841, 39.9378 ], [ 3.184, 39.9374 ] ] ], [ [ [ 3.1314, 39.946 ], [ 3.1324, 39.9459 ], [ 3.1317, 39.9444 ], [ 3.1314, 39.946 ] ] ], [ [ [ 3.1429, 39.9495 ], [ 3.1429, 39.9494 ], [ 3.1428, 39.9494 ], [ 3.1429, 39.9495 ] ] ], [ [ [ 3.1759, 39.952 ], [ 3.176, 39.9519 ], [ 3.1757, 39.9518 ], [ 3.1759, 39.952 ] ] ], [ [ [ 3.1764, 39.9549 ], [ 3.1766, 39.9549 ], [ 3.1765, 39.9548 ], [ 3.1764, 39.9549 ] ] ], [ [ [ 3.177, 39.9553 ], [ 3.177, 39.9554 ], [ 3.1771, 39.9554 ], [ 3.177, 39.9553 ] ] ], [ [ [ 3.261, 39.4049 ], [ 3.2603, 39.4044 ], [ 3.2602, 39.4045 ], [ 3.261, 39.4049 ] ] ], [ [ [ 3.4575, 39.7037 ], [ 3.4576, 39.7038 ], [ 3.4576, 39.7036 ], [ 3.4575, 39.7037 ] ] ], [ [ [ 3.4566, 39.7041 ], [ 3.4565, 39.7042 ], [ 3.4567, 39.7042 ], [ 3.4566, 39.7041 ] ] ], [ [ [ 3.4756, 39.7083 ], [ 3.4753, 39.7085 ], [ 3.4755, 39.7087 ], [ 3.4756, 39.7083 ] ] ], [ [ [ 3.4611, 39.7207 ], [ 3.461, 39.721 ], [ 3.4611, 39.7211 ], [ 3.4611, 39.7207 ] ] ], [ [ [ 3.4591, 39.7214 ], [ 3.459, 39.7215 ], [ 3.4592, 39.7217 ], [ 3.4591, 39.7214 ] ] ], [ [ [ 3.4069, 39.7699 ], [ 3.4057, 39.7697 ], [ 3.406, 39.7702 ], [ 3.4069, 39.7699 ] ] ], [ [ [ 4.145, 39.8605 ], [ 4.1469, 39.8648 ], [ 4.1331, 39.8651 ], [ 4.1327, 39.8707 ], [ 4.1242, 39.8678 ], [ 4.0978, 39.8787 ], [ 4.0776, 39.8967 ], [ 4.0265, 39.9199 ], [ 3.9613, 39.9325 ], [ 3.9594, 39.9384 ], [ 3.9475, 39.9333 ], [ 3.9367, 39.9383 ], [ 3.9002, 39.9225 ], [ 3.8925, 39.9278 ], [ 3.8841, 39.9219 ], [ 3.8371, 39.9266 ], [ 3.824, 39.9219 ], [ 3.82, 39.9282 ], [ 3.8249, 39.952 ], [ 3.8356, 39.9673 ], [ 3.83, 39.9726 ], [ 3.8393, 39.9784 ], [ 3.8307, 39.9799 ], [ 3.8272, 39.9926 ], [ 3.8337, 39.9931 ], [ 3.8354, 39.9943 ], [ 3.8253, 39.9963 ], [ 3.8352, 40.0011 ], [ 3.836, 40.0024 ], [ 3.8217, 39.9955 ], [ 3.806, 40.0015 ], [ 3.7989, 39.9978 ], [ 3.7921, 40.0199 ], [ 3.8105, 40.0268 ], [ 3.8064, 40.0316 ], [ 3.819, 40.0398 ], [ 3.8224, 40.0512 ], [ 3.8354, 40.049 ], [ 3.8673, 40.058 ], [ 3.8788, 40.0525 ], [ 3.882, 40.058 ], [ 3.8906, 40.0568 ], [ 3.8987, 40.0598 ], [ 3.9213, 40.0453 ], [ 3.9255, 40.0487 ], [ 3.9199, 40.0568 ], [ 3.931, 40.0582 ], [ 3.9339, 40.0629 ], [ 3.9421, 40.0563 ], [ 3.9493, 40.0568 ], [ 3.9615, 40.0608 ], [ 3.9787, 40.0511 ], [ 3.9872, 40.0523 ], [ 3.9946, 40.059 ], [ 4.0162, 40.0556 ], [ 4.0321, 40.0656 ], [ 4.0411, 40.0559 ], [ 4.0537, 40.0519 ], [ 4.0594, 40.0591 ], [ 4.0762, 40.0594 ], [ 4.0842, 40.075 ], [ 4.0895, 40.0691 ], [ 4.0902, 40.0823 ], [ 4.0821, 40.0894 ], [ 4.099, 40.086 ], [ 4.0925, 40.0747 ], [ 4.0964, 40.0663 ], [ 4.0922, 40.063 ], [ 4.1034, 40.0445 ], [ 4.1081, 40.0452 ], [ 4.1097, 40.0545 ], [ 4.1249, 40.0551 ], [ 4.1263, 40.0626 ], [ 4.1335, 40.0632 ], [ 4.1199, 40.0359 ], [ 4.1266, 40.0261 ], [ 4.1408, 40.0359 ], [ 4.1429, 40.0555 ], [ 4.1365, 40.0671 ], [ 4.1555, 40.0679 ], [ 4.1725, 40.0606 ], [ 4.1645, 40.0578 ], [ 4.1628, 40.0476 ], [ 4.1663, 40.0443 ], [ 4.1585, 40.045 ], [ 4.1608, 40.0335 ], [ 4.1711, 40.0365 ], [ 4.1739, 40.0332 ], [ 4.169, 40.0309 ], [ 4.168, 40.0294 ], [ 4.1689, 40.0269 ], [ 4.1822, 40.0218 ], [ 4.1873, 40.0333 ], [ 4.1953, 40.0322 ], [ 4.1932, 40.0238 ], [ 4.2029, 40.0186 ], [ 4.1941, 40.0098 ], [ 4.2021, 40.0137 ], [ 4.1975, 40.0069 ], [ 4.2053, 39.993 ], [ 4.2005, 40.006 ], [ 4.2086, 40.0071 ], [ 4.2076, 40.013 ], [ 4.2126, 40.0066 ], [ 4.2093, 40.0032 ], [ 4.2197, 40.0023 ], [ 4.2205, 39.9967 ], [ 4.2487, 40.0018 ], [ 4.2511, 39.9985 ], [ 4.2699, 39.9965 ], [ 4.2549, 39.9929 ], [ 4.2593, 39.9816 ], [ 4.2662, 39.9819 ], [ 4.2591, 39.9789 ], [ 4.2548, 39.9639 ], [ 4.27, 39.9594 ], [ 4.2721, 39.9541 ], [ 4.2655, 39.9499 ], [ 4.2807, 39.9499 ], [ 4.2834, 39.9446 ], [ 4.2753, 39.939 ], [ 4.2743, 39.9337 ], [ 4.2854, 39.9249 ], [ 4.2843, 39.9242 ], [ 4.2854, 39.9179 ], [ 4.2903, 39.9165 ], [ 4.2857, 39.9121 ], [ 4.2928, 39.9105 ], [ 4.2934, 39.9031 ], [ 4.2985, 39.8974 ], [ 4.3057, 39.8972 ], [ 4.3084, 39.899 ], [ 4.3065, 39.8928 ], [ 4.3119, 39.8855 ], [ 4.3097, 39.8804 ], [ 4.3278, 39.8769 ], [ 4.3103, 39.87 ], [ 4.3103, 39.8782 ], [ 4.2966, 39.8852 ], [ 4.2961, 39.8919 ], [ 4.2905, 39.8884 ], [ 4.2565, 39.8972 ], [ 4.2763, 39.8909 ], [ 4.2748, 39.8845 ], [ 4.2937, 39.8814 ], [ 4.3076, 39.8648 ], [ 4.2987, 39.8639 ], [ 4.3059, 39.8632 ], [ 4.3088, 39.8498 ], [ 4.2985, 39.841 ], [ 4.3038, 39.8319 ], [ 4.2926, 39.829 ], [ 4.2961, 39.8231 ], [ 4.2754, 39.8094 ], [ 4.2374, 39.8141 ], [ 4.2188, 39.8291 ], [ 4.211, 39.8293 ], [ 4.2082, 39.8248 ], [ 4.2028, 39.8304 ], [ 4.2043, 39.8324 ], [ 4.203, 39.8336 ], [ 4.145, 39.8605 ] ] ], [ [ [ 4.03, 39.9167 ], [ 4.0303, 39.9167 ], [ 4.03, 39.9155 ], [ 4.03, 39.9167 ] ] ], [ [ [ 3.2001, 39.9562 ], [ 3.2001, 39.9563 ], [ 3.2002, 39.9563 ], [ 3.2001, 39.9562 ] ] ], [ [ [ 4.1691, 40.0289 ], [ 4.1688, 40.029 ], [ 4.1689, 40.0291 ], [ 4.1691, 40.0289 ] ] ], [ [ [ 4.1693, 40.0303 ], [ 4.1692, 40.0305 ], [ 4.1695, 40.0304 ], [ 4.1693, 40.0303 ] ] ], [ [ [ 4.1825, 40.0328 ], [ 4.1825, 40.0327 ], [ 4.1824, 40.0327 ], [ 4.1825, 40.0328 ] ] ], [ [ [ 4.1831, 40.0333 ], [ 4.1831, 40.0332 ], [ 4.183, 40.0332 ], [ 4.1831, 40.0333 ] ] ], [ [ [ 4.1388, 40.0387 ], [ 4.139, 40.0386 ], [ 4.1389, 40.0385 ], [ 4.1388, 40.0387 ] ] ], [ [ [ 4.1376, 40.0449 ], [ 4.1377, 40.0437 ], [ 4.1371, 40.0444 ], [ 4.1376, 40.0449 ] ] ], [ [ [ 4.1362, 40.0475 ], [ 4.1368, 40.0481 ], [ 4.137, 40.0481 ], [ 4.1362, 40.0475 ] ] ], [ [ [ 4.1029, 40.0479 ], [ 4.1031, 40.0475 ], [ 4.1029, 40.0474 ], [ 4.1029, 40.0479 ] ] ], [ [ [ 4.1011, 40.0492 ], [ 4.1009, 40.0494 ], [ 4.1011, 40.0494 ], [ 4.1011, 40.0492 ] ] ], [ [ [ 3.9151, 40.0511 ], [ 3.9156, 40.0506 ], [ 3.9151, 40.0506 ], [ 3.9151, 40.0511 ] ] ], [ [ [ 4.108, 40.0513 ], [ 4.1083, 40.0515 ], [ 4.1083, 40.0513 ], [ 4.108, 40.0513 ] ] ], [ [ [ 4.1649, 40.0523 ], [ 4.165, 40.0524 ], [ 4.1651, 40.0523 ], [ 4.1649, 40.0523 ] ] ], [ [ [ 4.1013, 40.0527 ], [ 4.1003, 40.0525 ], [ 4.1006, 40.0528 ], [ 4.1013, 40.0527 ] ] ], [ [ [ 3.9799, 40.0541 ], [ 3.9799, 40.0543 ], [ 3.9801, 40.0542 ], [ 3.9799, 40.0541 ] ] ], [ [ [ 3.9743, 40.0544 ], [ 3.9738, 40.0542 ], [ 3.9737, 40.0547 ], [ 3.9743, 40.0544 ] ] ], [ [ [ 4.0447, 40.0557 ], [ 4.0446, 40.0555 ], [ 4.0439, 40.0554 ], [ 4.0447, 40.0557 ] ] ], [ [ [ 4.1681, 40.0576 ], [ 4.1688, 40.0574 ], [ 4.1683, 40.0568 ], [ 4.1681, 40.0576 ] ] ], [ [ [ 3.9469, 40.0574 ], [ 3.9467, 40.0574 ], [ 3.9467, 40.0576 ], [ 3.9469, 40.0574 ] ] ], [ [ [ 3.9489, 40.0577 ], [ 3.9488, 40.0579 ], [ 3.949, 40.0579 ], [ 3.9489, 40.0577 ] ] ], [ [ [ 4.0433, 40.0586 ], [ 4.0438, 40.0579 ], [ 4.0415, 40.0577 ], [ 4.0433, 40.0586 ] ] ], [ [ [ 4.0072, 40.0591 ], [ 4.0066, 40.059 ], [ 4.0069, 40.0595 ], [ 4.0072, 40.0591 ] ] ], [ [ [ 4.095, 40.0594 ], [ 4.0952, 40.0597 ], [ 4.0952, 40.0596 ], [ 4.095, 40.0594 ] ] ], [ [ [ 4.0198, 40.0602 ], [ 4.02, 40.0601 ], [ 4.0195, 40.06 ], [ 4.0198, 40.0602 ] ] ], [ [ [ 3.9284, 40.0604 ], [ 3.9284, 40.0605 ], [ 3.9286, 40.0606 ], [ 3.9284, 40.0604 ] ] ], [ [ [ 3.9292, 40.0608 ], [ 3.9287, 40.0607 ], [ 3.9287, 40.0611 ], [ 3.9292, 40.0608 ] ] ], [ [ [ 4.0274, 40.0636 ], [ 4.0268, 40.0636 ], [ 4.0271, 40.0638 ], [ 4.0274, 40.0636 ] ] ], [ [ [ 4.1314, 40.0647 ], [ 4.1322, 40.0641 ], [ 4.1319, 40.0638 ], [ 4.1314, 40.0647 ] ] ], [ [ [ 4.0284, 40.0655 ], [ 4.0284, 40.0653 ], [ 4.0272, 40.0644 ], [ 4.0284, 40.0655 ] ] ], [ [ [ 4.0338, 40.0653 ], [ 4.0336, 40.0655 ], [ 4.0348, 40.0657 ], [ 4.0338, 40.0653 ] ] ], [ [ [ 4.0312, 40.0696 ], [ 4.0332, 40.0688 ], [ 4.0318, 40.0666 ], [ 4.0312, 40.0696 ] ] ], [ [ [ 4.0783, 40.0711 ], [ 4.0785, 40.071 ], [ 4.0783, 40.0709 ], [ 4.0783, 40.0711 ] ] ], [ [ [ 4.0947, 40.074 ], [ 4.095, 40.074 ], [ 4.0949, 40.0739 ], [ 4.0947, 40.074 ] ] ], [ [ [ 4.0814, 40.0901 ], [ 4.0828, 40.09 ], [ 4.0812, 40.0898 ], [ 4.0814, 40.0901 ] ] ], [ [ [ 4.0755, 40.0946 ], [ 4.0775, 40.0921 ], [ 4.0762, 40.0908 ], [ 4.0755, 40.0946 ] ] ], [ [ [ 4.2888, 39.8037 ], [ 4.2961, 39.8005 ], [ 4.293, 39.7992 ], [ 4.2845, 39.7995 ], [ 4.2888, 39.8037 ] ] ], [ [ [ 4.2953, 39.8029 ], [ 4.2956, 39.8029 ], [ 4.2954, 39.8028 ], [ 4.2953, 39.8029 ] ] ], [ [ [ 4.2419, 39.8129 ], [ 4.2415, 39.8128 ], [ 4.2417, 39.8132 ], [ 4.2419, 39.8129 ] ] ], [ [ [ 4.2414, 39.8132 ], [ 4.2413, 39.8133 ], [ 4.2414, 39.8134 ], [ 4.2414, 39.8132 ] ] ], [ [ [ 4.2215, 39.8241 ], [ 4.2228, 39.8238 ], [ 4.2213, 39.8218 ], [ 4.2215, 39.8241 ] ] ], [ [ [ 4.2242, 39.8239 ], [ 4.224, 39.8234 ], [ 4.2234, 39.8241 ], [ 4.2242, 39.8239 ] ] ], [ [ [ 4.2144, 39.8264 ], [ 4.2146, 39.8254 ], [ 4.214, 39.8255 ], [ 4.2144, 39.8264 ] ] ], [ [ [ 4.2151, 39.8271 ], [ 4.2144, 39.8264 ], [ 4.2146, 39.8271 ], [ 4.2151, 39.8271 ] ] ], [ [ [ 4.2147, 39.8275 ], [ 4.2149, 39.8277 ], [ 4.215, 39.8276 ], [ 4.2147, 39.8275 ] ] ], [ [ [ 4.3017, 39.8759 ], [ 4.3016, 39.8817 ], [ 4.3059, 39.8788 ], [ 4.3059, 39.8727 ], [ 4.3017, 39.8759 ] ] ], [ [ [ 4.2984, 39.8829 ], [ 4.2992, 39.8813 ], [ 4.2983, 39.8815 ], [ 4.2984, 39.8829 ] ] ], [ [ [ 4.2869, 39.8882 ], [ 4.2888, 39.8868 ], [ 4.287, 39.8856 ], [ 4.2869, 39.8882 ] ] ], [ [ [ 4.3115, 39.8888 ], [ 4.3114, 39.8884 ], [ 4.3107, 39.8886 ], [ 4.3115, 39.8888 ] ] ], [ [ [ 4.3118, 39.8891 ], [ 4.3114, 39.8891 ], [ 4.3117, 39.8894 ], [ 4.3118, 39.8891 ] ] ], [ [ [ 4.3088, 39.8915 ], [ 4.3083, 39.8915 ], [ 4.3086, 39.8921 ], [ 4.3088, 39.8915 ] ] ], [ [ [ 4.3075, 39.8955 ], [ 4.3077, 39.8954 ], [ 4.3076, 39.8953 ], [ 4.3075, 39.8955 ] ] ], [ [ [ 4.3082, 39.8977 ], [ 4.3085, 39.8977 ], [ 4.3083, 39.8976 ], [ 4.3082, 39.8977 ] ] ], [ [ [ 4.3069, 39.8989 ], [ 4.3071, 39.8991 ], [ 4.3071, 39.8988 ], [ 4.3069, 39.8989 ] ] ], [ [ [ 4.308, 39.8991 ], [ 4.308, 39.8992 ], [ 4.3082, 39.8992 ], [ 4.308, 39.8991 ] ] ], [ [ [ 4.2951, 39.9028 ], [ 4.2952, 39.903 ], [ 4.2953, 39.903 ], [ 4.2951, 39.9028 ] ] ], [ [ [ 4.2964, 39.9045 ], [ 4.2962, 39.9046 ], [ 4.2966, 39.9048 ], [ 4.2964, 39.9045 ] ] ], [ [ [ 4.296, 39.9082 ], [ 4.2961, 39.9081 ], [ 4.296, 39.908 ], [ 4.296, 39.9082 ] ] ], [ [ [ 4.2915, 39.912 ], [ 4.2919, 39.912 ], [ 4.2917, 39.9119 ], [ 4.2915, 39.912 ] ] ], [ [ [ 4.2896, 39.9128 ], [ 4.2907, 39.9126 ], [ 4.2903, 39.9114 ], [ 4.2896, 39.9128 ] ] ], [ [ [ 4.294, 39.9159 ], [ 4.2937, 39.916 ], [ 4.2945, 39.916 ], [ 4.294, 39.9159 ] ] ], [ [ [ 4.2941, 39.9164 ], [ 4.2942, 39.9164 ], [ 4.2942, 39.9162 ], [ 4.2941, 39.9164 ] ] ], [ [ [ 4.2933, 39.9165 ], [ 4.2934, 39.9165 ], [ 4.2934, 39.9163 ], [ 4.2933, 39.9165 ] ] ], [ [ [ 4.2867, 39.9206 ], [ 4.2868, 39.9205 ], [ 4.2867, 39.9205 ], [ 4.2867, 39.9206 ] ] ], [ [ [ 4.2872, 39.9218 ], [ 4.2874, 39.9219 ], [ 4.2874, 39.9218 ], [ 4.2872, 39.9218 ] ] ], [ [ [ 4.2852, 39.9232 ], [ 4.2854, 39.9232 ], [ 4.2854, 39.9231 ], [ 4.2852, 39.9232 ] ] ], [ [ [ 4.2876, 39.9263 ], [ 4.2875, 39.9265 ], [ 4.2876, 39.9267 ], [ 4.2876, 39.9263 ] ] ], [ [ [ 4.2815, 39.9292 ], [ 4.2822, 39.9294 ], [ 4.2822, 39.9293 ], [ 4.2815, 39.9292 ] ] ], [ [ [ 4.2813, 39.9295 ], [ 4.2814, 39.9294 ], [ 4.281, 39.9293 ], [ 4.2813, 39.9295 ] ] ], [ [ [ 4.2755, 39.9357 ], [ 4.2756, 39.9356 ], [ 4.2754, 39.9356 ], [ 4.2755, 39.9357 ] ] ], [ [ [ 4.2801, 39.9503 ], [ 4.2795, 39.9507 ], [ 4.2798, 39.9512 ], [ 4.2801, 39.9503 ] ] ], [ [ [ 4.2735, 39.9643 ], [ 4.278, 39.9667 ], [ 4.2842, 39.9603 ], [ 4.2748, 39.9564 ], [ 4.2735, 39.9643 ] ] ], [ [ [ 4.2731, 39.9634 ], [ 4.2732, 39.9637 ], [ 4.2735, 39.9635 ], [ 4.2731, 39.9634 ] ] ], [ [ [ 4.2581, 39.999 ], [ 4.258, 39.9991 ], [ 4.2584, 39.9991 ], [ 4.2581, 39.999 ] ] ], [ [ [ 4.2512, 40.0016 ], [ 4.2513, 40.0016 ], [ 4.2513, 40.0015 ], [ 4.2512, 40.0016 ] ] ], [ [ [ 4.1996, 40.007 ], [ 4.1997, 40.0065 ], [ 4.1989, 40.0066 ], [ 4.1996, 40.007 ] ] ], [ [ [ 4.2044, 40.0147 ], [ 4.2053, 40.0137 ], [ 4.2041, 40.0138 ], [ 4.2044, 40.0147 ] ] ], [ [ [ 4.2133, 40.015 ], [ 4.2122, 40.0144 ], [ 4.2123, 40.0146 ], [ 4.2133, 40.015 ] ] ], [ [ [ 4.2107, 40.0149 ], [ 4.2109, 40.0149 ], [ 4.2109, 40.0148 ], [ 4.2107, 40.0149 ] ] ], [ [ [ 4.2039, 40.0151 ], [ 4.2042, 40.0149 ], [ 4.204, 40.0149 ], [ 4.2039, 40.0151 ] ] ], [ [ [ 4.2104, 40.0181 ], [ 4.2127, 40.0182 ], [ 4.2104, 40.0148 ], [ 4.2104, 40.0181 ] ] ], [ [ [ 4.2084, 40.0219 ], [ 4.2087, 40.0221 ], [ 4.2106, 40.0202 ], [ 4.2084, 40.0219 ] ] ] ] } },
{ "type": "Feature", "properties": { "prov": "Barcelona", "ccaa": "Cataluña/Catalunya" }, "geometry": { "type": "MultiPolygon", "coordinates": [ [ [ [ 1.7887, 41.2237 ], [ 1.7421, 41.2179 ], [ 1.738, 41.2108 ], [ 1.7322, 41.2073 ], [ 1.7357, 41.2161 ], [ 1.7282, 41.2149 ], [ 1.7292, 41.208 ], [ 1.7155, 41.2115 ], [ 1.6792, 41.1994 ], [ 1.6474, 41.1927 ], [ 1.6532, 41.1942 ], [ 1.6548, 41.196 ], [ 1.6548, 41.197 ], [ 1.6475, 41.1936 ], [ 1.6422, 41.1995 ], [ 1.6412, 41.2117 ], [ 1.6532, 41.2074 ], [ 1.641, 41.2354 ], [ 1.624, 41.2229 ], [ 1.6026, 41.2348 ], [ 1.5816, 41.2372 ], [ 1.5701, 41.2607 ], [ 1.5944, 41.259 ], [ 1.6061, 41.2499 ], [ 1.6199, 41.2535 ], [ 1.6275, 41.2697 ], [ 1.6199, 41.2771 ], [ 1.6301, 41.2829 ], [ 1.6274, 41.2941 ], [ 1.6367, 41.2961 ], [ 1.6166, 41.2933 ], [ 1.6118, 41.2852 ], [ 1.5883, 41.2936 ], [ 1.5964, 41.3085 ], [ 1.575, 41.315 ], [ 1.5663, 41.3392 ], [ 1.5591, 41.3433 ], [ 1.5782, 41.3534 ], [ 1.5782, 41.3624 ], [ 1.5706, 41.3615 ], [ 1.5675, 41.3695 ], [ 1.5512, 41.3684 ], [ 1.537, 41.3853 ], [ 1.5099, 41.3943 ], [ 1.4732, 41.3803 ], [ 1.4819, 41.398 ], [ 1.4902, 41.4017 ], [ 1.4758, 41.4292 ], [ 1.496, 41.4357 ], [ 1.4761, 41.4355 ], [ 1.4686, 41.4437 ], [ 1.4829, 41.4576 ], [ 1.4858, 41.4719 ], [ 1.4746, 41.4783 ], [ 1.4739, 41.4863 ], [ 1.452, 41.4864 ], [ 1.446, 41.4948 ], [ 1.3957, 41.5129 ], [ 1.3995, 41.5285 ], [ 1.4087, 41.5349 ], [ 1.4486, 41.5371 ], [ 1.4467, 41.5524 ], [ 1.4345, 41.5502 ], [ 1.431, 41.5557 ], [ 1.4545, 41.5692 ], [ 1.4197, 41.5826 ], [ 1.4106, 41.5755 ], [ 1.3925, 41.5752 ], [ 1.3957, 41.5851 ], [ 1.4078, 41.5907 ], [ 1.4073, 41.6003 ], [ 1.3936, 41.5997 ], [ 1.3604, 41.6136 ], [ 1.3915, 41.6343 ], [ 1.4306, 41.6298 ], [ 1.4508, 41.6399 ], [ 1.4507, 41.6464 ], [ 1.433, 41.6515 ], [ 1.4155, 41.6747 ], [ 1.4233, 41.6841 ], [ 1.4042, 41.6862 ], [ 1.4039, 41.6945 ], [ 1.3958, 41.6957 ], [ 1.4002, 41.7043 ], [ 1.3819, 41.7068 ], [ 1.4245, 41.7327 ], [ 1.4029, 41.7456 ], [ 1.4214, 41.7936 ], [ 1.4166, 41.7949 ], [ 1.4272, 41.802 ], [ 1.4713, 41.8006 ], [ 1.4731, 41.7826 ], [ 1.4609, 41.7765 ], [ 1.4689, 41.7708 ], [ 1.4842, 41.7718 ], [ 1.4881, 41.7787 ], [ 1.4828, 41.7911 ], [ 1.5011, 41.7896 ], [ 1.5109, 41.7708 ], [ 1.5327, 41.7638 ], [ 1.5307, 41.7526 ], [ 1.5448, 41.7574 ], [ 1.5483, 41.7704 ], [ 1.5617, 41.77 ], [ 1.5611, 41.7772 ], [ 1.5726, 41.7822 ], [ 1.5813, 41.7754 ], [ 1.5936, 41.7779 ], [ 1.5998, 41.789 ], [ 1.5888, 41.8047 ], [ 1.5933, 41.812 ], [ 1.6115, 41.8178 ], [ 1.6154, 41.8303 ], [ 1.61, 41.8361 ], [ 1.6315, 41.8447 ], [ 1.6265, 41.8486 ], [ 1.6303, 41.8588 ], [ 1.619, 41.8816 ], [ 1.6013, 41.8843 ], [ 1.5831, 41.8735 ], [ 1.5685, 41.8798 ], [ 1.576, 41.891 ], [ 1.586, 41.8883 ], [ 1.5999, 41.9043 ], [ 1.6155, 41.9059 ], [ 1.6375, 41.9268 ], [ 1.6512, 41.9267 ], [ 1.6424, 41.9405 ], [ 1.6502, 41.9449 ], [ 1.6441, 41.9639 ], [ 1.6488, 41.9797 ], [ 1.6743, 41.9827 ], [ 1.6678, 41.9703 ], [ 1.6824, 41.9677 ], [ 1.7193, 41.9849 ], [ 1.7124, 41.9925 ], [ 1.7174, 42.0 ], [ 1.7073, 42.0016 ], [ 1.6987, 42.0138 ], [ 1.6901, 42.0051 ], [ 1.6988, 41.9935 ], [ 1.6974, 41.9857 ], [ 1.6848, 41.9951 ], [ 1.6622, 41.9911 ], [ 1.6577, 42.0029 ], [ 1.652, 41.992 ], [ 1.6471, 41.9998 ], [ 1.6584, 42.0219 ], [ 1.6644, 42.0216 ], [ 1.661, 42.0061 ], [ 1.6663, 42.003 ], [ 1.67, 42.0157 ], [ 1.6997, 42.0289 ], [ 1.6927, 42.0456 ], [ 1.6828, 42.0484 ], [ 1.6795, 42.0382 ], [ 1.6721, 42.0408 ], [ 1.6746, 42.0586 ], [ 1.6911, 42.0754 ], [ 1.6912, 42.0868 ], [ 1.7076, 42.0824 ], [ 1.7221, 42.0913 ], [ 1.7229, 42.1001 ], [ 1.7044, 42.106 ], [ 1.7123, 42.119 ], [ 1.6985, 42.1346 ], [ 1.7138, 42.1547 ], [ 1.724, 42.1526 ], [ 1.7383, 42.1632 ], [ 1.738, 42.1894 ], [ 1.7216, 42.1961 ], [ 1.7072, 42.1899 ], [ 1.6804, 42.2062 ], [ 1.6853, 42.2215 ], [ 1.6804, 42.2244 ], [ 1.6999, 42.2302 ], [ 1.7046, 42.2388 ], [ 1.6846, 42.2564 ], [ 1.6951, 42.2638 ], [ 1.6901, 42.2771 ], [ 1.6716, 42.2804 ], [ 1.6749, 42.2857 ], [ 1.7156, 42.2878 ], [ 1.7237, 42.283 ], [ 1.7367, 42.2846 ], [ 1.7409, 42.2909 ], [ 1.7781, 42.2905 ], [ 1.8047, 42.302 ], [ 1.8334, 42.3005 ], [ 1.8506, 42.3107 ], [ 1.8787, 42.3126 ], [ 1.9028, 42.323 ], [ 1.937, 42.3174 ], [ 1.9431, 42.3084 ], [ 1.9495, 42.3157 ], [ 1.9836, 42.298 ], [ 2.0187, 42.3103 ], [ 2.0693, 42.291 ], [ 2.0676, 42.2838 ], [ 2.0424, 42.2693 ], [ 2.0405, 42.2602 ], [ 2.028, 42.2527 ], [ 2.0248, 42.2326 ], [ 2.017, 42.2322 ], [ 2.03, 42.2156 ], [ 2.0531, 42.2194 ], [ 2.0522, 42.1954 ], [ 2.0634, 42.1915 ], [ 2.0578, 42.1747 ], [ 2.0374, 42.1787 ], [ 2.028, 42.1666 ], [ 2.0047, 42.1625 ], [ 1.9959, 42.172 ], [ 2.0059, 42.183 ], [ 1.9977, 42.1913 ], [ 2.0077, 42.1936 ], [ 1.9647, 42.1988 ], [ 1.9655, 42.1787 ], [ 1.9918, 42.1821 ], [ 1.9905, 42.1714 ], [ 2.0058, 42.1548 ], [ 2.0041, 42.1498 ], [ 2.0277, 42.1528 ], [ 2.0373, 42.1427 ], [ 2.0513, 42.1431 ], [ 2.0605, 42.1352 ], [ 2.0923, 42.1444 ], [ 2.1013, 42.1398 ], [ 2.0998, 42.1245 ], [ 2.1257, 42.1123 ], [ 2.1436, 42.1309 ], [ 2.1809, 42.1353 ], [ 2.1887, 42.1243 ], [ 2.2007, 42.1239 ], [ 2.2037, 42.1315 ], [ 2.213, 42.1289 ], [ 2.2053, 42.1336 ], [ 2.2145, 42.1419 ], [ 2.2575, 42.1386 ], [ 2.2699, 42.145 ], [ 2.2915, 42.1292 ], [ 2.3, 42.1339 ], [ 2.2985, 42.1158 ], [ 2.3037, 42.1123 ], [ 2.2954, 42.1026 ], [ 2.3207, 42.1168 ], [ 2.3656, 42.1209 ], [ 2.3798, 42.1037 ], [ 2.4002, 42.1028 ], [ 2.3945, 42.0868 ], [ 2.4175, 42.065 ], [ 2.4273, 42.0612 ], [ 2.4581, 42.0793 ], [ 2.4804, 42.075 ], [ 2.4949, 42.0615 ], [ 2.4813, 42.0507 ], [ 2.5061, 42.0323 ], [ 2.503, 42.0234 ], [ 2.4942, 42.0206 ], [ 2.4951, 42.0116 ], [ 2.5028, 42.0089 ], [ 2.499, 42.0015 ], [ 2.483, 41.9967 ], [ 2.4763, 42.0009 ], [ 2.4688, 41.9937 ], [ 2.488, 41.9848 ], [ 2.4653, 41.9668 ], [ 2.4413, 41.9681 ], [ 2.4388, 41.9736 ], [ 2.4273, 41.9689 ], [ 2.4414, 41.9599 ], [ 2.4368, 41.948 ], [ 2.4424, 41.9414 ], [ 2.4587, 41.9441 ], [ 2.4716, 41.9383 ], [ 2.4798, 41.9296 ], [ 2.481, 41.9161 ], [ 2.4425, 41.8875 ], [ 2.427, 41.8961 ], [ 2.4071, 41.8954 ], [ 2.4037, 41.8863 ], [ 2.3962, 41.8861 ], [ 2.3825, 41.8717 ], [ 2.3697, 41.886 ], [ 2.3666, 41.8803 ], [ 2.3557, 41.8811 ], [ 2.3375, 41.8892 ], [ 2.328, 41.883 ], [ 2.3234, 41.8745 ], [ 2.3325, 41.8632 ], [ 2.3253, 41.8559 ], [ 2.3447, 41.8374 ], [ 2.3439, 41.8216 ], [ 2.3523, 41.8086 ], [ 2.4365, 41.8029 ], [ 2.4439, 41.7894 ], [ 2.4555, 41.7844 ], [ 2.4725, 41.7896 ], [ 2.4692, 41.7779 ], [ 2.49, 41.7655 ], [ 2.5157, 41.7621 ], [ 2.515, 41.7486 ], [ 2.5309, 41.7391 ], [ 2.5373, 41.7217 ], [ 2.5475, 41.719 ], [ 2.5694, 41.7261 ], [ 2.628, 41.7297 ], [ 2.6383, 41.7347 ], [ 2.6398, 41.743 ], [ 2.6566, 41.7429 ], [ 2.6579, 41.7476 ], [ 2.68, 41.7399 ], [ 2.6866, 41.7411 ], [ 2.6819, 41.7485 ], [ 2.6941, 41.7411 ], [ 2.724, 41.7444 ], [ 2.7442, 41.7349 ], [ 2.776, 41.7349 ], [ 2.7659, 41.7257 ], [ 2.7745, 41.7003 ], [ 2.7702, 41.6875 ], [ 2.7579, 41.6794 ], [ 2.776, 41.6495 ], [ 2.6323, 41.6038 ], [ 2.5607, 41.575 ], [ 2.5629, 41.5794 ], [ 2.5554, 41.5794 ], [ 2.5589, 41.5761 ], [ 2.4678, 41.5456 ], [ 2.4446, 41.5263 ], [ 2.4468, 41.532 ], [ 2.369, 41.4904 ], [ 2.3001, 41.4736 ], [ 2.2669, 41.459 ], [ 2.2428, 41.4312 ], [ 2.2443, 41.4364 ], [ 2.2416, 41.437 ], [ 2.2408, 41.436 ], [ 2.242, 41.4321 ], [ 2.234, 41.4212 ], [ 2.2335, 41.4151 ], [ 2.2295, 41.4089 ], [ 2.233, 41.4147 ], [ 2.2275, 41.4155 ], [ 2.2258, 41.406 ], [ 2.1983, 41.3869 ], [ 2.1854, 41.3577 ], [ 2.1864, 41.3797 ], [ 2.178, 41.3741 ], [ 2.183, 41.3715 ], [ 2.1765, 41.3671 ], [ 2.1831, 41.3652 ], [ 2.1834, 41.3633 ], [ 2.1752, 41.3503 ], [ 2.1728, 41.3172 ], [ 2.1719, 41.3489 ], [ 2.1823, 41.3645 ], [ 2.1709, 41.3602 ], [ 2.1669, 41.3471 ], [ 2.1509, 41.3465 ], [ 2.1443, 41.3347 ], [ 2.1488, 41.33 ], [ 2.1569, 41.3423 ], [ 2.1662, 41.3412 ], [ 2.1592, 41.3273 ], [ 2.1539, 41.3276 ], [ 2.1549, 41.3152 ], [ 2.1428, 41.2993 ], [ 2.1526, 41.2962 ], [ 2.1668, 41.3097 ], [ 2.1651, 41.3178 ], [ 2.1676, 41.3113 ], [ 2.1667, 41.3089 ], [ 2.1531, 41.296 ], [ 2.1371, 41.3006 ], [ 2.1379, 41.2931 ], [ 2.1292, 41.2968 ], [ 2.0746, 41.2764 ], [ 2.0234, 41.2662 ], [ 1.935, 41.2624 ], [ 1.8703, 41.2429 ], [ 1.8672, 41.2403 ], [ 1.8675, 41.2379 ], [ 1.8658, 41.2366 ], [ 1.8289, 41.2366 ], [ 1.827, 41.233 ], [ 1.824, 41.232 ], [ 1.8152, 41.236 ], [ 1.7887, 41.2237 ] ], [ [ 1.7249, 41.893 ], [ 1.7147, 41.8919 ], [ 1.7086, 41.897 ], [ 1.7117, 41.8894 ], [ 1.7062, 41.8888 ], [ 1.7188, 41.8824 ], [ 1.7249, 41.893 ] ], [ [ 1.6355, 41.3096 ], [ 1.6424, 41.3129 ], [ 1.6293, 41.3105 ], [ 1.6355, 41.3096 ] ], [ [ 2.0174, 42.1095 ], [ 2.0191, 42.121 ], [ 2.0293, 42.1208 ], [ 2.0319, 42.1263 ], [ 2.0257, 42.1305 ], [ 2.0022, 42.1254 ], [ 2.0076, 42.1065 ], [ 2.0174, 42.1095 ] ] ], [ [ [ 1.6892, 42.1019 ], [ 1.6889, 42.1019 ], [ 1.6892, 42.102 ], [ 1.6892, 42.1019 ] ] ], [ [ [ 1.6453, 42.1123 ], [ 1.6829, 42.1142 ], [ 1.6955, 42.1082 ], [ 1.6769, 42.1034 ], [ 1.6453, 42.1123 ] ] ], [ [ [ 2.6398, 41.6049 ], [ 2.6396, 41.6048 ], [ 2.6396, 41.6049 ], [ 2.6398, 41.6049 ] ] ] ] } },
{ "type": "Feature", "properties": { "prov": "Burgos", "ccaa": "Castilla y León" }, "geometry": { "type": "MultiPolygon", "coordinates": [ [ [ [ -3.9682, 41.5846 ], [ -3.9816, 41.5837 ], [ -3.9929, 41.6087 ], [ -4.0087, 41.61 ], [ -4.0059, 41.6194 ], [ -4.0287, 41.6144 ], [ -4.0353, 41.6206 ], [ -4.0247, 41.6617 ], [ -4.026, 41.6924 ], [ -4.0529, 41.7196 ], [ -4.0764, 41.7261 ], [ -4.0767, 41.7336 ], [ -4.0691, 41.7412 ], [ -4.0558, 41.7407 ], [ -4.0496, 41.7682 ], [ -4.039, 41.7718 ], [ -4.038, 41.7899 ], [ -4.0901, 41.8309 ], [ -4.088, 41.8447 ], [ -4.0793, 41.8484 ], [ -4.0888, 41.8706 ], [ -4.0628, 41.8771 ], [ -4.0376, 41.8728 ], [ -3.9807, 41.9006 ], [ -3.9813, 41.9307 ], [ -3.9522, 41.9353 ], [ -3.9291, 41.9594 ], [ -3.892, 41.9579 ], [ -3.8897, 41.9909 ], [ -3.8915, 41.9966 ], [ -3.9102, 41.997 ], [ -3.9562, 41.981 ], [ -3.9907, 41.9598 ], [ -4.033, 41.9541 ], [ -4.0291, 41.9766 ], [ -4.0148, 41.9986 ], [ -3.9948, 42.0054 ], [ -3.9853, 42.0235 ], [ -3.9799, 42.0211 ], [ -3.9711, 42.0332 ], [ -3.9817, 42.051 ], [ -3.9963, 42.045 ], [ -4.0392, 42.0534 ], [ -4.0474, 42.049 ], [ -4.0479, 42.0391 ], [ -4.0637, 42.0436 ], [ -4.0799, 42.0368 ], [ -4.1041, 42.0616 ], [ -4.103, 42.087 ], [ -4.0775, 42.0827 ], [ -4.0604, 42.0913 ], [ -4.0562, 42.1009 ], [ -4.1038, 42.1097 ], [ -4.1202, 42.1281 ], [ -4.1421, 42.1196 ], [ -4.1441, 42.1292 ], [ -4.1511, 42.1313 ], [ -4.1768, 42.1259 ], [ -4.1783, 42.1308 ], [ -4.1869, 42.1264 ], [ -4.205, 42.1336 ], [ -4.2008, 42.1503 ], [ -4.2061, 42.154 ], [ -4.1915, 42.163 ], [ -4.1886, 42.1764 ], [ -4.2153, 42.2069 ], [ -4.2314, 42.2084 ], [ -4.2269, 42.2296 ], [ -4.2374, 42.2363 ], [ -4.2288, 42.2504 ], [ -4.2441, 42.2594 ], [ -4.241, 42.2698 ], [ -4.2528, 42.2906 ], [ -4.2519, 42.31 ], [ -4.2642, 42.313 ], [ -4.2649, 42.3236 ], [ -4.2568, 42.3228 ], [ -4.2697, 42.3392 ], [ -4.2648, 42.3525 ], [ -4.2805, 42.3638 ], [ -4.2765, 42.3651 ], [ -4.2803, 42.3777 ], [ -4.2738, 42.3751 ], [ -4.2727, 42.3857 ], [ -4.276, 42.3919 ], [ -4.3216, 42.3799 ], [ -4.3309, 42.391 ], [ -4.3295, 42.4064 ], [ -4.3164, 42.4102 ], [ -4.3333, 42.4167 ], [ -4.3353, 42.4306 ], [ -4.3171, 42.4589 ], [ -4.307, 42.4534 ], [ -4.2426, 42.4562 ], [ -4.2475, 42.4671 ], [ -4.2544, 42.4679 ], [ -4.2449, 42.4721 ], [ -4.2508, 42.4802 ], [ -4.247, 42.4947 ], [ -4.2626, 42.5118 ], [ -4.2862, 42.512 ], [ -4.2721, 42.52 ], [ -4.2796, 42.5338 ], [ -4.2777, 42.5447 ], [ -4.3033, 42.5554 ], [ -4.2976, 42.5604 ], [ -4.3053, 42.5708 ], [ -4.2708, 42.5814 ], [ -4.2854, 42.582 ], [ -4.2824, 42.5867 ], [ -4.2939, 42.6053 ], [ -4.2639, 42.618 ], [ -4.2772, 42.6433 ], [ -4.2718, 42.657 ], [ -4.276, 42.6731 ], [ -4.2894, 42.6783 ], [ -4.2868, 42.6869 ], [ -4.2932, 42.6909 ], [ -4.2667, 42.7053 ], [ -4.2676, 42.6943 ], [ -4.257, 42.6881 ], [ -4.2489, 42.6984 ], [ -4.2186, 42.7047 ], [ -4.2151, 42.714 ], [ -4.2014, 42.7176 ], [ -4.1854, 42.7362 ], [ -4.145, 42.7525 ], [ -4.1248, 42.7517 ], [ -4.12, 42.7451 ], [ -4.124, 42.7362 ], [ -4.1096, 42.7339 ], [ -4.0888, 42.7517 ], [ -4.0853, 42.7641 ], [ -4.0031, 42.7634 ], [ -4.0025, 42.7685 ], [ -3.9907, 42.771 ], [ -3.9816, 42.7683 ], [ -3.9789, 42.7581 ], [ -3.9657, 42.7586 ], [ -3.9466, 42.7619 ], [ -3.9488, 42.7675 ], [ -3.9306, 42.7745 ], [ -3.911, 42.7684 ], [ -3.9097, 42.7864 ], [ -3.9005, 42.7893 ], [ -3.8944, 42.8045 ], [ -3.8634, 42.7865 ], [ -3.8236, 42.7989 ], [ -3.8159, 42.8132 ], [ -3.817, 42.8365 ], [ -3.8349, 42.856 ], [ -3.8262, 42.871 ], [ -3.8638, 42.8896 ], [ -3.8738, 42.8748 ], [ -3.8682, 42.857 ], [ -3.88, 42.8511 ], [ -3.914, 42.8602 ], [ -3.8969, 42.8816 ], [ -3.9241, 42.8889 ], [ -3.8922, 42.887 ], [ -3.8987, 42.904 ], [ -3.9109, 42.9111 ], [ -3.9087, 42.915 ], [ -3.8898, 42.9023 ], [ -3.8656, 42.8993 ], [ -3.8517, 42.9195 ], [ -3.8334, 42.9185 ], [ -3.8307, 42.9301 ], [ -3.8671, 42.9548 ], [ -3.8701, 42.9497 ], [ -3.8874, 42.9488 ], [ -3.8913, 42.9255 ], [ -3.9115, 42.9234 ], [ -3.9335, 42.8996 ], [ -3.9376, 42.9048 ], [ -3.93, 42.9148 ], [ -3.9434, 42.9093 ], [ -3.9733, 42.9116 ], [ -3.9906, 42.9306 ], [ -3.9717, 42.9747 ], [ -3.9561, 42.998 ], [ -3.9137, 43.0145 ], [ -3.8909, 43.0419 ], [ -3.8508, 43.0392 ], [ -3.8498, 43.0484 ], [ -3.8318, 43.0638 ], [ -3.8507, 43.0771 ], [ -3.847, 43.0844 ], [ -3.8231, 43.0803 ], [ -3.8098, 43.0866 ], [ -3.7908, 43.0782 ], [ -3.7581, 43.0837 ], [ -3.7549, 43.1007 ], [ -3.7323, 43.1035 ], [ -3.7035, 43.1167 ], [ -3.7039, 43.1232 ], [ -3.6836, 43.1361 ], [ -3.6766, 43.1548 ], [ -3.6495, 43.1798 ], [ -3.6126, 43.1696 ], [ -3.6032, 43.1498 ], [ -3.5853, 43.1544 ], [ -3.509, 43.1362 ], [ -3.4444, 43.1312 ], [ -3.4098, 43.1342 ], [ -3.3502, 43.1538 ], [ -3.3412, 43.167 ], [ -3.3098, 43.1721 ], [ -3.2781, 43.1894 ], [ -3.2778, 43.1945 ], [ -3.2533, 43.1987 ], [ -3.2241, 43.1701 ], [ -3.2081, 43.1794 ], [ -3.1876, 43.1692 ], [ -3.168, 43.1786 ], [ -3.1483, 43.174 ], [ -3.1419, 43.1612 ], [ -3.1618, 43.1543 ], [ -3.1668, 43.1469 ], [ -3.1615, 43.1432 ], [ -3.1818, 43.1209 ], [ -3.1521, 43.1041 ], [ -3.1415, 43.1106 ], [ -3.1339, 43.0972 ], [ -3.1582, 43.074 ], [ -3.1403, 43.0672 ], [ -3.1477, 43.0345 ], [ -3.1419, 43.0298 ], [ -3.1702, 43.0291 ], [ -3.1778, 43.022 ], [ -3.1448, 43.0068 ], [ -3.0892, 43.0015 ], [ -3.0767, 43.0087 ], [ -3.0604, 43.0032 ], [ -3.061, 42.9983 ], [ -3.0371, 42.9818 ], [ -3.0452, 42.9731 ], [ -3.0419, 42.9692 ], [ -3.0206, 42.9607 ], [ -3.017, 42.9532 ], [ -2.9946, 42.952 ], [ -2.9811, 42.9397 ], [ -3.0055, 42.9267 ], [ -3.0189, 42.9085 ], [ -3.0921, 42.8988 ], [ -3.1047, 42.9102 ], [ -3.1265, 42.9041 ], [ -3.1328, 42.9135 ], [ -3.1493, 42.9171 ], [ -3.1447, 42.9347 ], [ -3.2247, 42.9497 ], [ -3.2356, 42.9439 ], [ -3.2354, 42.9331 ], [ -3.2485, 42.9121 ], [ -3.2772, 42.9016 ], [ -3.2764, 42.887 ], [ -3.2868, 42.8851 ], [ -3.2721, 42.8664 ], [ -3.217, 42.8265 ], [ -3.2055, 42.8274 ], [ -3.2222, 42.8386 ], [ -3.2094, 42.8442 ], [ -3.1907, 42.8695 ], [ -3.1628, 42.8567 ], [ -3.1387, 42.8713 ], [ -3.1257, 42.8913 ], [ -3.1149, 42.8892 ], [ -3.1133, 42.8819 ], [ -3.1051, 42.8796 ], [ -3.1131, 42.8611 ], [ -3.1284, 42.8493 ], [ -3.1321, 42.8379 ], [ -3.1412, 42.8361 ], [ -3.1489, 42.8129 ], [ -3.1592, 42.8046 ], [ -3.1233, 42.7893 ], [ -3.1479, 42.7567 ], [ -3.1157, 42.7593 ], [ -3.1004, 42.7674 ], [ -3.0848, 42.7571 ], [ -3.08, 42.7671 ], [ -3.0645, 42.7602 ], [ -3.048, 42.7654 ], [ -3.0487, 42.7491 ], [ -3.0417, 42.7392 ], [ -3.0167, 42.741 ], [ -3.0161, 42.7336 ], [ -3.0054, 42.7328 ], [ -3.009, 42.7245 ], [ -2.9889, 42.7191 ], [ -2.9806, 42.7035 ], [ -2.9564, 42.7104 ], [ -2.9314, 42.7084 ], [ -2.9303, 42.6997 ], [ -2.9025, 42.6936 ], [ -2.9038, 42.6864 ], [ -2.8951, 42.6793 ], [ -2.9002, 42.6673 ], [ -2.8965, 42.6542 ], [ -2.8704, 42.6389 ], [ -2.8581, 42.6384 ], [ -2.8763, 42.631 ], [ -2.8821, 42.6207 ], [ -2.894, 42.6213 ], [ -2.8946, 42.6277 ], [ -2.916, 42.6195 ], [ -2.9465, 42.6393 ], [ -2.9704, 42.6411 ], [ -2.9806, 42.6352 ], [ -3.0048, 42.6443 ], [ -3.018, 42.6322 ], [ -3.0408, 42.6401 ], [ -3.0842, 42.6407 ], [ -3.0811, 42.6313 ], [ -3.0864, 42.6277 ], [ -3.0705, 42.6214 ], [ -3.0598, 42.5892 ], [ -3.0862, 42.5822 ], [ -3.0824, 42.574 ], [ -3.1037, 42.5531 ], [ -3.1343, 42.5421 ], [ -3.1253, 42.5331 ], [ -3.1075, 42.5288 ], [ -3.0893, 42.5383 ], [ -3.0726, 42.5289 ], [ -3.0793, 42.4991 ], [ -3.0947, 42.4881 ], [ -3.0904, 42.4779 ], [ -3.0642, 42.4709 ], [ -3.046, 42.4452 ], [ -3.0633, 42.4249 ], [ -3.0574, 42.4172 ], [ -3.064, 42.4043 ], [ -3.0531, 42.3734 ], [ -3.0569, 42.3703 ], [ -3.0827, 42.3974 ], [ -3.0782, 42.4158 ], [ -3.0904, 42.4224 ], [ -3.1013, 42.4168 ], [ -3.0957, 42.4052 ], [ -3.1053, 42.3864 ], [ -3.0848, 42.3854 ], [ -3.0635, 42.3567 ], [ -3.1097, 42.3514 ], [ -3.1107, 42.3386 ], [ -3.0959, 42.3269 ], [ -3.1067, 42.3126 ], [ -3.0896, 42.273 ], [ -3.0977, 42.2631 ], [ -3.0886, 42.2457 ], [ -3.1021, 42.2334 ], [ -3.1038, 42.2137 ], [ -3.1291, 42.1976 ], [ -3.1153, 42.1883 ], [ -3.1134, 42.1763 ], [ -3.0966, 42.1695 ], [ -3.0857, 42.1342 ], [ -3.0737, 42.1358 ], [ -3.059, 42.127 ], [ -3.0344, 42.086 ], [ -2.9312, 42.0868 ], [ -2.9136, 42.0229 ], [ -2.9317, 42.018 ], [ -2.9505, 41.9939 ], [ -2.9658, 41.966 ], [ -2.9676, 41.958 ], [ -2.9601, 41.9501 ], [ -2.9708, 41.9293 ], [ -2.9975, 41.9329 ], [ -3.0081, 41.9222 ], [ -3.0168, 41.8869 ], [ -3.0586, 41.8913 ], [ -3.0636, 41.8834 ], [ -3.0877, 41.8763 ], [ -3.0973, 41.8808 ], [ -3.1008, 41.8567 ], [ -3.1123, 41.8511 ], [ -3.1359, 41.812 ], [ -3.1714, 41.793 ], [ -3.1886, 41.8017 ], [ -3.1982, 41.8172 ], [ -3.1945, 41.8289 ], [ -3.2344, 41.8406 ], [ -3.2468, 41.8563 ], [ -3.2433, 41.864 ], [ -3.2695, 41.8693 ], [ -3.271, 41.8788 ], [ -3.2838, 41.8838 ], [ -3.2896, 41.8764 ], [ -3.279, 41.8679 ], [ -3.289, 41.8425 ], [ -3.2887, 41.8286 ], [ -3.2811, 41.8229 ], [ -3.2866, 41.8029 ], [ -3.2754, 41.7999 ], [ -3.2754, 41.7943 ], [ -3.2859, 41.7882 ], [ -3.2755, 41.7687 ], [ -3.2871, 41.7601 ], [ -3.3072, 41.7602 ], [ -3.3097, 41.751 ], [ -3.3217, 41.7492 ], [ -3.3229, 41.7409 ], [ -3.3544, 41.7373 ], [ -3.3525, 41.7291 ], [ -3.3618, 41.7103 ], [ -3.3584, 41.6934 ], [ -3.3934, 41.6906 ], [ -3.4146, 41.6648 ], [ -3.4191, 41.6441 ], [ -3.4298, 41.6463 ], [ -3.4365, 41.6386 ], [ -3.4405, 41.6295 ], [ -3.4354, 41.622 ], [ -3.4592, 41.5896 ], [ -3.4685, 41.589 ], [ -3.4754, 41.597 ], [ -3.51, 41.5972 ], [ -3.5292, 41.6126 ], [ -3.5414, 41.6082 ], [ -3.5407, 41.5978 ], [ -3.5504, 41.5966 ], [ -3.5361, 41.5865 ], [ -3.5416, 41.5776 ], [ -3.5665, 41.58 ], [ -3.5745, 41.5725 ], [ -3.5726, 41.5654 ], [ -3.6007, 41.5705 ], [ -3.6088, 41.5661 ], [ -3.6168, 41.5772 ], [ -3.6261, 41.57 ], [ -3.6453, 41.5721 ], [ -3.661, 41.5661 ], [ -3.6815, 41.5519 ], [ -3.6915, 41.5345 ], [ -3.7283, 41.5176 ], [ -3.7291, 41.4839 ], [ -3.7237, 41.4792 ], [ -3.7324, 41.4699 ], [ -3.7291, 41.4576 ], [ -3.7395, 41.4508 ], [ -3.7441, 41.4611 ], [ -3.7698, 41.4602 ], [ -3.767, 41.5058 ], [ -3.7715, 41.5223 ], [ -3.7662, 41.5379 ], [ -3.7962, 41.5225 ], [ -3.8038, 41.5246 ], [ -3.7982, 41.4919 ], [ -3.7876, 41.4859 ], [ -3.8239, 41.4811 ], [ -3.8342, 41.4996 ], [ -3.8427, 41.501 ], [ -3.8679, 41.5325 ], [ -3.8858, 41.5323 ], [ -3.894, 41.5518 ], [ -3.9208, 41.5664 ], [ -3.953, 41.5734 ], [ -3.9682, 41.5846 ] ], [ [ -4.0357, 42.1003 ], [ -4.0276, 42.0879 ], [ -4.0319, 42.0786 ], [ -4.0243, 42.0811 ], [ -4.0334, 42.107 ], [ -4.0357, 42.1003 ] ], [ [ -4.0943, 42.1408 ], [ -4.0621, 42.1316 ], [ -4.0598, 42.1362 ], [ -4.0745, 42.1561 ], [ -4.0656, 42.1635 ], [ -4.0763, 42.1679 ], [ -4.0942, 42.1577 ], [ -4.1118, 42.1586 ], [ -4.11, 42.1432 ], [ -4.1027, 42.1372 ], [ -4.0943, 42.1408 ] ] ], [ [ [ -4.2631, 42.7305 ], [ -4.2582, 42.7387 ], [ -4.2451, 42.736 ], [ -4.2513, 42.7265 ], [ -4.2631, 42.7305 ] ] ], [ [ [ -2.9322, 42.6129 ], [ -2.9226, 42.6008 ], [ -2.9396, 42.5945 ], [ -2.9452, 42.6039 ], [ -2.9322, 42.6129 ] ] ], [ [ [ -2.9944, 42.6095 ], [ -2.9829, 42.6108 ], [ -2.9994, 42.6009 ], [ -2.9944, 42.6095 ] ] ], [ [ [ -2.8689, 42.7401 ], [ -2.853, 42.7478 ], [ -2.8558, 42.7525 ], [ -2.8484, 42.7633 ], [ -2.8539, 42.7679 ], [ -2.8418, 42.7762 ], [ -2.8355, 42.7963 ], [ -2.8268, 42.7845 ], [ -2.8011, 42.7927 ], [ -2.7317, 42.7945 ], [ -2.644, 42.7647 ], [ -2.6022, 42.7707 ], [ -2.5894, 42.7503 ], [ -2.5583, 42.7627 ], [ -2.5726, 42.7252 ], [ -2.59, 42.7108 ], [ -2.6003, 42.7153 ], [ -2.609, 42.6959 ], [ -2.5941, 42.69 ], [ -2.5778, 42.6682 ], [ -2.5484, 42.6688 ], [ -2.5394, 42.6866 ], [ -2.522, 42.684 ], [ -2.5174, 42.6463 ], [ -2.5471, 42.6374 ], [ -2.5519, 42.6493 ], [ -2.5649, 42.6446 ], [ -2.5848, 42.6516 ], [ -2.6349, 42.6478 ], [ -2.6592, 42.6725 ], [ -2.6664, 42.6662 ], [ -2.7034, 42.6743 ], [ -2.7192, 42.6619 ], [ -2.7679, 42.666 ], [ -2.7757, 42.6703 ], [ -2.7705, 42.6766 ], [ -2.7845, 42.6989 ], [ -2.8253, 42.7089 ], [ -2.829, 42.719 ], [ -2.8516, 42.7251 ], [ -2.8552, 42.7288 ], [ -2.8467, 42.7308 ], [ -2.8689, 42.7401 ] ] ] ] } },
{ "type": "Feature", "properties": { "prov": "Cáceres", "ccaa": "Extremadura" }, "geometry": { "type": "Polygon", "coordinates": [ [ [ -6.8063, 39.3907 ], [ -6.8832, 39.3828 ], [ -6.9765, 39.4118 ], [ -6.9968, 39.4213 ], [ -6.9939, 39.4254 ], [ -7.0488, 39.4367 ], [ -7.067, 39.4143 ], [ -7.0398, 39.3971 ], [ -7.0093, 39.3885 ], [ -7.0193, 39.3825 ], [ -7.0214, 39.3713 ], [ -7.0324, 39.368 ], [ -7.03, 39.3509 ], [ -7.048, 39.3335 ], [ -7.0459, 39.3249 ], [ -7.0796, 39.3114 ], [ -7.0829, 39.3356 ], [ -7.1018, 39.3461 ], [ -7.103, 39.3546 ], [ -7.0986, 39.3591 ], [ -7.0791, 39.3514 ], [ -7.063, 39.3723 ], [ -7.0739, 39.3812 ], [ -7.0932, 39.38 ], [ -7.0992, 39.3853 ], [ -7.1257, 39.3812 ], [ -7.1612, 39.3613 ], [ -7.1778, 39.3308 ], [ -7.1685, 39.3202 ], [ -7.1593, 39.3307 ], [ -7.152, 39.3215 ], [ -7.2039, 39.2657 ], [ -7.267, 39.301 ], [ -7.2689, 39.3094 ], [ -7.3103, 39.3409 ], [ -7.3063, 39.3563 ], [ -7.3229, 39.3819 ], [ -7.3026, 39.4124 ], [ -7.3014, 39.4229 ], [ -7.3085, 39.4303 ], [ -7.2955, 39.4587 ], [ -7.3229, 39.4747 ], [ -7.3438, 39.4781 ], [ -7.3478, 39.488 ], [ -7.3625, 39.4814 ], [ -7.3819, 39.4913 ], [ -7.3791, 39.4964 ], [ -7.3903, 39.5033 ], [ -7.3907, 39.5297 ], [ -7.4303, 39.5346 ], [ -7.4465, 39.5481 ], [ -7.4613, 39.5729 ], [ -7.4993, 39.5896 ], [ -7.5101, 39.6188 ], [ -7.5274, 39.6349 ], [ -7.5276, 39.6559 ], [ -7.5413, 39.6637 ], [ -7.4555, 39.6625 ], [ -7.403, 39.6464 ], [ -7.3752, 39.6509 ], [ -7.3337, 39.641 ], [ -7.2865, 39.6607 ], [ -7.2499, 39.667 ], [ -7.1486, 39.6532 ], [ -7.1228, 39.6638 ], [ -7.065, 39.6581 ], [ -7.0154, 39.6706 ], [ -6.9995, 39.7142 ], [ -6.9873, 39.7276 ], [ -6.9939, 39.7403 ], [ -6.9872, 39.7632 ], [ -6.9768, 39.7723 ], [ -6.9895, 39.7947 ], [ -6.9872, 39.81 ], [ -6.9709, 39.825 ], [ -6.9484, 39.8275 ], [ -6.9349, 39.8386 ], [ -6.9296, 39.8541 ], [ -6.9144, 39.8588 ], [ -6.9035, 39.8708 ], [ -6.906, 39.8903 ], [ -6.8995, 39.9107 ], [ -6.9066, 39.9238 ], [ -6.885, 39.9407 ], [ -6.8881, 39.964 ], [ -6.8796, 39.9723 ], [ -6.8868, 39.9793 ], [ -6.8739, 39.9949 ], [ -6.8738, 40.0075 ], [ -6.8636, 40.012 ], [ -6.8769, 40.0178 ], [ -6.8808, 40.0416 ], [ -6.8972, 40.0521 ], [ -6.8919, 40.0606 ], [ -6.9173, 40.0661 ], [ -6.9207, 40.0871 ], [ -6.9337, 40.1036 ], [ -6.9429, 40.104 ], [ -6.9408, 40.1125 ], [ -6.9483, 40.11 ], [ -6.9539, 40.1157 ], [ -6.9608, 40.1112 ], [ -6.9623, 40.1171 ], [ -6.9867, 40.1192 ], [ -6.9931, 40.1124 ], [ -6.9932, 40.1193 ], [ -7.0131, 40.1264 ], [ -7.009, 40.1301 ], [ -7.0212, 40.144 ], [ -7.0143, 40.1493 ], [ -7.022, 40.1673 ], [ -7.0165, 40.1765 ], [ -7.0299, 40.1864 ], [ -7.0189, 40.1973 ], [ -7.0123, 40.2261 ], [ -6.9791, 40.2407 ], [ -6.9633, 40.2382 ], [ -6.9514, 40.2576 ], [ -6.9073, 40.2539 ], [ -6.8763, 40.26 ], [ -6.8649, 40.2703 ], [ -6.8345, 40.2476 ], [ -6.8067, 40.2415 ], [ -6.8001, 40.242 ], [ -6.8022, 40.2496 ], [ -6.7835, 40.2494 ], [ -6.7556, 40.2389 ], [ -6.7514, 40.2502 ], [ -6.7186, 40.2692 ], [ -6.6901, 40.2427 ], [ -6.6718, 40.2632 ], [ -6.587, 40.2707 ], [ -6.5562, 40.2908 ], [ -6.5567, 40.3064 ], [ -6.5647, 40.3146 ], [ -6.5604, 40.329 ], [ -6.5363, 40.3472 ], [ -6.4675, 40.3723 ], [ -6.4383, 40.3728 ], [ -6.4396, 40.3816 ], [ -6.4188, 40.3993 ], [ -6.3714, 40.4019 ], [ -6.3619, 40.4071 ], [ -6.3656, 40.4224 ], [ -6.3446, 40.4428 ], [ -6.2753, 40.4585 ], [ -6.2638, 40.4716 ], [ -6.255, 40.47 ], [ -6.241, 40.4852 ], [ -6.2313, 40.4867 ], [ -6.2014, 40.4829 ], [ -6.1801, 40.4625 ], [ -6.1558, 40.457 ], [ -6.1478, 40.4373 ], [ -6.1156, 40.4411 ], [ -6.1293, 40.4204 ], [ -6.0651, 40.397 ], [ -6.0847, 40.39 ], [ -6.0711, 40.3866 ], [ -6.0867, 40.3768 ], [ -6.0809, 40.3727 ], [ -6.0817, 40.3633 ], [ -6.1059, 40.3568 ], [ -6.0536, 40.3421 ], [ -6.0161, 40.34 ], [ -6.0196, 40.3226 ], [ -6.0059, 40.3058 ], [ -5.9378, 40.2811 ], [ -5.9172, 40.2777 ], [ -5.8842, 40.3266 ], [ -5.855, 40.3384 ], [ -5.8471, 40.328 ], [ -5.8217, 40.3484 ], [ -5.7993, 40.3538 ], [ -5.782, 40.3125 ], [ -5.8027, 40.2976 ], [ -5.7931, 40.2867 ], [ -5.765, 40.2808 ], [ -5.7376, 40.2941 ], [ -5.6927, 40.2921 ], [ -5.6567, 40.2704 ], [ -5.66, 40.2578 ], [ -5.6492, 40.2497 ], [ -5.622, 40.2459 ], [ -5.6141, 40.2358 ], [ -5.6189, 40.2239 ], [ -5.6145, 40.2183 ], [ -5.5933, 40.2161 ], [ -5.5481, 40.1972 ], [ -5.4991, 40.1989 ], [ -5.4709, 40.2079 ], [ -5.4681, 40.2242 ], [ -5.4398, 40.2336 ], [ -5.4291, 40.2526 ], [ -5.3956, 40.2503 ], [ -5.3435, 40.2634 ], [ -5.3587, 40.2266 ], [ -5.3701, 40.2169 ], [ -5.3627, 40.2013 ], [ -5.3674, 40.1982 ], [ -5.364, 40.1787 ], [ -5.3685, 40.1631 ], [ -5.3566, 40.1523 ], [ -5.3497, 40.1334 ], [ -5.3368, 40.1239 ], [ -5.3357, 40.1152 ], [ -5.369, 40.1001 ], [ -5.3739, 40.0593 ], [ -5.3624, 40.0128 ], [ -5.3651, 39.9829 ], [ -5.3948, 39.9184 ], [ -5.4061, 39.8777 ], [ -5.3686, 39.8886 ], [ -5.3236, 39.8917 ], [ -5.284, 39.8639 ], [ -5.2835, 39.8572 ], [ -5.3126, 39.8243 ], [ -5.3162, 39.7721 ], [ -5.3081, 39.76 ], [ -5.2548, 39.7523 ], [ -5.2065, 39.7976 ], [ -5.1669, 39.7999 ], [ -5.1585, 39.7597 ], [ -5.174, 39.7513 ], [ -5.1378, 39.715 ], [ -5.1519, 39.696 ], [ -5.1564, 39.6739 ], [ -5.1491, 39.6658 ], [ -5.1624, 39.6553 ], [ -5.1618, 39.6424 ], [ -5.2066, 39.5972 ], [ -5.146, 39.5495 ], [ -5.1235, 39.5216 ], [ -5.086, 39.4917 ], [ -5.0524, 39.4839 ], [ -5.0091, 39.4351 ], [ -4.953, 39.3944 ], [ -4.9746, 39.3943 ], [ -4.9691, 39.3833 ], [ -4.9842, 39.3717 ], [ -5.0089, 39.3783 ], [ -5.0196, 39.3683 ], [ -5.0538, 39.3624 ], [ -5.0899, 39.3904 ], [ -5.1136, 39.3875 ], [ -5.1119, 39.3575 ], [ -5.1235, 39.3365 ], [ -5.1534, 39.3197 ], [ -5.2476, 39.3018 ], [ -5.2831, 39.3195 ], [ -5.3032, 39.3196 ], [ -5.3399, 39.3336 ], [ -5.3554, 39.2678 ], [ -5.3471, 39.2479 ], [ -5.3491, 39.2336 ], [ -5.3673, 39.213 ], [ -5.384, 39.1742 ], [ -5.4127, 39.157 ], [ -5.4286, 39.1625 ], [ -5.4598, 39.1584 ], [ -5.4763, 39.1763 ], [ -5.5011, 39.1884 ], [ -5.5146, 39.2097 ], [ -5.5281, 39.1915 ], [ -5.551, 39.2159 ], [ -5.5567, 39.2087 ], [ -5.5642, 39.2106 ], [ -5.6132, 39.1882 ], [ -5.5766, 39.1509 ], [ -5.5844, 39.1385 ], [ -5.6014, 39.1341 ], [ -5.6018, 39.1282 ], [ -5.5841, 39.1178 ], [ -5.587, 39.1133 ], [ -5.6043, 39.1002 ], [ -5.6472, 39.1017 ], [ -5.6716, 39.079 ], [ -5.7016, 39.0899 ], [ -5.7552, 39.1323 ], [ -5.8104, 39.1446 ], [ -5.8193, 39.1299 ], [ -5.8164, 39.1198 ], [ -5.8335, 39.1103 ], [ -5.8721, 39.1043 ], [ -5.9247, 39.0831 ], [ -5.9374, 39.0838 ], [ -5.9255, 39.0938 ], [ -5.9267, 39.1046 ], [ -5.9423, 39.1085 ], [ -5.9817, 39.0689 ], [ -6.0093, 39.0525 ], [ -6.0186, 39.1291 ], [ -6.0786, 39.0936 ], [ -6.1422, 39.0315 ], [ -6.1588, 39.0559 ], [ -6.2029, 39.0571 ], [ -6.2309, 39.0897 ], [ -6.2949, 39.0978 ], [ -6.312, 39.111 ], [ -6.3077, 39.1473 ], [ -6.3242, 39.1866 ], [ -6.3532, 39.1792 ], [ -6.3717, 39.1624 ], [ -6.4151, 39.1658 ], [ -6.4387, 39.1758 ], [ -6.4911, 39.1679 ], [ -6.5404, 39.1817 ], [ -6.5359, 39.1746 ], [ -6.5399, 39.1553 ], [ -6.5742, 39.1583 ], [ -6.5741, 39.1677 ], [ -6.5844, 39.1711 ], [ -6.5801, 39.1798 ], [ -6.6334, 39.1968 ], [ -6.6453, 39.1933 ], [ -6.6597, 39.1991 ], [ -6.681, 39.1772 ], [ -6.7506, 39.194 ], [ -6.7675, 39.1884 ], [ -6.7929, 39.2119 ], [ -6.8009, 39.2394 ], [ -6.7612, 39.2766 ], [ -6.7467, 39.3218 ], [ -6.797, 39.3445 ], [ -6.791, 39.3684 ], [ -6.8063, 39.3907 ] ] ] } },
{ "type": "Feature", "properties": { "prov": "Cádiz", "ccaa": "Andalucía" }, "geometry": { "type": "MultiPolygon", "coordinates": [ [ [ [ -6.0059, 36.1815 ], [ -6.0057, 36.1813 ], [ -6.0067, 36.1814 ], [ -6.0059, 36.1815 ] ] ], [ [ [ -6.0085, 36.1816 ], [ -6.0079, 36.1814 ], [ -6.0092, 36.1815 ], [ -6.0085, 36.1816 ] ] ], [ [ [ -6.1098, 36.2892 ], [ -6.1432, 36.2964 ], [ -6.1843, 36.369 ], [ -6.2198, 36.3921 ], [ -6.2349, 36.4354 ], [ -6.244, 36.4438 ], [ -6.245, 36.4362 ], [ -6.2909, 36.5256 ], [ -6.3222, 36.5263 ], [ -6.307, 36.5311 ], [ -6.3169, 36.5344 ], [ -6.2921, 36.5374 ], [ -6.2796, 36.5454 ], [ -6.2923, 36.5329 ], [ -6.2823, 36.5366 ], [ -6.286, 36.5313 ], [ -6.2811, 36.5289 ], [ -6.2726, 36.5407 ], [ -6.2687, 36.5316 ], [ -6.282, 36.5274 ], [ -6.2721, 36.521 ], [ -6.2684, 36.5092 ], [ -6.261, 36.5091 ], [ -6.2608, 36.5006 ], [ -6.2552, 36.5016 ], [ -6.2576, 36.5016 ], [ -6.2558, 36.5032 ], [ -6.2572, 36.5071 ], [ -6.2557, 36.5086 ], [ -6.2542, 36.5006 ], [ -6.2633, 36.4894 ], [ -6.2555, 36.4722 ], [ -6.2382, 36.4701 ], [ -6.2246, 36.4778 ], [ -6.2282, 36.4677 ], [ -6.2206, 36.4662 ], [ -6.2123, 36.4704 ], [ -6.2132, 36.4812 ], [ -6.1939, 36.4866 ], [ -6.1921, 36.4991 ], [ -6.172, 36.5111 ], [ -6.1732, 36.5214 ], [ -6.2005, 36.5287 ], [ -6.1964, 36.5221 ], [ -6.2079, 36.5096 ], [ -6.2421, 36.5062 ], [ -6.2508, 36.5156 ], [ -6.2436, 36.5184 ], [ -6.2557, 36.52 ], [ -6.2591, 36.5286 ], [ -6.2302, 36.5248 ], [ -6.2195, 36.5272 ], [ -6.2321, 36.5258 ], [ -6.2489, 36.5338 ], [ -6.2321, 36.5408 ], [ -6.2255, 36.5664 ], [ -6.2297, 36.5773 ], [ -6.2393, 36.5741 ], [ -6.2378, 36.583 ], [ -6.2494, 36.5722 ], [ -6.2411, 36.5848 ], [ -6.2577, 36.5813 ], [ -6.2541, 36.577 ], [ -6.2682, 36.5794 ], [ -6.2894, 36.6119 ], [ -6.2969, 36.6102 ], [ -6.3021, 36.618 ], [ -6.307, 36.6167 ], [ -6.3041, 36.6119 ], [ -6.3282, 36.6247 ], [ -6.335, 36.6211 ], [ -6.3261, 36.6102 ], [ -6.3405, 36.625 ], [ -6.3515, 36.622 ], [ -6.3515, 36.615 ], [ -6.3564, 36.6154 ], [ -6.3816, 36.6246 ], [ -6.3854, 36.6173 ], [ -6.3993, 36.6345 ], [ -6.3936, 36.6406 ], [ -6.4006, 36.6582 ], [ -6.445, 36.7193 ], [ -6.4407, 36.7299 ], [ -6.45, 36.74 ], [ -6.4284, 36.7495 ], [ -6.4318, 36.7458 ], [ -6.4288, 36.7443 ], [ -6.4124, 36.7564 ], [ -6.416, 36.765 ], [ -6.407, 36.7624 ], [ -6.4032, 36.7697 ], [ -6.3795, 36.7769 ], [ -6.344, 36.7996 ], [ -6.3539, 36.8453 ], [ -6.3398, 36.8952 ], [ -6.2753, 36.9109 ], [ -6.2538, 36.8939 ], [ -6.231, 36.8981 ], [ -6.1562, 36.8856 ], [ -6.1044, 36.8573 ], [ -5.9731, 36.8442 ], [ -5.9528, 36.8531 ], [ -5.9254, 36.8531 ], [ -5.8911, 36.8422 ], [ -5.8936, 36.8516 ], [ -5.8765, 36.8947 ], [ -5.8667, 36.8952 ], [ -5.8455, 36.9152 ], [ -5.8039, 36.9255 ], [ -5.7138, 36.9204 ], [ -5.6962, 36.9353 ], [ -5.6946, 36.9568 ], [ -5.6676, 36.976 ], [ -5.6497, 36.9543 ], [ -5.6261, 36.9544 ], [ -5.6181, 36.9402 ], [ -5.6102, 36.9414 ], [ -5.6063, 36.9508 ], [ -5.5871, 36.947 ], [ -5.5834, 36.9151 ], [ -5.5338, 36.8935 ], [ -5.5506, 36.9205 ], [ -5.5461, 36.9302 ], [ -5.5248, 36.9373 ], [ -5.5139, 36.9565 ], [ -5.5023, 36.9583 ], [ -5.4934, 36.9709 ], [ -5.4814, 36.9724 ], [ -5.4697, 36.9839 ], [ -5.473, 36.9952 ], [ -5.4953, 37.0115 ], [ -5.511, 37.0336 ], [ -5.4627, 37.0412 ], [ -5.4337, 37.0524 ], [ -5.4201, 37.0132 ], [ -5.4352, 36.9911 ], [ -5.4603, 36.9753 ], [ -5.439, 36.9353 ], [ -5.4137, 36.9398 ], [ -5.4134, 36.954 ], [ -5.3924, 36.9733 ], [ -5.3608, 36.9852 ], [ -5.3597, 36.9925 ], [ -5.3451, 36.9975 ], [ -5.3375, 37.0117 ], [ -5.3021, 37.0374 ], [ -5.3002, 37.0137 ], [ -5.235, 36.9412 ], [ -5.2252, 36.9423 ], [ -5.206, 36.9626 ], [ -5.1626, 36.9814 ], [ -5.1424, 37.0039 ], [ -5.1151, 36.989 ], [ -5.1123, 36.9763 ], [ -5.0976, 36.9713 ], [ -5.1101, 36.9593 ], [ -5.0868, 36.905 ], [ -5.1056, 36.8978 ], [ -5.1028, 36.8914 ], [ -5.111, 36.8882 ], [ -5.1134, 36.8736 ], [ -5.135, 36.8384 ], [ -5.1691, 36.8244 ], [ -5.187, 36.829 ], [ -5.2218, 36.8425 ], [ -5.2251, 36.8563 ], [ -5.2659, 36.8754 ], [ -5.2693, 36.884 ], [ -5.3014, 36.8698 ], [ -5.3063, 36.8576 ], [ -5.3325, 36.8386 ], [ -5.3407, 36.8194 ], [ -5.3265, 36.8053 ], [ -5.32, 36.787 ], [ -5.2909, 36.7752 ], [ -5.3121, 36.735 ], [ -5.3246, 36.724 ], [ -5.3276, 36.6949 ], [ -5.3187, 36.6905 ], [ -5.3304, 36.6793 ], [ -5.324, 36.6733 ], [ -5.3338, 36.6724 ], [ -5.3807, 36.6318 ], [ -5.4385, 36.6142 ], [ -5.4555, 36.6197 ], [ -5.4608, 36.5888 ], [ -5.4896, 36.5705 ], [ -5.5021, 36.5476 ], [ -5.5233, 36.5311 ], [ -5.5371, 36.5272 ], [ -5.5416, 36.5377 ], [ -5.5951, 36.5509 ], [ -5.6118, 36.5416 ], [ -5.6079, 36.512 ], [ -5.5985, 36.5081 ], [ -5.5722, 36.5126 ], [ -5.5598, 36.5037 ], [ -5.523, 36.4984 ], [ -5.5148, 36.5014 ], [ -5.5138, 36.5107 ], [ -5.4914, 36.5372 ], [ -5.4737, 36.5371 ], [ -5.4655, 36.5287 ], [ -5.4565, 36.5385 ], [ -5.4289, 36.5336 ], [ -5.4252, 36.5249 ], [ -5.4129, 36.5203 ], [ -5.4098, 36.4965 ], [ -5.4041, 36.4946 ], [ -5.3955, 36.4696 ], [ -5.3607, 36.44 ], [ -5.3573, 36.4238 ], [ -5.3472, 36.4186 ], [ -5.335, 36.3949 ], [ -5.3351, 36.3705 ], [ -5.3152, 36.3433 ], [ -5.323, 36.3322 ], [ -5.3212, 36.3244 ], [ -5.2778, 36.3371 ], [ -5.2524, 36.3112 ], [ -5.269, 36.2991 ], [ -5.2697, 36.2859 ], [ -5.2698, 36.2902 ], [ -5.2751, 36.2893 ], [ -5.2739, 36.292 ], [ -5.2831, 36.2885 ], [ -5.2803, 36.286 ], [ -5.2757, 36.2887 ], [ -5.2717, 36.2889 ], [ -5.2706, 36.2881 ], [ -5.2962, 36.246 ], [ -5.3056, 36.2437 ], [ -5.317, 36.2294 ], [ -5.3317, 36.1789 ], [ -5.3343, 36.182 ], [ -5.3359, 36.1797 ], [ -5.3389, 36.1535 ], [ -5.3651, 36.1551 ], [ -5.3675, 36.1571 ], [ -5.3675, 36.1585 ], [ -5.353, 36.157 ], [ -5.3705, 36.1694 ], [ -5.3743, 36.1638 ], [ -5.3822, 36.1697 ], [ -5.3771, 36.1706 ], [ -5.3819, 36.1785 ], [ -5.3918, 36.1809 ], [ -5.3984, 36.1806 ], [ -5.3938, 36.1774 ], [ -5.4041, 36.1759 ], [ -5.3987, 36.1805 ], [ -5.4156, 36.1811 ], [ -5.4162, 36.1745 ], [ -5.4263, 36.1761 ], [ -5.4409, 36.1618 ], [ -5.4445, 36.1309 ], [ -5.4407, 36.1488 ], [ -5.4356, 36.1483 ], [ -5.4416, 36.1267 ], [ -5.4317, 36.1283 ], [ -5.4302, 36.1436 ], [ -5.4282, 36.1477 ], [ -5.4301, 36.1333 ], [ -5.4228, 36.1328 ], [ -5.4223, 36.1199 ], [ -5.4369, 36.1188 ], [ -5.436, 36.1227 ], [ -5.4429, 36.1184 ], [ -5.4352, 36.1187 ], [ -5.4377, 36.1124 ], [ -5.4312, 36.106 ], [ -5.4402, 36.1029 ], [ -5.4435, 36.0895 ], [ -5.4266, 36.083 ], [ -5.4254, 36.0773 ], [ -5.4298, 36.0707 ], [ -5.4646, 36.0503 ], [ -5.4869, 36.0543 ], [ -5.5742, 36.0151 ], [ -5.5996, 36.0118 ], [ -5.6011, 36.008 ], [ -5.6034, 36.0064 ], [ -5.6019, 36.0101 ], [ -5.6056, 36.0103 ], [ -5.6103, 36.0003 ], [ -5.6084, 36.0072 ], [ -5.6175, 36.0211 ], [ -5.6525, 36.0532 ], [ -5.6893, 36.0674 ], [ -5.7087, 36.0589 ], [ -5.7238, 36.0601 ], [ -5.7763, 36.0878 ], [ -5.7972, 36.0783 ], [ -5.8063, 36.0894 ], [ -5.8132, 36.0888 ], [ -5.8567, 36.1417 ], [ -5.9127, 36.1833 ], [ -5.9349, 36.1861 ], [ -5.9264, 36.1794 ], [ -5.9448, 36.1861 ], [ -5.9808, 36.1766 ], [ -6.0208, 36.1857 ], [ -6.0356, 36.1814 ], [ -6.1098, 36.2892 ] ] ], [ [ [ -6.2163, 36.3863 ], [ -6.2139, 36.3863 ], [ -6.2144, 36.3835 ], [ -6.2163, 36.3823 ], [ -6.2163, 36.3863 ] ] ], [ [ [ -6.2201, 36.3854 ], [ -6.2212, 36.3869 ], [ -6.219, 36.3862 ], [ -6.2201, 36.3854 ] ] ], [ [ [ -6.2256, 36.3966 ], [ -6.2201, 36.3773 ], [ -6.2229, 36.3786 ], [ -6.2256, 36.3966 ] ] ], [ [ [ -6.2209, 36.3877 ], [ -6.2211, 36.3875 ], [ -6.2216, 36.3884 ], [ -6.2209, 36.3877 ] ] ], [ [ [ -6.2407, 36.424 ], [ -6.2413, 36.4256 ], [ -6.2387, 36.4225 ], [ -6.2407, 36.424 ] ] ], [ [ [ -6.2907, 36.5149 ], [ -6.2926, 36.5149 ], [ -6.2909, 36.5161 ], [ -6.2907, 36.5149 ] ] ], [ [ [ -6.3044, 36.5483 ], [ -6.3046, 36.5487 ], [ -6.3013, 36.548 ], [ -6.3044, 36.5483 ] ] ], [ [ [ -6.314, 36.6159 ], [ -6.3196, 36.612 ], [ -6.3228, 36.613 ], [ -6.314, 36.6159 ] ] ], [ [ [ -6.4459, 36.72 ], [ -6.4468, 36.719 ], [ -6.4471, 36.7221 ], [ -6.4459, 36.72 ] ] ], [ [ [ -6.4736, 36.7362 ], [ -6.4737, 36.7377 ], [ -6.4698, 36.7364 ], [ -6.4708, 36.732 ], [ -6.4736, 36.7362 ] ] ], [ [ [ -6.4561, 36.7364 ], [ -6.4557, 36.7362 ], [ -6.4567, 36.7355 ], [ -6.4561, 36.7364 ] ] ], [ [ [ -5.4351, 36.0653 ], [ -5.4343, 36.0652 ], [ -5.4346, 36.0648 ], [ -5.4351, 36.0653 ] ] ], [ [ [ -5.4365, 36.0654 ], [ -5.4365, 36.0652 ], [ -5.4366, 36.0652 ], [ -5.4365, 36.0654 ] ] ], [ [ [ -5.4362, 36.0655 ], [ -5.4362, 36.0657 ], [ -5.436, 36.0656 ], [ -5.4362, 36.0655 ] ] ], [ [ [ -5.4364, 36.0655 ], [ -5.4364, 36.0658 ], [ -5.4363, 36.0657 ], [ -5.4364, 36.0655 ] ] ], [ [ [ -5.4234, 36.0763 ], [ -5.4233, 36.0762 ], [ -5.4238, 36.0764 ], [ -5.4234, 36.0763 ] ] ], [ [ [ -5.424, 36.0771 ], [ -5.4241, 36.0774 ], [ -5.424, 36.0774 ], [ -5.424, 36.0771 ] ] ], [ [ [ -5.2943, 36.246 ], [ -5.2931, 36.2455 ], [ -5.295, 36.2453 ], [ -5.2943, 36.246 ] ] ] ] } },
{ "type": "Feature", "properties": { "prov": "Castelló/Castellón", "ccaa": "Comunitat Valenciana" }, "geometry": { "type": "MultiPolygon", "coordinates": [ [ [ [ -0.3918, 39.7799 ], [ -0.3869, 39.7692 ], [ -0.3961, 39.7586 ], [ -0.4096, 39.7452 ], [ -0.4391, 39.7369 ], [ -0.4455, 39.7177 ], [ -0.4562, 39.7147 ], [ -0.4983, 39.7476 ], [ -0.5138, 39.7791 ], [ -0.5309, 39.7962 ], [ -0.5484, 39.7957 ], [ -0.577, 39.7732 ], [ -0.5881, 39.7417 ], [ -0.636, 39.748 ], [ -0.6524, 39.7541 ], [ -0.645, 39.792 ], [ -0.6562, 39.836 ], [ -0.6911, 39.8525 ], [ -0.707, 39.8351 ], [ -0.7125, 39.8167 ], [ -0.7305, 39.8148 ], [ -0.7736, 39.8698 ], [ -0.83, 39.9068 ], [ -0.8463, 39.9477 ], [ -0.8357, 39.96 ], [ -0.8415, 39.969 ], [ -0.8348, 39.9793 ], [ -0.7896, 39.9899 ], [ -0.7776, 39.9984 ], [ -0.7673, 40.01 ], [ -0.762, 40.0414 ], [ -0.7537, 40.0466 ], [ -0.7477, 40.0378 ], [ -0.6814, 40.0451 ], [ -0.6273, 40.0757 ], [ -0.6234, 40.069 ], [ -0.6135, 40.0696 ], [ -0.6285, 40.1026 ], [ -0.6074, 40.128 ], [ -0.5786, 40.1373 ], [ -0.5796, 40.1473 ], [ -0.5693, 40.1592 ], [ -0.5723, 40.1812 ], [ -0.5575, 40.2008 ], [ -0.5442, 40.2517 ], [ -0.5259, 40.2373 ], [ -0.4945, 40.2287 ], [ -0.47, 40.2401 ], [ -0.4638, 40.2339 ], [ -0.4281, 40.2438 ], [ -0.3837, 40.2642 ], [ -0.3828, 40.2779 ], [ -0.4004, 40.295 ], [ -0.3897, 40.2999 ], [ -0.3887, 40.307 ], [ -0.3661, 40.3052 ], [ -0.3689, 40.3118 ], [ -0.3631, 40.3167 ], [ -0.3528, 40.3134 ], [ -0.3499, 40.3277 ], [ -0.3431, 40.3254 ], [ -0.3404, 40.3393 ], [ -0.3053, 40.3623 ], [ -0.2811, 40.3651 ], [ -0.2855, 40.3863 ], [ -0.347, 40.4433 ], [ -0.3339, 40.4577 ], [ -0.2725, 40.4735 ], [ -0.2801, 40.4836 ], [ -0.2751, 40.4945 ], [ -0.2811, 40.505 ], [ -0.2879, 40.5096 ], [ -0.2984, 40.5056 ], [ -0.3022, 40.5149 ], [ -0.2903, 40.5441 ], [ -0.2999, 40.5773 ], [ -0.2943, 40.584 ], [ -0.2933, 40.611 ], [ -0.3116, 40.6115 ], [ -0.3224, 40.6028 ], [ -0.3603, 40.6155 ], [ -0.3705, 40.6136 ], [ -0.3797, 40.6235 ], [ -0.3708, 40.6508 ], [ -0.3815, 40.6616 ], [ -0.378, 40.6675 ], [ -0.3562, 40.6777 ], [ -0.3288, 40.6803 ], [ -0.307, 40.6595 ], [ -0.2936, 40.674 ], [ -0.236, 40.6911 ], [ -0.2336, 40.7086 ], [ -0.2391, 40.7193 ], [ -0.224, 40.7542 ], [ -0.2128, 40.7583 ], [ -0.1972, 40.7845 ], [ -0.165, 40.7886 ], [ -0.1445, 40.7854 ], [ -0.1438, 40.7687 ], [ -0.1268, 40.7533 ], [ -0.0647, 40.7274 ], [ -0.0314, 40.7224 ], [ -0.0179, 40.731 ], [ 0.0162, 40.728 ], [ 0.0286, 40.7142 ], [ 0.0258, 40.6958 ], [ 0.0422, 40.691 ], [ 0.0725, 40.714 ], [ 0.115, 40.7277 ], [ 0.1446, 40.7183 ], [ 0.1646, 40.7238 ], [ 0.1703, 40.7327 ], [ 0.191, 40.7311 ], [ 0.1973, 40.7241 ], [ 0.2264, 40.7331 ], [ 0.2274, 40.7149 ], [ 0.2361, 40.7016 ], [ 0.262, 40.706 ], [ 0.292, 40.6881 ], [ 0.2677, 40.6581 ], [ 0.2657, 40.6447 ], [ 0.2791, 40.6298 ], [ 0.3368, 40.6088 ], [ 0.4019, 40.6028 ], [ 0.4212, 40.585 ], [ 0.4432, 40.5787 ], [ 0.4336, 40.5658 ], [ 0.4387, 40.5464 ], [ 0.5146, 40.523 ], [ 0.4842, 40.4747 ], [ 0.4801, 40.4768 ], [ 0.4833, 40.4747 ], [ 0.4839, 40.4737 ], [ 0.477, 40.4674 ], [ 0.4787, 40.4621 ], [ 0.4777, 40.4586 ], [ 0.4752, 40.4664 ], [ 0.4756, 40.4605 ], [ 0.465, 40.4588 ], [ 0.4411, 40.4287 ], [ 0.4353, 40.4095 ], [ 0.4343, 40.4164 ], [ 0.4178, 40.4006 ], [ 0.404, 40.3653 ], [ 0.4084, 40.3573 ], [ 0.3923, 40.3519 ], [ 0.3298, 40.2795 ], [ 0.2784, 40.2441 ], [ 0.264, 40.2086 ], [ 0.231, 40.198 ], [ 0.1937, 40.1738 ], [ 0.1584, 40.1193 ], [ 0.1476, 40.0829 ], [ 0.1379, 40.0816 ], [ 0.1207, 40.0622 ], [ 0.085, 40.0568 ], [ 0.0501, 40.0357 ], [ 0.0256, 39.9834 ], [ 0.0325, 39.9688 ], [ 0.0289, 39.9556 ], [ 0.0284, 39.9671 ], [ 0.0172, 39.9744 ], [ 0.0196, 39.9677 ], [ 0.0125, 39.9679 ], [ 0.0224, 39.9675 ], [ 0.0132, 39.9674 ], [ 0.0133, 39.9526 ], [ 0.005, 39.9544 ], [ 0.0201, 39.9503 ], [ 0.0241, 39.9565 ], [ 0.02, 39.9498 ], [ 0.014, 39.9479 ], [ 0.0033, 39.9502 ], [ 0.0077, 39.9485 ], [ 0.0022, 39.9463 ], [ -0.0038, 39.9148 ], [ -0.0547, 39.8759 ], [ -0.0671, 39.8574 ], [ -0.0707, 39.8645 ], [ -0.0753, 39.8619 ], [ -0.069, 39.8585 ], [ -0.0773, 39.8628 ], [ -0.0886, 39.8544 ], [ -0.1883, 39.7219 ], [ -0.2642, 39.7455 ], [ -0.272, 39.751 ], [ -0.2765, 39.7705 ], [ -0.316, 39.7998 ], [ -0.3781, 39.8004 ], [ -0.3918, 39.7799 ] ] ], [ [ [ 0.6742, 39.8507 ], [ 0.6741, 39.8507 ], [ 0.6742, 39.8508 ], [ 0.6742, 39.8507 ] ] ], [ [ [ 0.6733, 39.8509 ], [ 0.6734, 39.8508 ], [ 0.6733, 39.8507 ], [ 0.6733, 39.8509 ] ] ], [ [ [ 0.6787, 39.851 ], [ 0.679, 39.851 ], [ 0.679, 39.8509 ], [ 0.6787, 39.851 ] ] ], [ [ [ 0.674, 39.851 ], [ 0.6739, 39.8509 ], [ 0.6739, 39.851 ], [ 0.674, 39.851 ] ] ], [ [ [ 0.6723, 39.8516 ], [ 0.6721, 39.8516 ], [ 0.6722, 39.8517 ], [ 0.6723, 39.8516 ] ] ], [ [ [ 0.6717, 39.8519 ], [ 0.6715, 39.8514 ], [ 0.6712, 39.8517 ], [ 0.6717, 39.8519 ] ] ], [ [ [ 0.672, 39.8746 ], [ 0.6724, 39.8746 ], [ 0.672, 39.8743 ], [ 0.672, 39.8746 ] ] ], [ [ [ 0.6693, 39.8751 ], [ 0.6713, 39.8761 ], [ 0.6707, 39.8746 ], [ 0.6711, 39.8743 ], [ 0.6693, 39.8751 ] ] ], [ [ [ 0.6712, 39.8754 ], [ 0.6719, 39.8754 ], [ 0.6717, 39.8748 ], [ 0.6712, 39.8754 ] ] ], [ [ [ 0.6664, 39.8892 ], [ 0.6661, 39.8894 ], [ 0.6669, 39.8897 ], [ 0.6664, 39.8892 ] ] ], [ [ [ 0.6695, 39.8903 ], [ 0.6696, 39.89 ], [ 0.6693, 39.8902 ], [ 0.6695, 39.8903 ] ] ], [ [ [ 0.6673, 39.8914 ], [ 0.6673, 39.8924 ], [ 0.6694, 39.8906 ], [ 0.6673, 39.8914 ] ] ], [ [ [ 0.67, 39.8917 ], [ 0.6707, 39.8921 ], [ 0.6704, 39.8915 ], [ 0.67, 39.8917 ] ] ], [ [ [ 0.6881, 39.895 ], [ 0.6888, 39.8952 ], [ 0.6888, 39.8946 ], [ 0.6881, 39.895 ] ] ], [ [ [ 0.6894, 39.8951 ], [ 0.689, 39.8953 ], [ 0.6894, 39.8955 ], [ 0.6894, 39.8951 ] ] ], [ [ [ 0.69, 39.8963 ], [ 0.69, 39.8966 ], [ 0.6903, 39.8956 ], [ 0.69, 39.8963 ] ] ], [ [ [ 0.6831, 39.8953 ], [ 0.683, 39.8977 ], [ 0.6878, 39.9005 ], [ 0.6831, 39.8953 ] ] ] ] } },
{ "type": "Feature", "properties": { "prov": "Ciudad Real", "ccaa": "Castilla-La Mancha" }, "geometry": { "type": "MultiPolygon", "coordinates": [ [ [ [ -4.1514, 38.3829 ], [ -4.2581, 38.4012 ], [ -4.2763, 38.3905 ], [ -4.2785, 38.3773 ], [ -4.2685, 38.347 ], [ -4.2755, 38.3503 ], [ -4.2865, 38.3425 ], [ -4.3211, 38.3628 ], [ -4.3322, 38.3612 ], [ -4.3906, 38.3862 ], [ -4.4062, 38.383 ], [ -4.4194, 38.3963 ], [ -4.4528, 38.4015 ], [ -4.4713, 38.4261 ], [ -4.5015, 38.4463 ], [ -4.5123, 38.4635 ], [ -4.5356, 38.4701 ], [ -4.5401, 38.4824 ], [ -4.5587, 38.4769 ], [ -4.5646, 38.4903 ], [ -4.5717, 38.4873 ], [ -4.5768, 38.4933 ], [ -4.5937, 38.486 ], [ -4.6196, 38.5082 ], [ -4.622, 38.5235 ], [ -4.6329, 38.5243 ], [ -4.6637, 38.5463 ], [ -4.7031, 38.5531 ], [ -4.6996, 38.5608 ], [ -4.7052, 38.5712 ], [ -4.7386, 38.5764 ], [ -4.7882, 38.5966 ], [ -4.8159, 38.595 ], [ -4.8596, 38.6144 ], [ -4.8674, 38.6327 ], [ -4.8635, 38.641 ], [ -4.8689, 38.6809 ], [ -4.877, 38.6861 ], [ -4.9409, 38.6815 ], [ -5.0046, 38.6951 ], [ -5.0004, 38.7012 ], [ -5.008, 38.7152 ], [ -5.0247, 38.7264 ], [ -5.0469, 38.7291 ], [ -5.004, 38.733 ], [ -4.99, 38.7398 ], [ -4.9727, 38.7611 ], [ -4.9612, 38.7884 ], [ -4.9435, 38.8544 ], [ -4.9149, 38.8874 ], [ -4.8473, 38.8824 ], [ -4.8417, 38.9183 ], [ -4.8311, 38.9356 ], [ -4.8453, 38.9459 ], [ -4.8911, 38.9525 ], [ -4.8936, 38.96 ], [ -4.9051, 38.9633 ], [ -4.9182, 38.957 ], [ -4.9337, 38.9756 ], [ -4.9625, 39.0587 ], [ -4.9351, 39.0564 ], [ -4.88, 39.0324 ], [ -4.861, 39.0318 ], [ -4.8492, 39.0455 ], [ -4.8328, 39.0462 ], [ -4.8269, 39.0641 ], [ -4.8584, 39.0768 ], [ -4.8744, 39.1004 ], [ -4.8706, 39.1124 ], [ -4.8569, 39.1233 ], [ -4.8532, 39.1524 ], [ -4.8452, 39.1614 ], [ -4.8316, 39.1642 ], [ -4.8322, 39.1751 ], [ -4.8212, 39.1809 ], [ -4.8103, 39.1994 ], [ -4.7736, 39.1895 ], [ -4.7425, 39.1945 ], [ -4.6765, 39.1696 ], [ -4.6479, 39.1669 ], [ -4.6879, 39.2031 ], [ -4.7082, 39.2099 ], [ -4.7135, 39.2443 ], [ -4.7337, 39.2525 ], [ -4.7399, 39.2806 ], [ -4.7611, 39.3207 ], [ -4.7071, 39.328 ], [ -4.7103, 39.3461 ], [ -4.7043, 39.3644 ], [ -4.6697, 39.4166 ], [ -4.669, 39.4239 ], [ -4.6869, 39.4497 ], [ -4.6181, 39.4544 ], [ -4.6116, 39.4601 ], [ -4.614, 39.4853 ], [ -4.6184, 39.4847 ], [ -4.5903, 39.4997 ], [ -4.5679, 39.4973 ], [ -4.5546, 39.5108 ], [ -4.5614, 39.5331 ], [ -4.5427, 39.544 ], [ -4.5311, 39.5316 ], [ -4.5315, 39.5551 ], [ -4.525, 39.5616 ], [ -4.4822, 39.5388 ], [ -4.5017, 39.5351 ], [ -4.5112, 39.5221 ], [ -4.4999, 39.5177 ], [ -4.4833, 39.4884 ], [ -4.4616, 39.4785 ], [ -4.4531, 39.5173 ], [ -4.4419, 39.5231 ], [ -4.4217, 39.5072 ], [ -4.3772, 39.496 ], [ -4.3207, 39.4834 ], [ -4.2421, 39.4779 ], [ -4.1932, 39.4954 ], [ -4.1587, 39.5768 ], [ -4.1243, 39.5636 ], [ -4.0418, 39.5754 ], [ -4.0301, 39.522 ], [ -4.0601, 39.5214 ], [ -4.0682, 39.5025 ], [ -4.0677, 39.4857 ], [ -4.0588, 39.4722 ], [ -4.0681, 39.4571 ], [ -4.0803, 39.4511 ], [ -4.104, 39.4591 ], [ -4.1174, 39.457 ], [ -4.1266, 39.4081 ], [ -4.1348, 39.4003 ], [ -4.1482, 39.3627 ], [ -4.1203, 39.3624 ], [ -4.104, 39.3417 ], [ -4.069, 39.3661 ], [ -4.0025, 39.3516 ], [ -3.9722, 39.3522 ], [ -3.9663, 39.3164 ], [ -3.9587, 39.3096 ], [ -3.9669, 39.2986 ], [ -3.9024, 39.2803 ], [ -3.876, 39.2621 ], [ -3.8574, 39.2585 ], [ -3.8417, 39.2596 ], [ -3.8122, 39.2867 ], [ -3.7912, 39.2929 ], [ -3.7603, 39.2917 ], [ -3.7225, 39.2696 ], [ -3.6881, 39.2849 ], [ -3.6802, 39.2983 ], [ -3.5862, 39.3074 ], [ -3.5668, 39.2991 ], [ -3.5326, 39.3042 ], [ -3.525, 39.315 ], [ -3.4769, 39.3431 ], [ -3.4705, 39.3721 ], [ -3.4103, 39.4046 ], [ -3.345, 39.4082 ], [ -3.3087, 39.3988 ], [ -3.3163, 39.434 ], [ -3.2943, 39.4708 ], [ -3.1852, 39.475 ], [ -3.1841, 39.4882 ], [ -3.1568, 39.4961 ], [ -3.1433, 39.4956 ], [ -3.0959, 39.4732 ], [ -3.0699, 39.4501 ], [ -3.0227, 39.4571 ], [ -3.0149, 39.4451 ], [ -2.9994, 39.4416 ], [ -3.0006, 39.4487 ], [ -2.995, 39.4513 ], [ -2.978, 39.4447 ], [ -2.957, 39.4472 ], [ -2.9555, 39.4549 ], [ -2.9285, 39.4703 ], [ -2.9324, 39.4525 ], [ -2.9148, 39.4474 ], [ -2.9081, 39.4304 ], [ -2.9025, 39.4249 ], [ -2.9031, 39.4332 ], [ -2.9004, 39.4246 ], [ -2.8898, 39.4216 ], [ -2.8863, 39.4058 ], [ -2.8703, 39.3908 ], [ -2.8709, 39.384 ], [ -2.886, 39.3843 ], [ -2.8968, 39.3661 ], [ -2.8822, 39.3501 ], [ -2.8643, 39.3563 ], [ -2.86, 39.3468 ], [ -2.8462, 39.3485 ], [ -2.8337, 39.3602 ], [ -2.8264, 39.359 ], [ -2.7912, 39.3937 ], [ -2.7938, 39.3977 ], [ -2.7763, 39.3949 ], [ -2.7721, 39.3697 ], [ -2.7262, 39.2855 ], [ -2.7227, 39.2667 ], [ -2.8417, 39.1353 ], [ -2.8285, 39.1 ], [ -2.8055, 39.0794 ], [ -2.8088, 39.0287 ], [ -2.8099, 39.0238 ], [ -2.8323, 39.0232 ], [ -2.8446, 38.9864 ], [ -2.871, 38.9655 ], [ -2.8829, 38.9385 ], [ -2.8762, 38.9255 ], [ -2.8577, 38.9274 ], [ -2.8358, 38.906 ], [ -2.7925, 38.9056 ], [ -2.7906, 38.8916 ], [ -2.7623, 38.8808 ], [ -2.7511, 38.8483 ], [ -2.7527, 38.8147 ], [ -2.7345, 38.7953 ], [ -2.7322, 38.7818 ], [ -2.6963, 38.7829 ], [ -2.663, 38.7535 ], [ -2.6435, 38.7464 ], [ -2.6379, 38.7346 ], [ -2.6556, 38.6714 ], [ -2.6689, 38.6492 ], [ -2.6825, 38.6441 ], [ -2.6998, 38.6254 ], [ -2.7176, 38.6251 ], [ -2.7282, 38.6161 ], [ -2.7637, 38.6279 ], [ -2.7501, 38.6156 ], [ -2.7579, 38.5825 ], [ -2.7668, 38.5738 ], [ -2.7591, 38.5538 ], [ -2.7484, 38.5447 ], [ -2.776, 38.5267 ], [ -2.7709, 38.5192 ], [ -2.7811, 38.5152 ], [ -2.7803, 38.509 ], [ -2.7881, 38.5148 ], [ -2.7923, 38.5022 ], [ -2.8061, 38.5031 ], [ -2.8087, 38.4954 ], [ -2.8143, 38.4965 ], [ -2.8122, 38.4918 ], [ -2.8314, 38.4876 ], [ -2.8317, 38.4776 ], [ -2.8379, 38.4857 ], [ -2.84, 38.4782 ], [ -2.8478, 38.4818 ], [ -2.8546, 38.4788 ], [ -2.8502, 38.4749 ], [ -2.861, 38.4755 ], [ -2.8595, 38.4703 ], [ -2.8792, 38.4631 ], [ -2.8767, 38.4562 ], [ -2.8838, 38.458 ], [ -2.8801, 38.4524 ], [ -2.9045, 38.4697 ], [ -2.9627, 38.4712 ], [ -2.9755, 38.4552 ], [ -2.9936, 38.4495 ], [ -2.9919, 38.4287 ], [ -3.0026, 38.4079 ], [ -3.065, 38.4782 ], [ -3.1383, 38.4386 ], [ -3.18, 38.4499 ], [ -3.2794, 38.4602 ], [ -3.3053, 38.4793 ], [ -3.3265, 38.4821 ], [ -3.375, 38.4752 ], [ -3.3804, 38.4554 ], [ -3.3767, 38.4396 ], [ -3.4104, 38.4236 ], [ -3.4248, 38.4068 ], [ -3.4517, 38.4003 ], [ -3.4726, 38.398 ], [ -3.5284, 38.4086 ], [ -3.5352, 38.4394 ], [ -3.5674, 38.452 ], [ -3.5831, 38.4515 ], [ -3.5858, 38.4056 ], [ -3.6205, 38.394 ], [ -3.73, 38.4244 ], [ -3.7391, 38.4138 ], [ -3.7649, 38.4244 ], [ -3.7856, 38.4253 ], [ -3.8286, 38.4143 ], [ -3.8306, 38.3938 ], [ -3.86, 38.3728 ], [ -3.8756, 38.3769 ], [ -3.9128, 38.3678 ], [ -3.9608, 38.3658 ], [ -4.0063, 38.3677 ], [ -4.0581, 38.379 ], [ -4.1514, 38.3829 ] ] ], [ [ [ -4.941, 39.3955 ], [ -4.9082, 39.4937 ], [ -4.8631, 39.5561 ], [ -4.811, 39.5298 ], [ -4.7625, 39.514 ], [ -4.7429, 39.4875 ], [ -4.75, 39.4683 ], [ -4.7405, 39.4562 ], [ -4.767, 39.4335 ], [ -4.7669, 39.424 ], [ -4.7537, 39.4254 ], [ -4.7554, 39.4157 ], [ -4.7746, 39.3972 ], [ -4.8104, 39.3966 ], [ -4.8455, 39.3792 ], [ -4.8607, 39.3797 ], [ -4.8709, 39.3683 ], [ -4.9316, 39.3876 ], [ -4.9339, 39.3954 ], [ -4.941, 39.3955 ] ] ] ] } },
{ "type": "Feature", "properties": { "prov": "Córdoba", "ccaa": "Andalucía" }, "geometry": { "type": "MultiPolygon", "coordinates": [ [ [ [ -5.0246, 37.5937 ], [ -5.03, 37.603 ], [ -5.031, 37.6106 ], [ -5.0479, 37.6081 ], [ -5.0404, 37.6262 ], [ -5.085, 37.6438 ], [ -5.0843, 37.6481 ], [ -5.0538, 37.6424 ], [ -5.0468, 37.6319 ], [ -5.0312, 37.6415 ], [ -5.0265, 37.6352 ], [ -5.0336, 37.6207 ], [ -5.0249, 37.5953 ], [ -5.0173, 37.5936 ], [ -5.0246, 37.5937 ] ] ], [ [ [ -4.6684, 37.3244 ], [ -4.6796, 37.33 ], [ -4.6712, 37.3345 ], [ -4.6793, 37.3366 ], [ -4.6857, 37.3303 ], [ -4.6867, 37.3411 ], [ -4.7035, 37.3453 ], [ -4.7177, 37.3585 ], [ -4.7249, 37.3534 ], [ -4.7226, 37.3464 ], [ -4.733, 37.3428 ], [ -4.7261, 37.3418 ], [ -4.7292, 37.3353 ], [ -4.7487, 37.3309 ], [ -4.7675, 37.3377 ], [ -4.7801, 37.3354 ], [ -4.7829, 37.3288 ], [ -4.8221, 37.3582 ], [ -4.8236, 37.3688 ], [ -4.8147, 37.3775 ], [ -4.826, 37.3791 ], [ -4.8498, 37.4107 ], [ -4.838, 37.4221 ], [ -4.8406, 37.436 ], [ -4.8847, 37.438 ], [ -4.8753, 37.4505 ], [ -4.9041, 37.4674 ], [ -4.9102, 37.4798 ], [ -4.9045, 37.4895 ], [ -4.9152, 37.4842 ], [ -4.9162, 37.4927 ], [ -4.906, 37.4998 ], [ -4.9246, 37.5004 ], [ -4.9313, 37.506 ], [ -4.9276, 37.5124 ], [ -4.935, 37.512 ], [ -4.9339, 37.5199 ], [ -4.947, 37.5205 ], [ -4.9489, 37.5219 ], [ -4.932, 37.5459 ], [ -4.936, 37.5506 ], [ -4.9315, 37.563 ], [ -4.9377, 37.5718 ], [ -4.9302, 37.5758 ], [ -4.9352, 37.5867 ], [ -4.9303, 37.5898 ], [ -4.9349, 37.5998 ], [ -4.9317, 37.6166 ], [ -4.9411, 37.6207 ], [ -4.9662, 37.6105 ], [ -4.9748, 37.5989 ], [ -4.9585, 37.6217 ], [ -4.9544, 37.6525 ], [ -4.9841, 37.6781 ], [ -5.0011, 37.7079 ], [ -5.0472, 37.7183 ], [ -5.0862, 37.6982 ], [ -5.0908, 37.6773 ], [ -5.0764, 37.6689 ], [ -5.0768, 37.6647 ], [ -5.07, 37.6618 ], [ -5.0699, 37.6593 ], [ -5.0979, 37.6703 ], [ -5.0936, 37.6756 ], [ -5.1086, 37.7007 ], [ -5.1297, 37.6987 ], [ -5.1135, 37.6887 ], [ -5.1079, 37.6626 ], [ -5.1358, 37.6686 ], [ -5.1501, 37.6609 ], [ -5.1768, 37.6806 ], [ -5.2738, 37.6255 ], [ -5.3233, 37.6142 ], [ -5.3527, 37.5839 ], [ -5.3587, 37.5845 ], [ -5.3592, 37.6044 ], [ -5.3815, 37.6109 ], [ -5.4144, 37.6461 ], [ -5.3937, 37.6554 ], [ -5.3972, 37.6624 ], [ -5.407, 37.6586 ], [ -5.4129, 37.665 ], [ -5.4124, 37.6824 ], [ -5.4037, 37.693 ], [ -5.3868, 37.6973 ], [ -5.3842, 37.6813 ], [ -5.3763, 37.6776 ], [ -5.3628, 37.6972 ], [ -5.3448, 37.7053 ], [ -5.3369, 37.7057 ], [ -5.3271, 37.6916 ], [ -5.319, 37.7015 ], [ -5.3076, 37.6992 ], [ -5.3109, 37.7091 ], [ -5.3049, 37.7309 ], [ -5.3187, 37.7582 ], [ -5.3098, 37.7736 ], [ -5.3294, 37.7783 ], [ -5.3305, 37.7854 ], [ -5.3499, 37.7943 ], [ -5.3449, 37.8279 ], [ -5.3391, 37.832 ], [ -5.3445, 37.8399 ], [ -5.4147, 37.8695 ], [ -5.4221, 37.8889 ], [ -5.4137, 37.9014 ], [ -5.4221, 37.9184 ], [ -5.4165, 37.9284 ], [ -5.4243, 37.9272 ], [ -5.4156, 37.9437 ], [ -5.4743, 37.9754 ], [ -5.4815, 37.9895 ], [ -5.4938, 37.9969 ], [ -5.489, 38.0289 ], [ -5.4951, 38.0418 ], [ -5.5396, 38.0822 ], [ -5.5388, 38.0938 ], [ -5.5573, 38.108 ], [ -5.5817, 38.1155 ], [ -5.5856, 38.1404 ], [ -5.574, 38.1507 ], [ -5.5601, 38.1486 ], [ -5.5507, 38.1606 ], [ -5.5397, 38.1607 ], [ -5.5358, 38.1687 ], [ -5.5437, 38.1849 ], [ -5.5367, 38.1919 ], [ -5.5387, 38.2006 ], [ -5.5204, 38.2084 ], [ -5.5238, 38.2492 ], [ -5.53, 38.2552 ], [ -5.526, 38.2641 ], [ -5.5444, 38.2823 ], [ -5.5555, 38.3177 ], [ -5.5756, 38.3291 ], [ -5.5669, 38.3625 ], [ -5.5592, 38.3669 ], [ -5.5851, 38.3858 ], [ -5.5845, 38.4003 ], [ -5.5728, 38.4276 ], [ -5.5528, 38.4456 ], [ -5.5197, 38.4633 ], [ -5.505, 38.4568 ], [ -5.4949, 38.4591 ], [ -5.4917, 38.4664 ], [ -5.4846, 38.463 ], [ -5.4795, 38.4843 ], [ -5.469, 38.4846 ], [ -5.4576, 38.4992 ], [ -5.435, 38.5042 ], [ -5.4278, 38.5146 ], [ -5.419, 38.5125 ], [ -5.4165, 38.5204 ], [ -5.41, 38.5202 ], [ -5.4162, 38.5295 ], [ -5.4034, 38.5363 ], [ -5.4069, 38.5437 ], [ -5.3976, 38.5466 ], [ -5.3837, 38.5398 ], [ -5.3927, 38.5535 ], [ -5.3836, 38.5559 ], [ -5.3898, 38.5622 ], [ -5.3757, 38.5683 ], [ -5.3717, 38.5836 ], [ -5.3085, 38.5776 ], [ -5.3102, 38.5936 ], [ -5.2922, 38.6108 ], [ -5.2544, 38.6257 ], [ -5.254, 38.6332 ], [ -5.2447, 38.6323 ], [ -5.2475, 38.6398 ], [ -5.2391, 38.6368 ], [ -5.2229, 38.6483 ], [ -5.2238, 38.6567 ], [ -5.2147, 38.6486 ], [ -5.2085, 38.6677 ], [ -5.2, 38.6566 ], [ -5.1969, 38.6673 ], [ -5.1842, 38.6597 ], [ -5.1791, 38.6657 ], [ -5.1858, 38.6742 ], [ -5.1673, 38.6805 ], [ -5.1845, 38.7197 ], [ -5.1666, 38.7117 ], [ -5.119, 38.7161 ], [ -5.0992, 38.7077 ], [ -5.0418, 38.7287 ], [ -5.0247, 38.7264 ], [ -5.008, 38.7152 ], [ -5.0004, 38.7012 ], [ -5.0046, 38.6951 ], [ -4.9409, 38.6815 ], [ -4.877, 38.6861 ], [ -4.8689, 38.6809 ], [ -4.8635, 38.641 ], [ -4.8674, 38.6327 ], [ -4.8596, 38.6144 ], [ -4.8159, 38.595 ], [ -4.7882, 38.5966 ], [ -4.7386, 38.5764 ], [ -4.7052, 38.5712 ], [ -4.6996, 38.5608 ], [ -4.7031, 38.5531 ], [ -4.6637, 38.5463 ], [ -4.6329, 38.5243 ], [ -4.622, 38.5235 ], [ -4.6196, 38.5082 ], [ -4.5937, 38.486 ], [ -4.5768, 38.4933 ], [ -4.5717, 38.4873 ], [ -4.5646, 38.4903 ], [ -4.5587, 38.4769 ], [ -4.5394, 38.482 ], [ -4.5356, 38.4701 ], [ -4.5123, 38.4635 ], [ -4.5015, 38.4463 ], [ -4.4713, 38.4261 ], [ -4.4528, 38.4015 ], [ -4.4352, 38.4023 ], [ -4.4062, 38.383 ], [ -4.3906, 38.3862 ], [ -4.3322, 38.3612 ], [ -4.3211, 38.3628 ], [ -4.2871, 38.3425 ], [ -4.2751, 38.3504 ], [ -4.2558, 38.3402 ], [ -4.2374, 38.3415 ], [ -4.2383, 38.327 ], [ -4.2334, 38.3266 ], [ -4.2385, 38.3151 ], [ -4.2268, 38.3083 ], [ -4.2281, 38.3012 ], [ -4.2102, 38.3015 ], [ -4.2148, 38.2696 ], [ -4.2082, 38.2665 ], [ -4.2167, 38.247 ], [ -4.204, 38.2464 ], [ -4.196, 38.2378 ], [ -4.2012, 38.2141 ], [ -4.1683, 38.181 ], [ -4.1609, 38.1452 ], [ -4.1746, 38.1317 ], [ -4.1946, 38.1281 ], [ -4.2023, 38.1089 ], [ -4.2183, 38.1105 ], [ -4.2212, 38.1035 ], [ -4.2132, 38.0905 ], [ -4.2277, 38.0914 ], [ -4.221, 38.0831 ], [ -4.2336, 38.0836 ], [ -4.2276, 38.0798 ], [ -4.2363, 38.0628 ], [ -4.2465, 38.0694 ], [ -4.2515, 38.0661 ], [ -4.2516, 38.0482 ], [ -4.2399, 38.053 ], [ -4.2409, 38.0461 ], [ -4.2505, 38.0392 ], [ -4.2685, 38.0405 ], [ -4.2594, 38.0224 ], [ -4.2823, 38.0228 ], [ -4.2844, 38.0038 ], [ -4.2643, 37.9734 ], [ -4.2581, 37.9393 ], [ -4.2624, 37.9151 ], [ -4.2748, 37.9028 ], [ -4.2867, 37.7965 ], [ -4.2068, 37.7789 ], [ -4.2071, 37.7702 ], [ -4.2294, 37.7554 ], [ -4.2382, 37.7195 ], [ -4.1831, 37.7065 ], [ -4.1644, 37.6815 ], [ -4.2279, 37.6398 ], [ -4.2184, 37.6276 ], [ -4.2218, 37.622 ], [ -4.2076, 37.6098 ], [ -4.1878, 37.6166 ], [ -4.1726, 37.6106 ], [ -4.163, 37.5994 ], [ -4.1705, 37.5885 ], [ -4.1613, 37.5879 ], [ -4.161, 37.5752 ], [ -4.15, 37.5744 ], [ -4.1454, 37.5633 ], [ -4.121, 37.5543 ], [ -4.1223, 37.5468 ], [ -4.115, 37.5477 ], [ -4.1092, 37.5332 ], [ -4.0991, 37.5307 ], [ -4.0981, 37.5115 ], [ -4.06, 37.5058 ], [ -4.0886, 37.4871 ], [ -4.07, 37.4719 ], [ -4.0481, 37.4682 ], [ -4.0187, 37.4195 ], [ -4.0009, 37.402 ], [ -4.0858, 37.4037 ], [ -4.1272, 37.3783 ], [ -4.1578, 37.3423 ], [ -4.204, 37.3529 ], [ -4.2364, 37.3359 ], [ -4.2365, 37.2972 ], [ -4.2481, 37.2691 ], [ -4.2633, 37.2604 ], [ -4.2553, 37.2296 ], [ -4.2956, 37.1994 ], [ -4.3281, 37.1841 ], [ -4.3318, 37.1951 ], [ -4.3224, 37.2041 ], [ -4.3452, 37.2136 ], [ -4.3716, 37.2152 ], [ -4.3826, 37.2315 ], [ -4.385, 37.2383 ], [ -4.3774, 37.2418 ], [ -4.3761, 37.2572 ], [ -4.3797, 37.2752 ], [ -4.4074, 37.2738 ], [ -4.4191, 37.2822 ], [ -4.433, 37.2739 ], [ -4.445, 37.2776 ], [ -4.457, 37.2584 ], [ -4.4682, 37.2575 ], [ -4.4617, 37.2548 ], [ -4.4652, 37.2515 ], [ -4.477, 37.2574 ], [ -4.4852, 37.2525 ], [ -4.4776, 37.2447 ], [ -4.4813, 37.238 ], [ -4.4912, 37.2386 ], [ -4.4895, 37.2306 ], [ -4.4981, 37.2233 ], [ -4.4993, 37.2303 ], [ -4.5346, 37.2119 ], [ -4.5612, 37.2193 ], [ -4.5754, 37.2093 ], [ -4.6023, 37.2092 ], [ -4.5961, 37.2242 ], [ -4.6148, 37.2428 ], [ -4.614, 37.2549 ], [ -4.6453, 37.2469 ], [ -4.6621, 37.2837 ], [ -4.6811, 37.29 ], [ -4.6761, 37.2909 ], [ -4.6752, 37.3018 ], [ -4.6606, 37.2944 ], [ -4.6658, 37.2993 ], [ -4.659, 37.3051 ], [ -4.6787, 37.3084 ], [ -4.6841, 37.3154 ], [ -4.682, 37.3232 ], [ -4.6695, 37.319 ], [ -4.6684, 37.3244 ] ] ] ] } },
{ "type": "Feature", "properties": { "prov": "Las Palmas", "ccaa": "Canarias" }, "geometry": { "type": "MultiPolygon", "coordinates": [ [ [ [ -15.6973, 27.772 ], [ -15.6957, 27.7716 ], [ -15.6963, 27.7708 ], [ -15.6973, 27.772 ] ] ], [ [ [ -15.3939, 27.8909 ], [ -15.3901, 27.8798 ], [ -15.3808, 27.8759 ], [ -15.3865, 27.8703 ], [ -15.3854, 27.8575 ], [ -15.3984, 27.8562 ], [ -15.4032, 27.8493 ], [ -15.3965, 27.8454 ], [ -15.3994, 27.842 ], [ -15.4042, 27.8486 ], [ -15.4142, 27.8466 ], [ -15.4223, 27.8309 ], [ -15.4226, 27.8106 ], [ -15.4327, 27.7998 ], [ -15.4873, 27.7927 ], [ -15.5088, 27.7803 ], [ -15.5184, 27.7812 ], [ -15.5635, 27.7606 ], [ -15.5701, 27.7377 ], [ -15.599, 27.7345 ], [ -15.6198, 27.749 ], [ -15.6286, 27.7451 ], [ -15.6579, 27.7564 ], [ -15.6746, 27.7492 ], [ -15.6858, 27.7564 ], [ -15.6822, 27.7595 ], [ -15.69, 27.7713 ], [ -15.6954, 27.7728 ], [ -15.7006, 27.7709 ], [ -15.731, 27.7985 ], [ -15.7385, 27.7984 ], [ -15.7539, 27.8147 ], [ -15.767, 27.8161 ], [ -15.7873, 27.8342 ], [ -15.8181, 27.893 ], [ -15.8331, 27.9099 ], [ -15.8279, 27.947 ], [ -15.8345, 27.9703 ], [ -15.8231, 27.9878 ], [ -15.8174, 28.0049 ], [ -15.8228, 28.0137 ], [ -15.8142, 28.0174 ], [ -15.8055, 28.0155 ], [ -15.792, 28.0185 ], [ -15.7863, 28.0211 ], [ -15.768, 28.0369 ], [ -15.7657, 28.046 ], [ -15.7378, 28.0546 ], [ -15.7108, 28.0831 ], [ -15.7072, 28.0943 ], [ -15.7088, 28.0999 ], [ -15.7133, 28.0998 ], [ -15.7131, 28.1028 ], [ -15.7046, 28.1176 ], [ -15.7092, 28.121 ], [ -15.6993, 28.133 ], [ -15.7048, 28.1425 ], [ -15.6962, 28.1517 ], [ -15.7065, 28.1575 ], [ -15.7088, 28.166 ], [ -15.6987, 28.1631 ], [ -15.6832, 28.1706 ], [ -15.6813, 28.1623 ], [ -15.6663, 28.1581 ], [ -15.6373, 28.172 ], [ -15.6137, 28.1477 ], [ -15.5999, 28.1443 ], [ -15.546, 28.1464 ], [ -15.5268, 28.1551 ], [ -15.5151, 28.146 ], [ -15.4956, 28.1451 ], [ -15.4675, 28.1261 ], [ -15.4537, 28.1281 ], [ -15.4375, 28.138 ], [ -15.4315, 28.1513 ], [ -15.4425, 28.1662 ], [ -15.4201, 28.1816 ], [ -15.4149, 28.1775 ], [ -15.407, 28.178 ], [ -15.405, 28.1661 ], [ -15.3981, 28.1617 ], [ -15.3985, 28.1523 ], [ -15.3985, 28.1611 ], [ -15.405, 28.1619 ], [ -15.4072, 28.1328 ], [ -15.4044, 28.1308 ], [ -15.4046, 28.1213 ], [ -15.4046, 28.1307 ], [ -15.4076, 28.1329 ], [ -15.4079, 28.1371 ], [ -15.4069, 28.1582 ], [ -15.4156, 28.1476 ], [ -15.412, 28.1281 ], [ -15.4177, 28.1283 ], [ -15.4173, 28.1463 ], [ -15.4213, 28.1417 ], [ -15.4277, 28.1468 ], [ -15.4212, 28.1375 ], [ -15.4277, 28.1408 ], [ -15.4287, 28.1296 ], [ -15.4243, 28.1296 ], [ -15.4232, 28.1282 ], [ -15.4281, 28.1289 ], [ -15.428, 28.1274 ], [ -15.4111, 28.1008 ], [ -15.4194, 28.0596 ], [ -15.4144, 28.045 ], [ -15.3872, 28.0293 ], [ -15.3854, 28.0168 ], [ -15.3732, 28.0095 ], [ -15.375, 27.9974 ], [ -15.3671, 27.992 ], [ -15.3781, 27.9839 ], [ -15.3765, 27.9753 ], [ -15.3844, 27.9674 ], [ -15.3782, 27.9629 ], [ -15.38, 27.9479 ], [ -15.3683, 27.9445 ], [ -15.3585, 27.9311 ], [ -15.3726, 27.9358 ], [ -15.38, 27.9313 ], [ -15.3939, 27.8909 ] ] ], [ [ [ -15.8226, 27.9942 ], [ -15.8228, 27.9944 ], [ -15.8225, 27.9943 ], [ -15.8226, 27.9942 ] ] ], [ [ [ -15.7938, 28.0193 ], [ -15.7941, 28.0187 ], [ -15.7943, 28.0188 ], [ -15.7938, 28.0193 ] ] ], [ [ [ -15.7782, 28.029 ], [ -15.7778, 28.0288 ], [ -15.7781, 28.0285 ], [ -15.7782, 28.029 ] ] ], [ [ [ -15.709, 28.0978 ], [ -15.7093, 28.0977 ], [ -15.7092, 28.0981 ], [ -15.709, 28.0978 ] ] ], [ [ [ -15.7095, 28.0978 ], [ -15.7098, 28.0979 ], [ -15.7097, 28.0981 ], [ -15.7095, 28.0978 ] ] ], [ [ [ -15.4601, 28.1283 ], [ -15.4603, 28.1283 ], [ -15.4602, 28.1284 ], [ -15.4601, 28.1283 ] ] ], [ [ [ -15.4644, 28.1285 ], [ -15.4647, 28.1283 ], [ -15.4647, 28.1286 ], [ -15.4644, 28.1285 ] ] ], [ [ [ -15.4638, 28.1291 ], [ -15.4637, 28.1292 ], [ -15.4636, 28.1291 ], [ -15.4638, 28.1291 ] ] ], [ [ [ -15.463, 28.1291 ], [ -15.463, 28.1292 ], [ -15.4628, 28.1293 ], [ -15.463, 28.1291 ] ] ], [ [ [ -15.4498, 28.1323 ], [ -15.4495, 28.1326 ], [ -15.4494, 28.1324 ], [ -15.4498, 28.1323 ] ] ], [ [ [ -15.4966, 28.1454 ], [ -15.4964, 28.1454 ], [ -15.4965, 28.1453 ], [ -15.4966, 28.1454 ] ] ], [ [ [ -15.4967, 28.1466 ], [ -15.4971, 28.1468 ], [ -15.4969, 28.1469 ], [ -15.4967, 28.1466 ] ] ], [ [ [ -15.4964, 28.1465 ], [ -15.4962, 28.1471 ], [ -15.496, 28.1467 ], [ -15.4964, 28.1465 ] ] ], [ [ [ -15.3812, 27.8618 ], [ -15.3812, 27.861 ], [ -15.3822, 27.8614 ], [ -15.3812, 27.8618 ] ] ], [ [ [ -15.3588, 27.9392 ], [ -15.3593, 27.9389 ], [ -15.3597, 27.9396 ], [ -15.3588, 27.9392 ] ] ], [ [ [ -15.3632, 27.9936 ], [ -15.3634, 27.9923 ], [ -15.365, 27.9931 ], [ -15.3632, 27.9936 ] ] ], [ [ [ -15.3854, 28.0275 ], [ -15.3858, 28.0276 ], [ -15.3848, 28.0279 ], [ -15.3854, 28.0275 ] ] ], [ [ [ -15.3868, 28.0293 ], [ -15.3869, 28.0293 ], [ -15.387, 28.0297 ], [ -15.3868, 28.0293 ] ] ], [ [ [ -14.5126, 28.0687 ], [ -14.512, 28.0689 ], [ -14.5127, 28.0679 ], [ -14.5126, 28.0687 ] ] ], [ [ [ -14.5115, 28.0695 ], [ -14.5114, 28.0695 ], [ -14.5116, 28.0691 ], [ -14.5115, 28.0695 ] ] ], [ [ [ -14.5116, 28.0701 ], [ -14.5116, 28.0702 ], [ -14.5114, 28.07 ], [ -14.5116, 28.0701 ] ] ], [ [ [ -14.5013, 28.0902 ], [ -14.5011, 28.0905 ], [ -14.501, 28.0904 ], [ -14.5013, 28.0902 ] ] ], [ [ [ -14.5011, 28.0912 ], [ -14.5008, 28.0913 ], [ -14.5008, 28.0908 ], [ -14.5011, 28.0912 ] ] ], [ [ [ -14.4348, 28.1024 ], [ -14.4346, 28.1023 ], [ -14.4353, 28.1021 ], [ -14.4348, 28.1024 ] ] ], [ [ [ -14.4767, 28.1038 ], [ -14.477, 28.1042 ], [ -14.4767, 28.1042 ], [ -14.4767, 28.1038 ] ] ], [ [ [ -14.4751, 28.1049 ], [ -14.4746, 28.105 ], [ -14.4747, 28.1048 ], [ -14.4751, 28.1049 ] ] ], [ [ [ -15.4415, 28.1378 ], [ -15.4413, 28.1378 ], [ -15.4424, 28.1369 ], [ -15.4415, 28.1378 ] ] ], [ [ [ -15.441, 28.1384 ], [ -15.4404, 28.1383 ], [ -15.4406, 28.1381 ], [ -15.441, 28.1384 ] ] ], [ [ [ -15.4398, 28.1392 ], [ -15.4395, 28.1392 ], [ -15.4397, 28.1388 ], [ -15.4398, 28.1392 ] ] ], [ [ [ -15.4368, 28.1439 ], [ -15.4346, 28.1463 ], [ -15.439, 28.1401 ], [ -15.4368, 28.1439 ] ] ], [ [ [ -15.4345, 28.1541 ], [ -15.4345, 28.1542 ], [ -15.4341, 28.1542 ], [ -15.4345, 28.1541 ] ] ], [ [ [ -15.4026, 28.1709 ], [ -15.4034, 28.1704 ], [ -15.4034, 28.1706 ], [ -15.4026, 28.1709 ] ] ], [ [ [ -15.4023, 28.1722 ], [ -15.4024, 28.1723 ], [ -15.4021, 28.1724 ], [ -15.4023, 28.1722 ] ] ], [ [ [ -15.4125, 28.1793 ], [ -15.4126, 28.1793 ], [ -15.4126, 28.1795 ], [ -15.4125, 28.1793 ] ] ], [ [ [ -14.4776, 28.0778 ], [ -14.51, 28.0682 ], [ -14.4925, 28.0842 ], [ -14.4991, 28.1007 ], [ -14.4912, 28.111 ], [ -14.4812, 28.1002 ], [ -14.4558, 28.1054 ], [ -14.4503, 28.1001 ], [ -14.4246, 28.1031 ], [ -14.3735, 28.1167 ], [ -14.3069, 28.1499 ], [ -14.2229, 28.2153 ], [ -14.2084, 28.2601 ], [ -14.2144, 28.2872 ], [ -14.2039, 28.3281 ], [ -14.1774, 28.3459 ], [ -14.1623, 28.3687 ], [ -14.1577, 28.4119 ], [ -14.147, 28.4385 ], [ -14.0981, 28.4789 ], [ -14.0637, 28.5432 ], [ -14.0668, 28.5504 ], [ -14.0333, 28.5931 ], [ -14.0386, 28.6152 ], [ -14.0317, 28.6249 ], [ -14.0324, 28.6319 ], [ -14.0264, 28.6354 ], [ -14.025, 28.6462 ], [ -14.019, 28.6506 ], [ -14.0089, 28.6773 ], [ -14.0204, 28.6961 ], [ -14.021, 28.7072 ], [ -14.0145, 28.7072 ], [ -14.0174, 28.7148 ], [ -14.0053, 28.7111 ], [ -13.9988, 28.7246 ], [ -13.9806, 28.7274 ], [ -13.9768, 28.7349 ], [ -13.9571, 28.7352 ], [ -13.9416, 28.7462 ], [ -13.9392, 28.7394 ], [ -13.9378, 28.7392 ], [ -13.9266, 28.7514 ], [ -13.9157, 28.7448 ], [ -13.8908, 28.757 ], [ -13.8775, 28.7518 ], [ -13.8743, 28.7427 ], [ -13.8653, 28.7453 ], [ -13.8606, 28.7404 ], [ -13.866, 28.741 ], [ -13.8662, 28.7334 ], [ -13.8424, 28.7263 ], [ -13.8309, 28.6939 ], [ -13.8339, 28.6751 ], [ -13.8224, 28.593 ], [ -13.8301, 28.5757 ], [ -13.8255, 28.5553 ], [ -13.8376, 28.5422 ], [ -13.8349, 28.5259 ], [ -13.8427, 28.5038 ], [ -13.8547, 28.4993 ], [ -13.855, 28.491 ], [ -13.8564, 28.4989 ], [ -13.8578, 28.4985 ], [ -13.8676, 28.4807 ], [ -13.8571, 28.4616 ], [ -13.8623, 28.4327 ], [ -13.8501, 28.4214 ], [ -13.8499, 28.4006 ], [ -13.8534, 28.392 ], [ -13.86, 28.3929 ], [ -13.886, 28.3254 ], [ -13.8953, 28.3236 ], [ -13.8939, 28.3143 ], [ -13.9033, 28.3006 ], [ -13.8973, 28.2853 ], [ -13.9013, 28.2746 ], [ -13.9103, 28.2734 ], [ -13.9173, 28.252 ], [ -13.945, 28.2288 ], [ -13.9866, 28.2282 ], [ -14.0127, 28.2077 ], [ -14.0188, 28.2111 ], [ -14.0239, 28.2052 ], [ -14.0734, 28.2016 ], [ -14.1102, 28.1889 ], [ -14.1364, 28.1875 ], [ -14.1588, 28.1759 ], [ -14.1982, 28.1739 ], [ -14.2186, 28.165 ], [ -14.2522, 28.1161 ], [ -14.2668, 28.1082 ], [ -14.3227, 28.0493 ], [ -14.3335, 28.0439 ], [ -14.352, 28.0494 ], [ -14.3609, 28.0475 ], [ -14.3651, 28.0495 ], [ -14.3599, 28.0485 ], [ -14.4776, 28.0778 ] ] ], [ [ [ -14.2099, 28.258 ], [ -14.2097, 28.2581 ], [ -14.2098, 28.2578 ], [ -14.2099, 28.258 ] ] ], [ [ [ -14.2096, 28.2592 ], [ -14.2091, 28.2598 ], [ -14.2091, 28.2596 ], [ -14.2096, 28.2592 ] ] ], [ [ [ -14.2117, 28.2681 ], [ -14.2115, 28.2678 ], [ -14.2118, 28.2677 ], [ -14.2117, 28.2681 ] ] ], [ [ [ -14.1614, 28.3924 ], [ -14.1618, 28.3924 ], [ -14.1617, 28.3927 ], [ -14.1614, 28.3924 ] ] ], [ [ [ -14.1587, 28.4077 ], [ -14.1586, 28.4077 ], [ -14.1586, 28.4075 ], [ -14.1587, 28.4077 ] ] ], [ [ [ -14.1591, 28.4085 ], [ -14.1589, 28.4086 ], [ -14.1588, 28.4084 ], [ -14.1591, 28.4085 ] ] ], [ [ [ -14.1585, 28.4112 ], [ -14.1589, 28.4108 ], [ -14.1588, 28.4113 ], [ -14.1585, 28.4112 ] ] ], [ [ [ -14.1583, 28.4109 ], [ -14.158, 28.4114 ], [ -14.158, 28.4111 ], [ -14.1583, 28.4109 ] ] ], [ [ [ -14.1585, 28.412 ], [ -14.1581, 28.4122 ], [ -14.1582, 28.4119 ], [ -14.1585, 28.412 ] ] ], [ [ [ -14.0898, 28.4983 ], [ -14.09, 28.4983 ], [ -14.0898, 28.4985 ], [ -14.0898, 28.4983 ] ] ], [ [ [ -14.0897, 28.4984 ], [ -14.0896, 28.4985 ], [ -14.0896, 28.4984 ], [ -14.0897, 28.4984 ] ] ], [ [ [ -14.0873, 28.5061 ], [ -14.0874, 28.5062 ], [ -14.0868, 28.5065 ], [ -14.0873, 28.5061 ] ] ], [ [ [ -14.074, 28.5285 ], [ -14.0742, 28.5272 ], [ -14.0744, 28.5276 ], [ -14.074, 28.5285 ] ] ], [ [ [ -14.0732, 28.5287 ], [ -14.0732, 28.5285 ], [ -14.0734, 28.5285 ], [ -14.0732, 28.5287 ] ] ], [ [ [ -14.0699, 28.5369 ], [ -14.0703, 28.5369 ], [ -14.0702, 28.5371 ], [ -14.0699, 28.5369 ] ] ], [ [ [ -14.0698, 28.5403 ], [ -14.0702, 28.54 ], [ -14.0695, 28.541 ], [ -14.0698, 28.5403 ] ] ], [ [ [ -14.0661, 28.5474 ], [ -14.0658, 28.5474 ], [ -14.0658, 28.5471 ], [ -14.0661, 28.5474 ] ] ], [ [ [ -14.0352, 28.6203 ], [ -14.0355, 28.6201 ], [ -14.0355, 28.6204 ], [ -14.0352, 28.6203 ] ] ], [ [ [ -14.0361, 28.6205 ], [ -14.0358, 28.6206 ], [ -14.0358, 28.6205 ], [ -14.036, 28.6203 ], [ -14.0361, 28.6205 ] ] ], [ [ [ -14.0358, 28.6205 ], [ -14.0356, 28.6206 ], [ -14.0356, 28.6203 ], [ -14.0358, 28.6205 ] ] ], [ [ [ -14.0324, 28.6254 ], [ -14.032, 28.6255 ], [ -14.0323, 28.6251 ], [ -14.0324, 28.6254 ] ] ], [ [ [ -14.0329, 28.6317 ], [ -14.0328, 28.6314 ], [ -14.033, 28.6314 ], [ -14.0329, 28.6317 ] ] ], [ [ [ -14.0335, 28.6318 ], [ -14.0334, 28.6314 ], [ -14.0339, 28.6314 ], [ -14.0335, 28.6318 ] ] ], [ [ [ -13.8169, 28.7352 ], [ -13.8168, 28.7349 ], [ -13.817, 28.7349 ], [ -13.8169, 28.7352 ] ] ], [ [ [ -13.8144, 28.7367 ], [ -13.8141, 28.7367 ], [ -13.8147, 28.7363 ], [ -13.8144, 28.7367 ] ] ], [ [ [ -13.818, 28.7372 ], [ -13.8179, 28.7362 ], [ -13.8183, 28.7367 ], [ -13.818, 28.7372 ] ] ], [ [ [ -13.816, 28.7371 ], [ -13.8175, 28.737 ], [ -13.817, 28.7376 ], [ -13.816, 28.7371 ] ] ], [ [ [ -13.8304, 28.7397 ], [ -13.8357, 28.7524 ], [ -13.8143, 28.7653 ], [ -13.8144, 28.7394 ], [ -13.8304, 28.7397 ] ] ], [ [ [ -13.8294, 28.7569 ], [ -13.8293, 28.7564 ], [ -13.8295, 28.7565 ], [ -13.8294, 28.7569 ] ] ], [ [ [ -13.7387, 28.9049 ], [ -13.7491, 28.8746 ], [ -13.7872, 28.8384 ], [ -13.8007, 28.8583 ], [ -13.8114, 28.8546 ], [ -13.8292, 28.8627 ], [ -13.8394, 28.8554 ], [ -13.854, 28.8619 ], [ -13.8718, 28.8549 ], [ -13.8769, 28.8596 ], [ -13.8746, 28.8743 ], [ -13.8818, 28.8861 ], [ -13.8578, 28.8974 ], [ -13.8475, 28.9154 ], [ -13.8291, 28.9305 ], [ -13.8344, 28.9404 ], [ -13.8305, 28.9601 ], [ -13.8346, 28.9697 ], [ -13.8342, 28.9703 ], [ -13.829, 28.9771 ], [ -13.8339, 28.9899 ], [ -13.8299, 29.0071 ], [ -13.8152, 29.0333 ], [ -13.7934, 29.0519 ], [ -13.7628, 29.066 ], [ -13.7521, 29.079 ], [ -13.723, 29.085 ], [ -13.7078, 29.0795 ], [ -13.7016, 29.0901 ], [ -13.6829, 29.0954 ], [ -13.6809, 29.1037 ], [ -13.652, 29.1139 ], [ -13.6524, 29.1201 ], [ -13.6567, 29.1133 ], [ -13.662, 29.1164 ], [ -13.6578, 29.1238 ], [ -13.6415, 29.1245 ], [ -13.6397, 29.1169 ], [ -13.6329, 29.1161 ], [ -13.6017, 29.1363 ], [ -13.5855, 29.134 ], [ -13.5613, 29.1164 ], [ -13.5451, 29.12 ], [ -13.5247, 29.1413 ], [ -13.521, 29.156 ], [ -13.5221, 29.1687 ], [ -13.5102, 29.1951 ], [ -13.4978, 29.2069 ], [ -13.497, 29.2183 ], [ -13.4775, 29.2285 ], [ -13.4702, 29.241 ], [ -13.4659, 29.2266 ], [ -13.4545, 29.2263 ], [ -13.4235, 29.2084 ], [ -13.4202, 29.1842 ], [ -13.4276, 29.1686 ], [ -13.4283, 29.1555 ], [ -13.4469, 29.1464 ], [ -13.4642, 29.1279 ], [ -13.4637, 29.1155 ], [ -13.4487, 29.1007 ], [ -13.4476, 29.0889 ], [ -13.4664, 29.0553 ], [ -13.4648, 29.0191 ], [ -13.4762, 29.0138 ], [ -13.4759, 29.0055 ], [ -13.4884, 28.9979 ], [ -13.4858, 28.9924 ], [ -13.5232, 28.9769 ], [ -13.5281, 28.9642 ], [ -13.5263, 28.9715 ], [ -13.5303, 28.9672 ], [ -13.5315, 28.9732 ], [ -13.5431, 28.9569 ], [ -13.5453, 28.96 ], [ -13.559, 28.9582 ], [ -13.5972, 28.9483 ], [ -13.6088, 28.9342 ], [ -13.6409, 28.9201 ], [ -13.707, 28.9154 ], [ -13.7008, 28.9179 ], [ -13.7387, 28.9049 ] ] ], [ [ [ -13.8348, 28.9417 ], [ -13.8348, 28.9418 ], [ -13.8346, 28.9417 ], [ -13.8348, 28.9417 ] ] ], [ [ [ -13.8342, 28.9429 ], [ -13.834, 28.9429 ], [ -13.8341, 28.9428 ], [ -13.8342, 28.9429 ] ] ], [ [ [ -13.554, 28.9539 ], [ -13.5551, 28.9549 ], [ -13.5547, 28.9553 ], [ -13.554, 28.9539 ] ] ], [ [ [ -13.5498, 28.9558 ], [ -13.5473, 28.9581 ], [ -13.5437, 28.9538 ], [ -13.5498, 28.9558 ] ] ], [ [ [ -13.8342, 28.9703 ], [ -13.835, 28.9706 ], [ -13.8349, 28.9709 ], [ -13.8342, 28.9703 ] ] ], [ [ [ -13.7599, 29.0721 ], [ -13.7596, 29.0721 ], [ -13.7596, 29.0719 ], [ -13.7599, 29.0721 ] ] ], [ [ [ -13.7597, 29.0725 ], [ -13.7591, 29.0722 ], [ -13.7594, 29.0722 ], [ -13.7597, 29.0725 ] ] ], [ [ [ -13.5389, 29.1371 ], [ -13.5386, 29.1372 ], [ -13.5386, 29.1371 ], [ -13.5389, 29.1371 ] ] ], [ [ [ -13.5378, 29.1374 ], [ -13.5375, 29.1376 ], [ -13.5375, 29.1375 ], [ -13.5378, 29.1374 ] ] ], [ [ [ -13.5391, 29.1377 ], [ -13.539, 29.1376 ], [ -13.5391, 29.1375 ], [ -13.5391, 29.1377 ] ] ], [ [ [ -13.5247, 29.1446 ], [ -13.5247, 29.1447 ], [ -13.5245, 29.1447 ], [ -13.5247, 29.1446 ] ] ], [ [ [ -13.5242, 29.1465 ], [ -13.5245, 29.1464 ], [ -13.5245, 29.1465 ], [ -13.5242, 29.1465 ] ] ], [ [ [ -13.5233, 29.1558 ], [ -13.5223, 29.1556 ], [ -13.5227, 29.1551 ], [ -13.5233, 29.1558 ] ] ], [ [ [ -13.5236, 29.1583 ], [ -13.5229, 29.158 ], [ -13.5237, 29.158 ], [ -13.5236, 29.1583 ] ] ], [ [ [ -13.4268, 29.163 ], [ -13.4267, 29.163 ], [ -13.4267, 29.1629 ], [ -13.4268, 29.163 ] ] ], [ [ [ -13.4412, 29.2215 ], [ -13.4407, 29.2226 ], [ -13.4396, 29.2217 ], [ -13.4393, 29.2201 ], [ -13.4397, 29.2195 ], [ -13.4412, 29.2215 ] ] ], [ [ [ -13.5015, 29.2266 ], [ -13.5036, 29.2303 ], [ -13.534, 29.2168 ], [ -13.5476, 29.2225 ], [ -13.5458, 29.2325 ], [ -13.5264, 29.2426 ], [ -13.5283, 29.2516 ], [ -13.5205, 29.2589 ], [ -13.5237, 29.2672 ], [ -13.5112, 29.2907 ], [ -13.4733, 29.2708 ], [ -13.4721, 29.2645 ], [ -13.4839, 29.2595 ], [ -13.5015, 29.2266 ] ] ], [ [ [ -13.3397, 29.2754 ], [ -13.3375, 29.2778 ], [ -13.335, 29.2774 ], [ -13.3397, 29.2754 ] ] ], [ [ [ -13.5313, 29.2903 ], [ -13.5403, 29.2895 ], [ -13.5397, 29.3031 ], [ -13.5354, 29.3068 ], [ -13.5296, 29.3019 ], [ -13.5313, 29.2903 ] ] ], [ [ [ -13.527, 29.3119 ], [ -13.5263, 29.3114 ], [ -13.5274, 29.3101 ], [ -13.527, 29.3119 ] ] ], [ [ [ -13.5186, 29.4101 ], [ -13.5057, 29.416 ], [ -13.4862, 29.4034 ], [ -13.5068, 29.3845 ], [ -13.5232, 29.3827 ], [ -13.5319, 29.3948 ], [ -13.5186, 29.4101 ] ] ], [ [ [ -13.5316, 29.4005 ], [ -13.5317, 29.4007 ], [ -13.5315, 29.4007 ], [ -13.5316, 29.4005 ] ] ], [ [ [ -13.5294, 29.4031 ], [ -13.5292, 29.4031 ], [ -13.5292, 29.4028 ], [ -13.5294, 29.4031 ] ] ], [ [ [ -13.4859, 29.4037 ], [ -13.4859, 29.4036 ], [ -13.486, 29.4036 ], [ -13.4859, 29.4037 ] ] ], [ [ [ -13.5267, 29.4055 ], [ -13.5266, 29.4053 ], [ -13.5269, 29.4053 ], [ -13.5267, 29.4055 ] ] ], [ [ [ -13.5245, 29.4102 ], [ -13.5247, 29.4102 ], [ -13.5247, 29.4103 ], [ -13.5245, 29.4102 ] ] ], [ [ [ -13.519, 29.4115 ], [ -13.5182, 29.4118 ], [ -13.5187, 29.4115 ], [ -13.519, 29.4115 ] ] ], [ [ [ -13.5224, 29.4114 ], [ -13.5227, 29.4115 ], [ -13.5225, 29.412 ], [ -13.5224, 29.4114 ] ] ], [ [ [ -13.519, 29.4123 ], [ -13.5189, 29.4121 ], [ -13.5191, 29.412 ], [ -13.519, 29.4123 ] ] ], [ [ [ -13.5162, 29.4123 ], [ -13.5162, 29.4124 ], [ -13.516, 29.4124 ], [ -13.5162, 29.4123 ] ] ], [ [ [ -13.5157, 29.413 ], [ -13.5149, 29.4128 ], [ -13.5165, 29.4128 ], [ -13.5157, 29.413 ] ] ], [ [ [ -13.4976, 29.4135 ], [ -13.4981, 29.4139 ], [ -13.4977, 29.414 ], [ -13.4976, 29.4135 ] ] ], [ [ [ -13.5014, 29.4144 ], [ -13.5013, 29.4138 ], [ -13.5014, 29.4138 ], [ -13.5014, 29.4144 ] ] ], [ [ [ -13.5116, 29.4152 ], [ -13.5118, 29.4157 ], [ -13.5114, 29.4156 ], [ -13.5116, 29.4152 ] ] ], [ [ [ -13.5036, 29.416 ], [ -13.5037, 29.4161 ], [ -13.5034, 29.4162 ], [ -13.5036, 29.416 ] ] ], [ [ [ -13.5046, 29.4163 ], [ -13.5047, 29.416 ], [ -13.505, 29.4164 ], [ -13.5046, 29.4163 ] ] ] ] } },
{ "type": "Feature", "properties": { "prov": "Santa Cruz de Tenerife", "ccaa": "Canarias" }, "geometry": { "type": "MultiPolygon", "coordinates": [ [ [ [ -18.0046, 27.648 ], [ -18.0045, 27.6478 ], [ -18.005, 27.6476 ], [ -18.0046, 27.648 ] ] ], [ [ [ -18.0105, 27.6513 ], [ -18.0106, 27.6513 ], [ -18.0105, 27.6514 ], [ -18.0105, 27.6513 ] ] ], [ [ [ -18.0287, 27.6737 ], [ -18.0288, 27.6736 ], [ -18.0289, 27.6738 ], [ -18.0287, 27.6737 ] ] ], [ [ [ -18.0289, 27.6743 ], [ -18.0288, 27.6742 ], [ -18.0289, 27.6742 ], [ -18.0289, 27.6743 ] ] ], [ [ [ -18.0281, 27.6773 ], [ -18.028, 27.6773 ], [ -18.028, 27.6772 ], [ -18.0281, 27.6773 ] ] ], [ [ [ -18.0344, 27.6824 ], [ -18.0342, 27.6825 ], [ -18.0342, 27.6824 ], [ -18.0344, 27.6824 ] ] ], [ [ [ -17.9667, 27.6858 ], [ -17.9726, 27.6711 ], [ -17.9704, 27.6483 ], [ -17.9779, 27.6395 ], [ -17.9916, 27.6388 ], [ -17.9957, 27.6409 ], [ -17.996, 27.6446 ], [ -17.9984, 27.6466 ], [ -18.0096, 27.6495 ], [ -18.0105, 27.6519 ], [ -18.0194, 27.6604 ], [ -18.0206, 27.6672 ], [ -18.025, 27.6708 ], [ -18.0291, 27.672 ], [ -18.0278, 27.673 ], [ -18.0287, 27.6739 ], [ -18.0278, 27.677 ], [ -18.028, 27.6773 ], [ -18.0287, 27.6786 ], [ -18.0378, 27.6862 ], [ -18.0504, 27.6927 ], [ -18.1247, 27.7052 ], [ -18.1459, 27.7038 ], [ -18.1505, 27.708 ], [ -18.1567, 27.7106 ], [ -18.1608, 27.7171 ], [ -18.159, 27.7293 ], [ -18.1535, 27.7295 ], [ -18.1518, 27.7321 ], [ -18.1551, 27.7535 ], [ -18.1505, 27.7584 ], [ -18.1516, 27.7606 ], [ -18.1471, 27.7595 ], [ -18.1413, 27.7623 ], [ -18.1322, 27.7713 ], [ -18.1285, 27.7711 ], [ -18.128, 27.7703 ], [ -18.1273, 27.7706 ], [ -18.125, 27.7692 ], [ -18.1242, 27.769 ], [ -18.1229, 27.7686 ], [ -18.1216, 27.7693 ], [ -18.1211, 27.7647 ], [ -18.1141, 27.7595 ], [ -18.1058, 27.7566 ], [ -18.0823, 27.7531 ], [ -18.0755, 27.7536 ], [ -18.075, 27.753 ], [ -18.0741, 27.7529 ], [ -18.0701, 27.7532 ], [ -18.0366, 27.762 ], [ -18.0187, 27.7749 ], [ -18.0165, 27.7778 ], [ -18.0146, 27.783 ], [ -17.9978, 27.7908 ], [ -17.9917, 27.7962 ], [ -17.9928, 27.7975 ], [ -17.9915, 27.797 ], [ -17.9898, 27.7986 ], [ -17.9902, 27.7993 ], [ -17.9891, 27.7997 ], [ -17.9863, 27.8076 ], [ -17.9873, 27.8126 ], [ -17.9918, 27.8226 ], [ -17.988, 27.8212 ], [ -17.9723, 27.8273 ], [ -17.9579, 27.8416 ], [ -17.9567, 27.8413 ], [ -17.9562, 27.8411 ], [ -17.9551, 27.842 ], [ -17.9537, 27.8409 ], [ -17.946, 27.8403 ], [ -17.9346, 27.8489 ], [ -17.9301, 27.8471 ], [ -17.9172, 27.8481 ], [ -17.9168, 27.8453 ], [ -17.9143, 27.8434 ], [ -17.9058, 27.8409 ], [ -17.9027, 27.8423 ], [ -17.9038, 27.8405 ], [ -17.9031, 27.8377 ], [ -17.8939, 27.8324 ], [ -17.8958, 27.8239 ], [ -17.8857, 27.817 ], [ -17.8834, 27.8037 ], [ -17.9143, 27.7706 ], [ -17.9096, 27.7654 ], [ -17.924, 27.7469 ], [ -17.9272, 27.7319 ], [ -17.9488, 27.7287 ], [ -17.9572, 27.7198 ], [ -17.9667, 27.6858 ] ] ], [ [ [ -18.0486, 27.6907 ], [ -18.0487, 27.6908 ], [ -18.0485, 27.6908 ], [ -18.0486, 27.6907 ] ] ], [ [ [ -18.141, 27.7034 ], [ -18.1411, 27.7034 ], [ -18.1411, 27.7035 ], [ -18.141, 27.7034 ] ] ], [ [ [ -18.1597, 27.7148 ], [ -18.1596, 27.7146 ], [ -18.16, 27.7146 ], [ -18.1597, 27.7148 ] ] ], [ [ [ -18.1599, 27.7151 ], [ -18.1599, 27.7149 ], [ -18.1602, 27.715 ], [ -18.1599, 27.7151 ] ] ], [ [ [ -18.1609, 27.7187 ], [ -18.1612, 27.7188 ], [ -18.1611, 27.719 ], [ -18.1609, 27.7187 ] ] ], [ [ [ -18.158, 27.7294 ], [ -18.1582, 27.7294 ], [ -18.1582, 27.7297 ], [ -18.158, 27.7294 ] ] ], [ [ [ -18.1592, 27.7299 ], [ -18.1592, 27.73 ], [ -18.1591, 27.73 ], [ -18.1592, 27.7299 ] ] ], [ [ [ -18.1583, 27.7299 ], [ -18.1584, 27.73 ], [ -18.1583, 27.7301 ], [ -18.1583, 27.7299 ] ] ], [ [ [ -18.1583, 27.7305 ], [ -18.1583, 27.7306 ], [ -18.1582, 27.7307 ], [ -18.1583, 27.7305 ] ] ], [ [ [ -18.0749, 27.7534 ], [ -18.075, 27.7533 ], [ -18.075, 27.7535 ], [ -18.0749, 27.7534 ] ] ], [ [ [ -18.0731, 27.7537 ], [ -18.0731, 27.7538 ], [ -18.0728, 27.7535 ], [ -18.0731, 27.7537 ] ] ], [ [ [ -18.0652, 27.7548 ], [ -18.0653, 27.7549 ], [ -18.0652, 27.755 ], [ -18.0652, 27.7548 ] ] ], [ [ [ -18.0664, 27.7548 ], [ -18.0664, 27.755 ], [ -18.0663, 27.7549 ], [ -18.0664, 27.7548 ] ] ], [ [ [ -18.0964, 27.7558 ], [ -18.0963, 27.7558 ], [ -18.0963, 27.7556 ], [ -18.0964, 27.7558 ] ] ], [ [ [ -18.0972, 27.7561 ], [ -18.0973, 27.7561 ], [ -18.0974, 27.7562 ], [ -18.0972, 27.7561 ] ] ], [ [ [ -18.1555, 27.7565 ], [ -18.1557, 27.7565 ], [ -18.1556, 27.7566 ], [ -18.1555, 27.7565 ] ] ], [ [ [ -18.1538, 27.7567 ], [ -18.154, 27.7567 ], [ -18.154, 27.7568 ], [ -18.1538, 27.7567 ] ] ], [ [ [ -18.1535, 27.7573 ], [ -18.1535, 27.7575 ], [ -18.1528, 27.7573 ], [ -18.1535, 27.7573 ] ] ], [ [ [ -18.1526, 27.7576 ], [ -18.1531, 27.758 ], [ -18.1527, 27.758 ], [ -18.1526, 27.7576 ] ] ], [ [ [ -18.0545, 27.759 ], [ -18.0546, 27.7588 ], [ -18.0548, 27.759 ], [ -18.0545, 27.759 ] ] ], [ [ [ -18.1486, 27.7602 ], [ -18.149, 27.7603 ], [ -18.1488, 27.7605 ], [ -18.1486, 27.7602 ] ] ], [ [ [ -18.0498, 27.7604 ], [ -18.0498, 27.7603 ], [ -18.0501, 27.7604 ], [ -18.0498, 27.7604 ] ] ], [ [ [ -18.0491, 27.7605 ], [ -18.049, 27.7605 ], [ -18.0491, 27.7603 ], [ -18.0491, 27.7605 ] ] ], [ [ [ -18.0487, 27.7606 ], [ -18.0488, 27.7603 ], [ -18.0489, 27.7603 ], [ -18.0487, 27.7606 ] ] ], [ [ [ -18.0484, 27.7607 ], [ -18.0485, 27.7608 ], [ -18.0483, 27.7608 ], [ -18.0484, 27.7607 ] ] ], [ [ [ -18.0486, 27.7614 ], [ -18.0484, 27.7609 ], [ -18.0485, 27.7609 ], [ -18.0486, 27.7614 ] ] ], [ [ [ -18.0493, 27.7615 ], [ -18.0493, 27.7612 ], [ -18.0494, 27.7613 ], [ -18.0493, 27.7615 ] ] ], [ [ [ -18.1428, 27.7635 ], [ -18.142, 27.7627 ], [ -18.1424, 27.7627 ], [ -18.1428, 27.7635 ] ] ], [ [ [ -18.1403, 27.764 ], [ -18.1403, 27.7641 ], [ -18.14, 27.7641 ], [ -18.1403, 27.764 ] ] ], [ [ [ -18.1199, 27.7641 ], [ -18.1199, 27.764 ], [ -18.12, 27.764 ], [ -18.1199, 27.7641 ] ] ], [ [ [ -18.1203, 27.7645 ], [ -18.1205, 27.7645 ], [ -18.1204, 27.7646 ], [ -18.1203, 27.7645 ] ] ], [ [ [ -18.1206, 27.765 ], [ -18.1208, 27.7649 ], [ -18.1208, 27.765 ], [ -18.1206, 27.765 ] ] ], [ [ [ -18.1384, 27.7672 ], [ -18.1381, 27.767 ], [ -18.1383, 27.7669 ], [ -18.1384, 27.7672 ] ] ], [ [ [ -18.1242, 27.7692 ], [ -18.1242, 27.769 ], [ -18.1243, 27.7691 ], [ -18.1242, 27.7692 ] ] ], [ [ [ -18.1238, 27.7692 ], [ -18.1239, 27.7692 ], [ -18.1239, 27.7693 ], [ -18.1238, 27.7692 ] ] ], [ [ [ -18.1348, 27.7694 ], [ -18.1347, 27.7694 ], [ -18.1347, 27.7693 ], [ -18.1348, 27.7694 ] ] ], [ [ [ -18.1215, 27.7697 ], [ -18.1216, 27.7697 ], [ -18.1215, 27.7698 ], [ -18.1215, 27.7697 ] ] ], [ [ [ -18.0273, 27.7707 ], [ -18.0273, 27.7709 ], [ -18.0269, 27.7707 ], [ -18.0273, 27.7707 ] ] ], [ [ [ -18.1275, 27.7709 ], [ -18.1275, 27.7707 ], [ -18.1276, 27.7707 ], [ -18.1275, 27.7709 ] ] ], [ [ [ -18.1337, 27.771 ], [ -18.1337, 27.7711 ], [ -18.1334, 27.7711 ], [ -18.1337, 27.771 ] ] ], [ [ [ -18.0168, 27.7785 ], [ -18.0169, 27.7786 ], [ -18.0168, 27.7787 ], [ -18.0168, 27.7785 ] ] ], [ [ [ -18.0154, 27.7819 ], [ -18.0155, 27.7822 ], [ -18.0154, 27.7822 ], [ -18.0154, 27.7819 ] ] ], [ [ [ -18.0087, 27.7874 ], [ -18.0083, 27.787 ], [ -18.0084, 27.787 ], [ -18.0087, 27.7874 ] ] ], [ [ [ -17.9996, 27.7908 ], [ -17.9995, 27.7909 ], [ -17.9994, 27.7908 ], [ -17.9996, 27.7908 ] ] ], [ [ [ -17.9994, 27.7908 ], [ -17.9994, 27.791 ], [ -17.9993, 27.7908 ], [ -17.9994, 27.7908 ] ] ], [ [ [ -18.0005, 27.8227 ], [ -18.0007, 27.8223 ], [ -18.0016, 27.8225 ], [ -18.0005, 27.8227 ] ] ], [ [ [ -18.0057, 28.7605 ], [ -18.005, 28.7602 ], [ -18.0055, 28.7601 ], [ -18.0057, 28.7605 ] ] ], [ [ [ -18.0048, 28.766 ], [ -18.0047, 28.7659 ], [ -18.0048, 28.7658 ], [ -18.0048, 28.766 ] ] ], [ [ [ -18.0076, 28.7693 ], [ -18.0079, 28.7694 ], [ -18.0078, 28.7695 ], [ -18.0076, 28.7693 ] ] ], [ [ [ -18.0074, 28.7701 ], [ -18.0077, 28.7704 ], [ -18.0072, 28.7702 ], [ -18.0074, 28.7701 ] ] ], [ [ [ -18.008, 28.7706 ], [ -18.008, 28.7708 ], [ -18.0079, 28.7707 ], [ -18.008, 28.7706 ] ] ], [ [ [ -18.0074, 28.7751 ], [ -18.0074, 28.7752 ], [ -18.0073, 28.7751 ], [ -18.0074, 28.7751 ] ] ], [ [ [ -18.0059, 28.7833 ], [ -18.0058, 28.7832 ], [ -18.0059, 28.7832 ], [ -18.0059, 28.7833 ] ] ], [ [ [ -17.9979, 27.6459 ], [ -17.998, 27.6459 ], [ -17.998, 27.646 ], [ -17.9979, 27.6459 ] ] ], [ [ [ -17.9709, 27.6691 ], [ -17.971, 27.6693 ], [ -17.9708, 27.6692 ], [ -17.9709, 27.6691 ] ] ], [ [ [ -17.9668, 27.6787 ], [ -17.9668, 27.6786 ], [ -17.967, 27.6788 ], [ -17.9668, 27.6787 ] ] ], [ [ [ -17.9588, 27.6977 ], [ -17.9588, 27.698 ], [ -17.9587, 27.698 ], [ -17.9588, 27.6977 ] ] ], [ [ [ -17.9414, 27.7292 ], [ -17.9414, 27.7295 ], [ -17.9413, 27.7294 ], [ -17.9414, 27.7292 ] ] ], [ [ [ -17.9968, 27.7927 ], [ -17.997, 27.793 ], [ -17.9969, 27.793 ], [ -17.9968, 27.7927 ] ] ], [ [ [ -17.9934, 27.795 ], [ -17.9936, 27.7952 ], [ -17.9935, 27.7953 ], [ -17.9934, 27.795 ] ] ], [ [ [ -17.9929, 27.7967 ], [ -17.9929, 27.7966 ], [ -17.9931, 27.7966 ], [ -17.9929, 27.7967 ] ] ], [ [ [ -17.9908, 27.7984 ], [ -17.9907, 27.7985 ], [ -17.9906, 27.7984 ], [ -17.9908, 27.7984 ] ] ], [ [ [ -17.991, 27.799 ], [ -17.9911, 27.799 ], [ -17.991, 27.7991 ], [ -17.991, 27.799 ] ] ], [ [ [ -17.9925, 27.8212 ], [ -17.9927, 27.8213 ], [ -17.9925, 27.8215 ], [ -17.9925, 27.8212 ] ] ], [ [ [ -17.9928, 27.8225 ], [ -17.9921, 27.8225 ], [ -17.9924, 27.8217 ], [ -17.9928, 27.8225 ] ] ], [ [ [ -17.994, 27.8226 ], [ -17.9938, 27.8227 ], [ -17.9938, 27.8224 ], [ -17.994, 27.8226 ] ] ], [ [ [ -17.9938, 27.8224 ], [ -17.993, 27.8229 ], [ -17.9937, 27.8222 ], [ -17.9938, 27.8223 ], [ -17.9938, 27.8224 ] ] ], [ [ [ -17.9949, 27.8235 ], [ -17.9952, 27.8243 ], [ -17.995, 27.8243 ], [ -17.9949, 27.8235 ] ] ], [ [ [ -17.9959, 27.8252 ], [ -17.9956, 27.8231 ], [ -17.997, 27.8232 ], [ -17.9959, 27.8252 ] ] ], [ [ [ -17.993, 27.8247 ], [ -17.9932, 27.8254 ], [ -17.9929, 27.8253 ], [ -17.993, 27.8247 ] ] ], [ [ [ -17.9804, 27.8254 ], [ -17.9803, 27.8255 ], [ -17.9803, 27.8253 ], [ -17.9804, 27.8254 ] ] ], [ [ [ -17.9808, 27.8256 ], [ -17.9809, 27.8254 ], [ -17.981, 27.8257 ], [ -17.9808, 27.8256 ] ] ], [ [ [ -17.9745, 27.8279 ], [ -17.9746, 27.8279 ], [ -17.9745, 27.828 ], [ -17.9745, 27.8279 ] ] ], [ [ [ -17.971, 27.8302 ], [ -17.9709, 27.83 ], [ -17.971, 27.83 ], [ -17.971, 27.8302 ] ] ], [ [ [ -17.949, 27.8411 ], [ -17.9493, 27.8409 ], [ -17.9493, 27.8414 ], [ -17.949, 27.8411 ] ] ], [ [ [ -17.9487, 27.8414 ], [ -17.9486, 27.8414 ], [ -17.9486, 27.841 ], [ -17.9487, 27.8414 ] ] ], [ [ [ -17.9567, 27.8413 ], [ -17.9569, 27.8415 ], [ -17.9567, 27.8415 ], [ -17.9567, 27.8413 ] ] ], [ [ [ -17.9527, 27.8418 ], [ -17.9527, 27.8416 ], [ -17.9529, 27.8416 ], [ -17.9527, 27.8418 ] ] ], [ [ [ -17.9567, 27.8418 ], [ -17.9565, 27.8419 ], [ -17.9564, 27.8418 ], [ -17.9567, 27.8418 ] ] ], [ [ [ -17.9495, 27.842 ], [ -17.9495, 27.8419 ], [ -17.9496, 27.8419 ], [ -17.9495, 27.842 ] ] ], [ [ [ -17.9527, 27.842 ], [ -17.9529, 27.8419 ], [ -17.9529, 27.8423 ], [ -17.9527, 27.842 ] ] ], [ [ [ -17.9568, 27.8425 ], [ -17.9567, 27.8427 ], [ -17.9565, 27.8425 ], [ -17.9568, 27.8425 ] ] ], [ [ [ -17.9442, 27.8437 ], [ -17.9443, 27.8438 ], [ -17.9442, 27.8438 ], [ -17.9442, 27.8437 ] ] ], [ [ [ -17.9435, 27.8449 ], [ -17.9437, 27.8454 ], [ -17.9433, 27.8448 ], [ -17.9435, 27.8449 ] ] ], [ [ [ -17.9415, 27.8468 ], [ -17.9413, 27.8468 ], [ -17.9414, 27.8464 ], [ -17.9415, 27.8468 ] ] ], [ [ [ -17.9348, 27.8492 ], [ -17.9349, 27.8491 ], [ -17.935, 27.8492 ], [ -17.9348, 27.8492 ] ] ], [ [ [ -17.9272, 27.8495 ], [ -17.9272, 27.8497 ], [ -17.9271, 27.8497 ], [ -17.9272, 27.8495 ] ] ], [ [ [ -17.9265, 28.597 ], [ -17.9267, 28.5971 ], [ -17.9266, 28.5972 ], [ -17.9265, 28.597 ] ] ], [ [ [ -17.9259, 28.5963 ], [ -17.9243, 28.6018 ], [ -17.9242, 28.6021 ], [ -17.9241, 28.6023 ], [ -17.9291, 28.6115 ], [ -17.926, 28.6158 ], [ -17.9388, 28.6407 ], [ -17.9441, 28.6465 ], [ -17.9448, 28.6384 ], [ -17.9467, 28.6507 ], [ -17.9642, 28.6679 ], [ -17.9817, 28.7288 ], [ -18.0072, 28.7578 ], [ -18.0041, 28.7606 ], [ -18.0035, 28.7632 ], [ -18.0057, 28.7846 ], [ -17.9812, 28.8012 ], [ -17.9771, 28.8082 ], [ -17.9793, 28.8124 ], [ -17.9705, 28.8158 ], [ -17.9666, 28.8225 ], [ -17.9678, 28.8272 ], [ -17.9627, 28.8266 ], [ -17.9541, 28.8315 ], [ -17.9462, 28.8425 ], [ -17.9427, 28.8409 ], [ -17.9413, 28.8426 ], [ -17.9386, 28.8411 ], [ -17.9265, 28.8463 ], [ -17.9199, 28.8574 ], [ -17.9066, 28.8556 ], [ -17.896, 28.8422 ], [ -17.8574, 28.8327 ], [ -17.8145, 28.8392 ], [ -17.8091, 28.8453 ], [ -17.807, 28.8431 ], [ -17.8033, 28.8419 ], [ -17.7775, 28.8403 ], [ -17.7524, 28.7761 ], [ -17.7428, 28.7619 ], [ -17.7333, 28.7562 ], [ -17.7343, 28.7532 ], [ -17.7299, 28.7442 ], [ -17.7242, 28.7384 ], [ -17.7326, 28.7202 ], [ -17.7591, 28.6972 ], [ -17.7639, 28.6712 ], [ -17.7687, 28.6773 ], [ -17.7498, 28.6244 ], [ -17.7568, 28.6118 ], [ -17.7601, 28.5699 ], [ -17.7867, 28.5436 ], [ -17.7962, 28.5187 ], [ -17.8004, 28.5181 ], [ -17.8171, 28.4946 ], [ -17.8366, 28.4548 ], [ -17.8546, 28.4586 ], [ -17.8583, 28.464 ], [ -17.8622, 28.4669 ], [ -17.8637, 28.4666 ], [ -17.8686, 28.4734 ], [ -17.8682, 28.4738 ], [ -17.868, 28.4739 ], [ -17.8686, 28.4766 ], [ -17.8679, 28.4771 ], [ -17.8677, 28.4772 ], [ -17.8696, 28.4806 ], [ -17.8707, 28.4811 ], [ -17.8685, 28.4824 ], [ -17.8681, 28.484 ], [ -17.8762, 28.4949 ], [ -17.8752, 28.5212 ], [ -17.88, 28.5402 ], [ -17.9259, 28.5963 ] ] ], [ [ [ -17.9888, 28.7964 ], [ -17.9889, 28.7966 ], [ -17.9889, 28.7967 ], [ -17.9887, 28.7966 ], [ -17.9888, 28.7964 ] ] ], [ [ [ -17.9827, 28.8006 ], [ -17.9826, 28.8006 ], [ -17.9827, 28.8005 ], [ -17.9827, 28.8006 ] ] ], [ [ [ -17.9785, 28.8101 ], [ -17.9783, 28.8102 ], [ -17.9784, 28.8101 ], [ -17.9785, 28.8101 ] ] ], [ [ [ -17.9711, 28.819 ], [ -17.971, 28.8187 ], [ -17.9713, 28.8187 ], [ -17.9711, 28.819 ] ] ], [ [ [ -17.9683, 28.8216 ], [ -17.9683, 28.8218 ], [ -17.9681, 28.8218 ], [ -17.9683, 28.8216 ] ] ], [ [ [ -17.9687, 28.8285 ], [ -17.9692, 28.8291 ], [ -17.9686, 28.8294 ], [ -17.9687, 28.8285 ] ] ], [ [ [ -17.9623, 28.8295 ], [ -17.9626, 28.8303 ], [ -17.9615, 28.8296 ], [ -17.961, 28.8298 ], [ -17.9617, 28.8291 ], [ -17.9623, 28.8295 ] ] ], [ [ [ -17.9585, 28.8316 ], [ -17.9588, 28.832 ], [ -17.9581, 28.8315 ], [ -17.958, 28.8305 ], [ -17.9585, 28.8316 ] ] ], [ [ [ -17.9446, 28.8423 ], [ -17.945, 28.8421 ], [ -17.9452, 28.8424 ], [ -17.9446, 28.8423 ] ] ], [ [ [ -17.9317, 28.8443 ], [ -17.9318, 28.8445 ], [ -17.9317, 28.8445 ], [ -17.9317, 28.8443 ] ] ], [ [ [ -17.9315, 28.8445 ], [ -17.9315, 28.8446 ], [ -17.9313, 28.8445 ], [ -17.9315, 28.8445 ] ] ], [ [ [ -17.9348, 28.8452 ], [ -17.9347, 28.8454 ], [ -17.9345, 28.8452 ], [ -17.9348, 28.8452 ] ] ], [ [ [ -17.9289, 28.8466 ], [ -17.929, 28.847 ], [ -17.9286, 28.8467 ], [ -17.9289, 28.8466 ] ] ], [ [ [ -17.9211, 28.8571 ], [ -17.9213, 28.8574 ], [ -17.921, 28.8576 ], [ -17.9211, 28.8571 ] ] ], [ [ [ -17.9096, 27.7729 ], [ -17.9096, 27.773 ], [ -17.9095, 27.7729 ], [ -17.9096, 27.7729 ] ] ], [ [ [ -17.8928, 27.7917 ], [ -17.8932, 27.7917 ], [ -17.8931, 27.7918 ], [ -17.8928, 27.7917 ] ] ], [ [ [ -17.8876, 27.8189 ], [ -17.8875, 27.819 ], [ -17.8874, 27.8189 ], [ -17.8876, 27.8189 ] ] ], [ [ [ -17.8922, 27.8258 ], [ -17.8924, 27.8258 ], [ -17.8924, 27.8259 ], [ -17.8922, 27.8258 ] ] ], [ [ [ -17.8953, 27.8335 ], [ -17.8947, 27.8339 ], [ -17.8947, 27.8337 ], [ -17.8953, 27.8335 ] ] ], [ [ [ -17.8992, 27.8371 ], [ -17.8996, 27.837 ], [ -17.8995, 27.8372 ], [ -17.8992, 27.8371 ] ] ], [ [ [ -17.903, 27.8389 ], [ -17.9029, 27.839 ], [ -17.9029, 27.8389 ], [ -17.903, 27.8389 ] ] ], [ [ [ -17.909, 27.8428 ], [ -17.9089, 27.8427 ], [ -17.9091, 27.8426 ], [ -17.909, 27.8428 ] ] ], [ [ [ -17.9089, 27.843 ], [ -17.9087, 27.8434 ], [ -17.9086, 27.8433 ], [ -17.9089, 27.843 ] ] ], [ [ [ -17.9151, 27.8447 ], [ -17.915, 27.8449 ], [ -17.9149, 27.8448 ], [ -17.9151, 27.8447 ] ] ], [ [ [ -17.9163, 27.846 ], [ -17.9164, 27.846 ], [ -17.9163, 27.8462 ], [ -17.9163, 27.846 ] ] ], [ [ [ -17.8496, 28.4569 ], [ -17.8495, 28.457 ], [ -17.8495, 28.4569 ], [ -17.8496, 28.4569 ] ] ], [ [ [ -17.8577, 28.4621 ], [ -17.8576, 28.4621 ], [ -17.8576, 28.462 ], [ -17.8577, 28.4621 ] ] ], [ [ [ -17.8315, 28.4639 ], [ -17.8316, 28.464 ], [ -17.8313, 28.4641 ], [ -17.8315, 28.4639 ] ] ], [ [ [ -17.8593, 28.4643 ], [ -17.8594, 28.4642 ], [ -17.8594, 28.4645 ], [ -17.8593, 28.4643 ] ] ], [ [ [ -17.8626, 28.4657 ], [ -17.8626, 28.4658 ], [ -17.8624, 28.4658 ], [ -17.8626, 28.4657 ] ] ], [ [ [ -17.8621, 28.466 ], [ -17.8622, 28.466 ], [ -17.862, 28.4664 ], [ -17.8621, 28.466 ] ] ], [ [ [ -17.8255, 28.4722 ], [ -17.8254, 28.472 ], [ -17.826, 28.4722 ], [ -17.8255, 28.4722 ] ] ], [ [ [ -17.8683, 28.4739 ], [ -17.8682, 28.4738 ], [ -17.8684, 28.4737 ], [ -17.8683, 28.4739 ] ] ], [ [ [ -17.8251, 28.4742 ], [ -17.8253, 28.4743 ], [ -17.825, 28.4743 ], [ -17.8251, 28.4742 ] ] ], [ [ [ -17.8691, 28.4743 ], [ -17.8688, 28.4743 ], [ -17.8691, 28.4741 ], [ -17.8691, 28.4743 ] ] ], [ [ [ -17.8679, 28.4773 ], [ -17.8678, 28.4772 ], [ -17.8679, 28.4771 ], [ -17.8679, 28.4773 ] ] ], [ [ [ -17.8687, 28.4787 ], [ -17.8687, 28.4786 ], [ -17.8688, 28.4786 ], [ -17.8687, 28.4787 ] ] ], [ [ [ -17.8228, 28.4791 ], [ -17.8229, 28.4792 ], [ -17.8227, 28.4791 ], [ -17.8228, 28.4791 ] ] ], [ [ [ -17.822, 28.4814 ], [ -17.8218, 28.4814 ], [ -17.8219, 28.4811 ], [ -17.822, 28.4814 ] ] ], [ [ [ -17.8179, 28.4897 ], [ -17.8178, 28.4896 ], [ -17.818, 28.4894 ], [ -17.8179, 28.4897 ] ] ], [ [ [ -17.8747, 28.4911 ], [ -17.8748, 28.4913 ], [ -17.8745, 28.4912 ], [ -17.8747, 28.4911 ] ] ], [ [ [ -17.8759, 28.494 ], [ -17.8762, 28.494 ], [ -17.876, 28.4941 ], [ -17.8759, 28.494 ] ] ], [ [ [ -17.8159, 28.4956 ], [ -17.8158, 28.4955 ], [ -17.8159, 28.4954 ], [ -17.8159, 28.4956 ] ] ], [ [ [ -17.8141, 28.4972 ], [ -17.8142, 28.4973 ], [ -17.8139, 28.4973 ], [ -17.8141, 28.4972 ] ] ], [ [ [ -17.8767, 28.502 ], [ -17.8764, 28.502 ], [ -17.8766, 28.5019 ], [ -17.8767, 28.502 ] ] ], [ [ [ -17.8077, 28.5032 ], [ -17.8075, 28.5033 ], [ -17.8075, 28.5032 ], [ -17.8077, 28.5032 ] ] ], [ [ [ -17.8765, 28.5064 ], [ -17.8765, 28.5063 ], [ -17.8768, 28.5064 ], [ -17.8765, 28.5064 ] ] ], [ [ [ -17.8049, 28.5088 ], [ -17.8053, 28.5087 ], [ -17.8053, 28.5089 ], [ -17.8049, 28.5088 ] ] ], [ [ [ -17.8039, 28.5103 ], [ -17.8043, 28.5103 ], [ -17.8041, 28.5105 ], [ -17.8039, 28.5103 ] ] ], [ [ [ -17.878, 28.5151 ], [ -17.8781, 28.5151 ], [ -17.878, 28.5153 ], [ -17.878, 28.5151 ] ] ], [ [ [ -17.878, 28.5162 ], [ -17.8787, 28.5163 ], [ -17.8785, 28.5163 ], [ -17.878, 28.5162 ] ] ], [ [ [ -17.8768, 28.5166 ], [ -17.877, 28.5166 ], [ -17.877, 28.5167 ], [ -17.8768, 28.5166 ] ] ], [ [ [ -17.8784, 28.5168 ], [ -17.878, 28.5166 ], [ -17.8787, 28.5166 ], [ -17.8784, 28.5168 ] ] ], [ [ [ -17.8765, 28.5168 ], [ -17.8765, 28.5167 ], [ -17.8767, 28.5168 ], [ -17.8765, 28.5168 ] ] ], [ [ [ -17.8784, 28.5175 ], [ -17.8783, 28.5176 ], [ -17.8782, 28.5175 ], [ -17.8784, 28.5175 ] ] ], [ [ [ -17.8772, 28.5174 ], [ -17.8775, 28.5174 ], [ -17.8775, 28.5175 ], [ -17.8772, 28.5174 ] ] ], [ [ [ -17.8774, 28.5183 ], [ -17.8776, 28.5183 ], [ -17.8774, 28.5184 ], [ -17.8774, 28.5183 ] ] ], [ [ [ -17.8792, 28.522 ], [ -17.8791, 28.5221 ], [ -17.879, 28.522 ], [ -17.8792, 28.522 ] ] ], [ [ [ -17.8802, 28.5251 ], [ -17.8794, 28.5245 ], [ -17.8795, 28.5244 ], [ -17.8802, 28.5251 ] ] ], [ [ [ -17.8807, 28.5336 ], [ -17.8808, 28.5337 ], [ -17.8804, 28.5337 ], [ -17.8807, 28.5336 ] ] ], [ [ [ -17.8538, 28.8335 ], [ -17.8538, 28.8336 ], [ -17.8535, 28.8338 ], [ -17.8538, 28.8335 ] ] ], [ [ [ -17.853, 28.8341 ], [ -17.8532, 28.8338 ], [ -17.8538, 28.8344 ], [ -17.853, 28.8341 ] ] ], [ [ [ -17.8614, 28.8355 ], [ -17.8613, 28.8355 ], [ -17.8612, 28.8354 ], [ -17.8614, 28.8355 ] ] ], [ [ [ -17.8499, 28.8358 ], [ -17.85, 28.8355 ], [ -17.8501, 28.8356 ], [ -17.8499, 28.8358 ] ] ], [ [ [ -17.8465, 28.8357 ], [ -17.8466, 28.836 ], [ -17.8464, 28.8358 ], [ -17.8465, 28.8357 ] ] ], [ [ [ -17.8428, 28.8371 ], [ -17.8427, 28.8372 ], [ -17.8426, 28.8369 ], [ -17.8428, 28.8371 ] ] ], [ [ [ -17.8751, 28.8374 ], [ -17.875, 28.8373 ], [ -17.8751, 28.8372 ], [ -17.8751, 28.8374 ] ] ], [ [ [ -17.8766, 28.8382 ], [ -17.8767, 28.8381 ], [ -17.8768, 28.8381 ], [ -17.8766, 28.8382 ] ] ], [ [ [ -17.879, 28.8388 ], [ -17.8789, 28.8389 ], [ -17.8788, 28.8384 ], [ -17.879, 28.8388 ] ] ], [ [ [ -17.8072, 28.844 ], [ -17.8071, 28.8438 ], [ -17.8073, 28.8437 ], [ -17.8072, 28.844 ] ] ], [ [ [ -17.8973, 28.8442 ], [ -17.8974, 28.8441 ], [ -17.8974, 28.8443 ], [ -17.8973, 28.8442 ] ] ], [ [ [ -17.3297, 28.0804 ], [ -17.3296, 28.0804 ], [ -17.3296, 28.0803 ], [ -17.3297, 28.0804 ] ] ], [ [ [ -17.3383, 28.0843 ], [ -17.3384, 28.0843 ], [ -17.3383, 28.0844 ], [ -17.3383, 28.0843 ] ] ], [ [ [ -17.3398, 28.0867 ], [ -17.3398, 28.0868 ], [ -17.3397, 28.0868 ], [ -17.3398, 28.0867 ] ] ], [ [ [ -17.3476, 28.1131 ], [ -17.3476, 28.1133 ], [ -17.3475, 28.1132 ], [ -17.3476, 28.1131 ] ] ], [ [ [ -17.3341, 28.0794 ], [ -17.3345, 28.0822 ], [ -17.3396, 28.086 ], [ -17.3397, 28.0868 ], [ -17.3398, 28.0902 ], [ -17.3418, 28.0944 ], [ -17.349, 28.0984 ], [ -17.3411, 28.1314 ], [ -17.3427, 28.1403 ], [ -17.3464, 28.1431 ], [ -17.346, 28.1444 ], [ -17.3441, 28.1497 ], [ -17.3448, 28.1506 ], [ -17.3457, 28.152 ], [ -17.3429, 28.1523 ], [ -17.3346, 28.1628 ], [ -17.3366, 28.166 ], [ -17.3363, 28.1661 ], [ -17.3361, 28.1662 ], [ -17.3361, 28.1666 ], [ -17.336, 28.1669 ], [ -17.3366, 28.1687 ], [ -17.3354, 28.1701 ], [ -17.3359, 28.1723 ], [ -17.3371, 28.1735 ], [ -17.3365, 28.1747 ], [ -17.3343, 28.1755 ], [ -17.3323, 28.178 ], [ -17.3327, 28.1799 ], [ -17.3287, 28.1846 ], [ -17.3286, 28.1879 ], [ -17.3249, 28.1884 ], [ -17.3216, 28.1917 ], [ -17.3229, 28.1978 ], [ -17.3185, 28.2011 ], [ -17.3186, 28.2036 ], [ -17.2932, 28.2072 ], [ -17.2818, 28.2112 ], [ -17.2786, 28.2139 ], [ -17.2786, 28.2169 ], [ -17.2762, 28.218 ], [ -17.275, 28.2177 ], [ -17.2753, 28.2158 ], [ -17.2748, 28.2155 ], [ -17.2732, 28.2143 ], [ -17.2606, 28.2179 ], [ -17.2605, 28.2134 ], [ -17.2528, 28.2093 ], [ -17.2541, 28.2076 ], [ -17.2526, 28.2036 ], [ -17.2448, 28.2008 ], [ -17.2355, 28.2039 ], [ -17.2334, 28.2004 ], [ -17.2296, 28.2029 ], [ -17.2259, 28.2 ], [ -17.2154, 28.1996 ], [ -17.211, 28.2021 ], [ -17.2063, 28.1969 ], [ -17.1961, 28.2001 ], [ -17.1968, 28.198 ], [ -17.1928, 28.1932 ], [ -17.1858, 28.1881 ], [ -17.1834, 28.18 ], [ -17.176, 28.1774 ], [ -17.1678, 28.1808 ], [ -17.1661, 28.1726 ], [ -17.1556, 28.1734 ], [ -17.1505, 28.1633 ], [ -17.1186, 28.1535 ], [ -17.1108, 28.1416 ], [ -17.1135, 28.1344 ], [ -17.1034, 28.1283 ], [ -17.1058, 28.1233 ], [ -17.1061, 28.1227 ], [ -17.1039, 28.1142 ], [ -17.1013, 28.1143 ], [ -17.1059, 28.1108 ], [ -17.1043, 28.1037 ], [ -17.0985, 28.0957 ], [ -17.1054, 28.0911 ], [ -17.1044, 28.0895 ], [ -17.1054, 28.0893 ], [ -17.106, 28.0877 ], [ -17.1068, 28.0878 ], [ -17.1087, 28.0838 ], [ -17.1097, 28.0824 ], [ -17.1074, 28.0893 ], [ -17.1121, 28.0884 ], [ -17.1181, 28.0754 ], [ -17.1282, 28.0738 ], [ -17.1419, 28.0643 ], [ -17.1447, 28.0607 ], [ -17.1454, 28.0542 ], [ -17.1524, 28.0551 ], [ -17.1676, 28.0427 ], [ -17.1688, 28.0355 ], [ -17.1738, 28.0393 ], [ -17.1798, 28.038 ], [ -17.1986, 28.0239 ], [ -17.2281, 28.0266 ], [ -17.2434, 28.0199 ], [ -17.2702, 28.0253 ], [ -17.2731, 28.0289 ], [ -17.2727, 28.0352 ], [ -17.2733, 28.0361 ], [ -17.281, 28.0387 ], [ -17.2866, 28.0392 ], [ -17.2894, 28.038 ], [ -17.2915, 28.0469 ], [ -17.3114, 28.0528 ], [ -17.3195, 28.0588 ], [ -17.3204, 28.0758 ], [ -17.3296, 28.0809 ], [ -17.3341, 28.0794 ] ] ], [ [ [ -17.3461, 28.1228 ], [ -17.3459, 28.1228 ], [ -17.346, 28.1227 ], [ -17.3461, 28.1228 ] ] ], [ [ [ -17.3418, 28.1294 ], [ -17.3418, 28.1295 ], [ -17.3417, 28.1295 ], [ -17.3418, 28.1294 ] ] ], [ [ [ -17.3434, 28.1389 ], [ -17.3435, 28.139 ], [ -17.3429, 28.139 ], [ -17.3434, 28.1389 ] ] ], [ [ [ -17.3435, 28.1395 ], [ -17.3437, 28.1395 ], [ -17.3435, 28.1396 ], [ -17.3435, 28.1395 ] ] ], [ [ [ -17.3462, 28.1445 ], [ -17.346, 28.1444 ], [ -17.3461, 28.1444 ], [ -17.3462, 28.1445 ] ] ], [ [ [ -17.3466, 28.1468 ], [ -17.3465, 28.1469 ], [ -17.3463, 28.1468 ], [ -17.3466, 28.1468 ] ] ], [ [ [ -17.3449, 28.1504 ], [ -17.345, 28.1505 ], [ -17.3448, 28.1506 ], [ -17.3449, 28.1504 ] ] ], [ [ [ -17.345, 28.1506 ], [ -17.3452, 28.1507 ], [ -17.3451, 28.1508 ], [ -17.345, 28.1506 ] ] ], [ [ [ -17.3463, 28.152 ], [ -17.3462, 28.1519 ], [ -17.3463, 28.1518 ], [ -17.3463, 28.152 ] ] ], [ [ [ -17.342, 28.1548 ], [ -17.3421, 28.1549 ], [ -17.342, 28.155 ], [ -17.342, 28.1548 ] ] ], [ [ [ -17.3422, 28.1559 ], [ -17.3425, 28.156 ], [ -17.3422, 28.156 ], [ -17.3422, 28.1559 ] ] ], [ [ [ -17.3371, 28.1617 ], [ -17.3372, 28.1617 ], [ -17.3371, 28.1619 ], [ -17.3371, 28.1617 ] ] ], [ [ [ -17.3362, 28.1667 ], [ -17.3361, 28.1666 ], [ -17.3362, 28.1666 ], [ -17.3362, 28.1667 ] ] ], [ [ [ -17.3362, 28.1712 ], [ -17.3363, 28.1712 ], [ -17.3362, 28.1713 ], [ -17.3362, 28.1712 ] ] ], [ [ [ -17.3354, 28.1755 ], [ -17.3353, 28.1756 ], [ -17.3353, 28.1755 ], [ -17.3354, 28.1755 ] ] ], [ [ [ -17.3315, 28.1819 ], [ -17.3315, 28.182 ], [ -17.3313, 28.182 ], [ -17.3315, 28.1819 ] ] ], [ [ [ -17.3297, 28.1843 ], [ -17.3297, 28.1845 ], [ -17.3296, 28.1844 ], [ -17.3297, 28.1843 ] ] ], [ [ [ -17.3301, 28.1862 ], [ -17.3298, 28.1861 ], [ -17.3298, 28.186 ], [ -17.3301, 28.1862 ] ] ], [ [ [ -17.3299, 28.187 ], [ -17.3298, 28.1868 ], [ -17.3301, 28.1868 ], [ -17.3299, 28.187 ] ] ], [ [ [ -17.3296, 28.189 ], [ -17.3298, 28.189 ], [ -17.3297, 28.1891 ], [ -17.3296, 28.189 ] ] ], [ [ [ -17.324, 28.1904 ], [ -17.3239, 28.1903 ], [ -17.3241, 28.1902 ], [ -17.324, 28.1904 ] ] ], [ [ [ -17.3231, 28.1912 ], [ -17.3231, 28.1911 ], [ -17.3233, 28.1912 ], [ -17.3231, 28.1912 ] ] ], [ [ [ -17.3228, 28.1971 ], [ -17.3233, 28.1971 ], [ -17.3233, 28.1972 ], [ -17.3228, 28.1971 ] ] ], [ [ [ -17.3188, 28.2018 ], [ -17.3189, 28.2018 ], [ -17.319, 28.202 ], [ -17.3188, 28.2018 ] ] ], [ [ [ -17.8017, 28.513 ], [ -17.8015, 28.513 ], [ -17.8019, 28.5127 ], [ -17.8017, 28.513 ] ] ], [ [ [ -17.7931, 28.5249 ], [ -17.7931, 28.525 ], [ -17.793, 28.525 ], [ -17.7931, 28.5249 ] ] ], [ [ [ -17.7798, 28.5473 ], [ -17.7803, 28.5475 ], [ -17.7799, 28.5477 ], [ -17.7798, 28.5473 ] ] ], [ [ [ -17.7806, 28.5478 ], [ -17.7805, 28.5475 ], [ -17.7807, 28.5475 ], [ -17.7806, 28.5478 ] ] ], [ [ [ -17.7569, 28.6504 ], [ -17.7571, 28.6504 ], [ -17.757, 28.6507 ], [ -17.7569, 28.6504 ] ] ], [ [ [ -17.7573, 28.6508 ], [ -17.7572, 28.6508 ], [ -17.7573, 28.6507 ], [ -17.7573, 28.6508 ] ] ], [ [ [ -17.7582, 28.653 ], [ -17.758, 28.6529 ], [ -17.7581, 28.6526 ], [ -17.7582, 28.653 ] ] ], [ [ [ -17.7596, 28.6536 ], [ -17.7597, 28.6537 ], [ -17.7592, 28.6539 ], [ -17.7596, 28.6536 ] ] ], [ [ [ -17.7599, 28.6582 ], [ -17.7599, 28.6584 ], [ -17.7598, 28.6583 ], [ -17.7599, 28.6582 ] ] ], [ [ [ -17.729, 28.7442 ], [ -17.7293, 28.744 ], [ -17.7293, 28.7441 ], [ -17.729, 28.7442 ] ] ], [ [ [ -17.7332, 28.7526 ], [ -17.7331, 28.7525 ], [ -17.7332, 28.7525 ], [ -17.7332, 28.7526 ] ] ], [ [ [ -17.732, 28.7529 ], [ -17.7325, 28.7526 ], [ -17.7325, 28.7528 ], [ -17.732, 28.7529 ] ] ], [ [ [ -17.7348, 28.7592 ], [ -17.7352, 28.7595 ], [ -17.735, 28.7596 ], [ -17.7348, 28.7592 ] ] ], [ [ [ -17.7436, 28.7662 ], [ -17.7436, 28.7663 ], [ -17.7432, 28.7662 ], [ -17.7436, 28.7662 ] ] ], [ [ [ -17.7444, 28.768 ], [ -17.7444, 28.7682 ], [ -17.7443, 28.7681 ], [ -17.7444, 28.768 ] ] ], [ [ [ -17.16, 28.0481 ], [ -17.16, 28.0478 ], [ -17.1601, 28.0478 ], [ -17.16, 28.0481 ] ] ], [ [ [ -17.1567, 28.0486 ], [ -17.1568, 28.0488 ], [ -17.1562, 28.0487 ], [ -17.1567, 28.0486 ] ] ], [ [ [ -17.1467, 28.0538 ], [ -17.1467, 28.0537 ], [ -17.1468, 28.0537 ], [ -17.1467, 28.0538 ] ] ], [ [ [ -17.1444, 28.0603 ], [ -17.1443, 28.0601 ], [ -17.1444, 28.0601 ], [ -17.1444, 28.0603 ] ] ], [ [ [ -17.1135, 28.0825 ], [ -17.1134, 28.0824 ], [ -17.1135, 28.0824 ], [ -17.1135, 28.0825 ] ] ], [ [ [ -17.1431, 28.162 ], [ -17.1431, 28.1623 ], [ -17.143, 28.1623 ], [ -17.1431, 28.162 ] ] ], [ [ [ -17.1432, 28.1627 ], [ -17.1431, 28.1628 ], [ -17.1431, 28.1624 ], [ -17.1432, 28.1627 ] ] ], [ [ [ -17.1478, 28.1631 ], [ -17.1478, 28.1632 ], [ -17.1477, 28.1633 ], [ -17.1478, 28.1631 ] ] ], [ [ [ -17.1512, 28.1665 ], [ -17.151, 28.1669 ], [ -17.1509, 28.1666 ], [ -17.1512, 28.1665 ] ] ], [ [ [ -17.1644, 28.1787 ], [ -17.1643, 28.1786 ], [ -17.1647, 28.1785 ], [ -17.1644, 28.1787 ] ] ], [ [ [ -17.1732, 28.179 ], [ -17.1733, 28.179 ], [ -17.1733, 28.1791 ], [ -17.1732, 28.179 ] ] ], [ [ [ -17.1716, 28.1795 ], [ -17.1719, 28.1795 ], [ -17.1715, 28.1797 ], [ -17.1716, 28.1795 ] ] ], [ [ [ -17.1932, 28.1968 ], [ -17.1931, 28.1968 ], [ -17.1931, 28.1967 ], [ -17.1932, 28.1968 ] ] ], [ [ [ -17.2072, 28.1986 ], [ -17.2069, 28.1985 ], [ -17.2069, 28.1983 ], [ -17.2072, 28.1986 ] ] ], [ [ [ -17.207, 28.1989 ], [ -17.2071, 28.1988 ], [ -17.2071, 28.1989 ], [ -17.207, 28.1989 ] ] ], [ [ [ -17.2258, 28.2007 ], [ -17.2257, 28.2008 ], [ -17.2257, 28.2006 ], [ -17.2258, 28.2007 ] ] ], [ [ [ -17.2138, 28.2015 ], [ -17.2136, 28.2015 ], [ -17.2137, 28.2014 ], [ -17.2138, 28.2015 ] ] ], [ [ [ -17.2118, 28.2024 ], [ -17.212, 28.2027 ], [ -17.2111, 28.2027 ], [ -17.2118, 28.2024 ] ] ], [ [ [ -17.2417, 28.203 ], [ -17.2415, 28.2031 ], [ -17.2414, 28.2028 ], [ -17.2417, 28.203 ] ] ], [ [ [ -17.2378, 28.2038 ], [ -17.2379, 28.2038 ], [ -17.2379, 28.204 ], [ -17.2378, 28.2038 ] ] ], [ [ [ -17.248, 28.2042 ], [ -17.2477, 28.2042 ], [ -17.2477, 28.2041 ], [ -17.248, 28.2042 ] ] ], [ [ [ -17.2538, 28.2073 ], [ -17.2539, 28.2074 ], [ -17.2538, 28.2075 ], [ -17.2537, 28.2074 ], [ -17.2538, 28.2073 ] ] ], [ [ [ -17.298, 28.2076 ], [ -17.2979, 28.2077 ], [ -17.2978, 28.2075 ], [ -17.298, 28.2076 ] ] ], [ [ [ -17.2929, 28.2086 ], [ -17.2928, 28.2085 ], [ -17.2929, 28.2085 ], [ -17.2929, 28.2086 ] ] ], [ [ [ -17.2923, 28.2086 ], [ -17.2924, 28.2085 ], [ -17.2924, 28.2086 ], [ -17.2923, 28.2086 ] ] ], [ [ [ -17.2926, 28.2089 ], [ -17.2928, 28.2087 ], [ -17.2928, 28.2088 ], [ -17.2926, 28.2089 ] ] ], [ [ [ -17.2924, 28.2089 ], [ -17.2925, 28.209 ], [ -17.2923, 28.209 ], [ -17.2924, 28.2089 ] ] ], [ [ [ -17.2993, 28.2092 ], [ -17.2993, 28.2089 ], [ -17.2996, 28.2089 ], [ -17.2993, 28.2092 ] ] ], [ [ [ -17.2924, 28.2092 ], [ -17.2923, 28.2091 ], [ -17.2925, 28.2092 ], [ -17.2924, 28.2092 ] ] ], [ [ [ -17.3005, 28.2096 ], [ -17.3006, 28.21 ], [ -17.2997, 28.2096 ], [ -17.3005, 28.2096 ] ] ], [ [ [ -17.291, 28.2099 ], [ -17.2908, 28.2098 ], [ -17.2911, 28.2098 ], [ -17.291, 28.2099 ] ] ], [ [ [ -17.2995, 28.2102 ], [ -17.2994, 28.2101 ], [ -17.2998, 28.2101 ], [ -17.2995, 28.2102 ] ] ], [ [ [ -17.2901, 28.2106 ], [ -17.2896, 28.2104 ], [ -17.2898, 28.2103 ], [ -17.2901, 28.2106 ] ] ], [ [ [ -17.285, 28.2112 ], [ -17.2848, 28.2113 ], [ -17.2848, 28.211 ], [ -17.285, 28.2112 ] ] ], [ [ [ -17.2577, 28.2126 ], [ -17.2578, 28.2126 ], [ -17.2578, 28.2127 ], [ -17.2577, 28.2126 ] ] ], [ [ [ -17.2813, 28.213 ], [ -17.2811, 28.213 ], [ -17.2813, 28.2129 ], [ -17.2813, 28.213 ] ] ], [ [ [ -17.2587, 28.2131 ], [ -17.2591, 28.2132 ], [ -17.2588, 28.2134 ], [ -17.2587, 28.2131 ] ] ], [ [ [ -17.2803, 28.2141 ], [ -17.28, 28.2142 ], [ -17.28, 28.2141 ], [ -17.2803, 28.2141 ] ] ], [ [ [ -17.2599, 28.2144 ], [ -17.2598, 28.2146 ], [ -17.2596, 28.2144 ], [ -17.2599, 28.2144 ] ] ], [ [ [ -17.279, 28.2146 ], [ -17.2789, 28.2147 ], [ -17.2789, 28.2146 ], [ -17.279, 28.2146 ] ] ], [ [ [ -17.2737, 28.2152 ], [ -17.2736, 28.2151 ], [ -17.2737, 28.215 ], [ -17.2737, 28.2152 ] ] ], [ [ [ -17.2748, 28.2155 ], [ -17.2749, 28.2156 ], [ -17.2743, 28.2156 ], [ -17.2748, 28.2155 ] ] ], [ [ [ -17.272, 28.2165 ], [ -17.2718, 28.2165 ], [ -17.2719, 28.2163 ], [ -17.272, 28.2165 ] ] ], [ [ [ -17.2673, 28.2175 ], [ -17.2671, 28.2175 ], [ -17.2672, 28.2173 ], [ -17.2673, 28.2175 ] ] ], [ [ [ -17.2719, 28.2174 ], [ -17.2716, 28.2175 ], [ -17.2717, 28.2173 ], [ -17.2719, 28.2174 ] ] ], [ [ [ -17.2716, 28.2185 ], [ -17.2693, 28.2184 ], [ -17.2706, 28.2176 ], [ -17.2716, 28.2185 ] ] ], [ [ [ -17.266, 28.2188 ], [ -17.2662, 28.2188 ], [ -17.2662, 28.2189 ], [ -17.266, 28.2188 ] ] ], [ [ [ -16.6566, 28.0053 ], [ -16.6563, 28.0054 ], [ -16.6563, 28.0053 ], [ -16.6566, 28.0053 ] ] ], [ [ [ -16.6237, 28.0182 ], [ -16.6235, 28.0183 ], [ -16.6235, 28.0181 ], [ -16.6237, 28.0182 ] ] ], [ [ [ -16.6451, 28.0037 ], [ -16.6646, 28.0087 ], [ -16.679, 27.9981 ], [ -16.7046, 28.0064 ], [ -16.7047, 28.0279 ], [ -16.7113, 28.0472 ], [ -16.7368, 28.0545 ], [ -16.7328, 28.0726 ], [ -16.7381, 28.0868 ], [ -16.779, 28.1197 ], [ -16.7818, 28.1272 ], [ -16.7866, 28.1304 ], [ -16.7866, 28.1346 ], [ -16.8043, 28.1578 ], [ -16.8069, 28.1745 ], [ -16.8196, 28.1807 ], [ -16.828, 28.1998 ], [ -16.8375, 28.2076 ], [ -16.8362, 28.2173 ], [ -16.8435, 28.2271 ], [ -16.8418, 28.2336 ], [ -16.8429, 28.2373 ], [ -16.8459, 28.2389 ], [ -16.8464, 28.2392 ], [ -16.8428, 28.2406 ], [ -16.8383, 28.253 ], [ -16.841, 28.2643 ], [ -16.8594, 28.2749 ], [ -16.8614, 28.2875 ], [ -16.8804, 28.3034 ], [ -16.8807, 28.3131 ], [ -16.8925, 28.3207 ], [ -16.8966, 28.3322 ], [ -16.926, 28.3419 ], [ -16.9206, 28.3429 ], [ -16.9228, 28.3558 ], [ -16.9204, 28.3561 ], [ -16.9173, 28.36 ], [ -16.9174, 28.3603 ], [ -16.9175, 28.3604 ], [ -16.9178, 28.3606 ], [ -16.9178, 28.3609 ], [ -16.9076, 28.3625 ], [ -16.906, 28.3631 ], [ -16.9065, 28.3641 ], [ -16.9058, 28.3637 ], [ -16.9049, 28.3644 ], [ -16.905, 28.3652 ], [ -16.8959, 28.3626 ], [ -16.8713, 28.371 ], [ -16.8329, 28.393 ], [ -16.8081, 28.376 ], [ -16.7516, 28.3707 ], [ -16.7469, 28.3739 ], [ -16.7341, 28.3824 ], [ -16.7308, 28.377 ], [ -16.7245, 28.377 ], [ -16.7194, 28.3877 ], [ -16.7131, 28.3838 ], [ -16.7012, 28.3836 ], [ -16.694, 28.3959 ], [ -16.6809, 28.3904 ], [ -16.6742, 28.402 ], [ -16.6581, 28.4015 ], [ -16.6531, 28.3958 ], [ -16.6035, 28.394 ], [ -16.5974, 28.4004 ], [ -16.593, 28.3977 ], [ -16.5879, 28.398 ], [ -16.5726, 28.4041 ], [ -16.5663, 28.4104 ], [ -16.566, 28.4128 ], [ -16.5623, 28.4111 ], [ -16.5547, 28.4189 ], [ -16.5331, 28.4167 ], [ -16.5205, 28.4176 ], [ -16.5186, 28.4199 ], [ -16.5151, 28.4188 ], [ -16.5119, 28.4196 ], [ -16.4971, 28.4386 ], [ -16.4875, 28.4375 ], [ -16.4768, 28.4407 ], [ -16.47, 28.4485 ], [ -16.4734, 28.455 ], [ -16.456, 28.4598 ], [ -16.4512, 28.4774 ], [ -16.4481, 28.4743 ], [ -16.445, 28.4746 ], [ -16.4432, 28.4768 ], [ -16.4445, 28.4804 ], [ -16.4287, 28.4892 ], [ -16.4199, 28.5122 ], [ -16.4216, 28.5177 ], [ -16.4212, 28.5178 ], [ -16.4192, 28.5184 ], [ -16.4122, 28.524 ], [ -16.4111, 28.5272 ], [ -16.3985, 28.5336 ], [ -16.3977, 28.5385 ], [ -16.3957, 28.5381 ], [ -16.3954, 28.5401 ], [ -16.3842, 28.5452 ], [ -16.3832, 28.5471 ], [ -16.3655, 28.5451 ], [ -16.3339, 28.5575 ], [ -16.3287, 28.5767 ], [ -16.321, 28.5788 ], [ -16.3187, 28.5779 ], [ -16.3174, 28.5737 ], [ -16.3164, 28.5728 ], [ -16.3167, 28.5722 ], [ -16.3163, 28.5717 ], [ -16.3158, 28.571 ], [ -16.3108, 28.5713 ], [ -16.3071, 28.5745 ], [ -16.3054, 28.5727 ], [ -16.3051, 28.5727 ], [ -16.3053, 28.5726 ], [ -16.3037, 28.5707 ], [ -16.2973, 28.569 ], [ -16.2884, 28.571 ], [ -16.2855, 28.5765 ], [ -16.2781, 28.5713 ], [ -16.2753, 28.5717 ], [ -16.2721, 28.5752 ], [ -16.2724, 28.5755 ], [ -16.2737, 28.5776 ], [ -16.2728, 28.578 ], [ -16.2696, 28.5763 ], [ -16.2571, 28.5694 ], [ -16.2289, 28.5661 ], [ -16.2285, 28.5661 ], [ -16.2284, 28.5661 ], [ -16.2283, 28.5661 ], [ -16.2231, 28.5654 ], [ -16.1927, 28.5721 ], [ -16.1581, 28.5887 ], [ -16.1565, 28.5879 ], [ -16.1543, 28.5868 ], [ -16.1359, 28.5828 ], [ -16.1337, 28.5803 ], [ -16.1344, 28.5788 ], [ -16.1352, 28.5774 ], [ -16.1341, 28.574 ], [ -16.1272, 28.5715 ], [ -16.1269, 28.5638 ], [ -16.1229, 28.5597 ], [ -16.1199, 28.5594 ], [ -16.1276, 28.546 ], [ -16.1296, 28.5365 ], [ -16.1257, 28.5321 ], [ -16.133, 28.535 ], [ -16.1393, 28.5311 ], [ -16.1433, 28.5214 ], [ -16.1673, 28.5185 ], [ -16.1958, 28.4965 ], [ -16.2112, 28.4929 ], [ -16.2027, 28.4991 ], [ -16.2252, 28.4837 ], [ -16.2197, 28.4894 ], [ -16.2371, 28.4855 ], [ -16.2462, 28.471 ], [ -16.2356, 28.479 ], [ -16.247, 28.4557 ], [ -16.2423, 28.466 ], [ -16.2428, 28.4681 ], [ -16.249, 28.4545 ], [ -16.2698, 28.4474 ], [ -16.3007, 28.4144 ], [ -16.3202, 28.4001 ], [ -16.3338, 28.4006 ], [ -16.3605, 28.3795 ], [ -16.3697, 28.3541 ], [ -16.3594, 28.32 ], [ -16.3617, 28.3044 ], [ -16.3755, 28.2921 ], [ -16.3836, 28.2849 ], [ -16.3873, 28.2645 ], [ -16.3947, 28.2581 ], [ -16.4247, 28.2046 ], [ -16.4209, 28.1985 ], [ -16.4302, 28.1736 ], [ -16.4249, 28.1683 ], [ -16.4315, 28.1646 ], [ -16.4344, 28.1556 ], [ -16.4252, 28.1502 ], [ -16.4491, 28.1345 ], [ -16.4631, 28.1205 ], [ -16.4639, 28.1117 ], [ -16.4722, 28.1083 ], [ -16.49, 28.0902 ], [ -16.4911, 28.0876 ], [ -16.4898, 28.0866 ], [ -16.4892, 28.0849 ], [ -16.4913, 28.0817 ], [ -16.4864, 28.0773 ], [ -16.4971, 28.0782 ], [ -16.4945, 28.0697 ], [ -16.5031, 28.077 ], [ -16.5226, 28.0528 ], [ -16.5412, 28.0421 ], [ -16.5431, 28.0366 ], [ -16.5397, 28.033 ], [ -16.5466, 28.0249 ], [ -16.5562, 28.0312 ], [ -16.5956, 28.0292 ], [ -16.6255, 28.0186 ], [ -16.6451, 28.0037 ] ] ], [ [ [ -16.738, 28.0836 ], [ -16.7379, 28.0833 ], [ -16.7383, 28.0837 ], [ -16.738, 28.0836 ] ] ], [ [ [ -16.7388, 28.0849 ], [ -16.7387, 28.0845 ], [ -16.7391, 28.085 ], [ -16.7388, 28.0849 ] ] ], [ [ [ -16.7398, 28.0867 ], [ -16.7394, 28.086 ], [ -16.7398, 28.0862 ], [ -16.7398, 28.0867 ] ] ], [ [ [ -17.105, 28.0889 ], [ -17.105, 28.0891 ], [ -17.1049, 28.0889 ], [ -17.105, 28.0889 ] ] ], [ [ [ -16.7439, 28.0902 ], [ -16.7436, 28.09 ], [ -16.7437, 28.09 ], [ -16.7439, 28.0902 ] ] ], [ [ [ -16.7457, 28.0907 ], [ -16.7456, 28.0909 ], [ -16.7448, 28.0906 ], [ -16.7457, 28.0907 ] ] ], [ [ [ -16.7488, 28.0922 ], [ -16.748, 28.0918 ], [ -16.7484, 28.0918 ], [ -16.7488, 28.0922 ] ] ], [ [ [ -16.762, 28.1 ], [ -16.7618, 28.0999 ], [ -16.7623, 28.0997 ], [ -16.762, 28.1 ] ] ], [ [ [ -16.761, 28.1002 ], [ -16.7616, 28.1001 ], [ -16.7612, 28.1004 ], [ -16.761, 28.1002 ] ] ], [ [ [ -17.1049, 28.1206 ], [ -17.1051, 28.1206 ], [ -17.105, 28.1208 ], [ -17.1049, 28.1206 ] ] ], [ [ [ -17.1056, 28.1223 ], [ -17.1057, 28.1223 ], [ -17.1058, 28.1224 ], [ -17.1056, 28.1223 ] ] ], [ [ [ -16.7806, 28.123 ], [ -16.7812, 28.1229 ], [ -16.781, 28.1234 ], [ -16.7806, 28.123 ] ] ], [ [ [ -17.1058, 28.1232 ], [ -17.1058, 28.1233 ], [ -17.1057, 28.1233 ], [ -17.1058, 28.1232 ] ] ], [ [ [ -16.7838, 28.1261 ], [ -16.7839, 28.126 ], [ -16.784, 28.1261 ], [ -16.7838, 28.1261 ] ] ], [ [ [ -16.828, 28.1954 ], [ -16.8274, 28.1955 ], [ -16.8275, 28.1954 ], [ -16.828, 28.1954 ] ] ], [ [ [ -16.8292, 28.1973 ], [ -16.8292, 28.1978 ], [ -16.8289, 28.1976 ], [ -16.8292, 28.1973 ] ] ], [ [ [ -16.8295, 28.1997 ], [ -16.83, 28.1998 ], [ -16.8298, 28.2001 ], [ -16.8295, 28.1997 ] ] ], [ [ [ -16.8468, 28.2388 ], [ -16.8468, 28.2383 ], [ -16.8469, 28.2383 ], [ -16.8468, 28.2388 ] ] ], [ [ [ -16.8465, 28.2385 ], [ -16.8464, 28.2389 ], [ -16.846, 28.2382 ], [ -16.8465, 28.2385 ] ] ], [ [ [ -16.8467, 28.2387 ], [ -16.8466, 28.2388 ], [ -16.8466, 28.2387 ], [ -16.8467, 28.2387 ] ] ], [ [ [ -16.843, 28.2412 ], [ -16.8436, 28.241 ], [ -16.8434, 28.2412 ], [ -16.843, 28.2412 ] ] ], [ [ [ -16.9247, 28.3425 ], [ -16.9246, 28.3424 ], [ -16.9249, 28.3424 ], [ -16.9247, 28.3425 ] ] ], [ [ [ -16.9208, 28.3568 ], [ -16.9207, 28.357 ], [ -16.9206, 28.3569 ], [ -16.9208, 28.3568 ] ] ], [ [ [ -16.9206, 28.3569 ], [ -16.9206, 28.357 ], [ -16.9205, 28.3569 ], [ -16.9206, 28.3569 ] ] ], [ [ [ -16.9176, 28.3603 ], [ -16.9177, 28.3603 ], [ -16.9175, 28.3604 ], [ -16.9176, 28.3603 ] ] ], [ [ [ -16.8805, 28.3691 ], [ -16.8804, 28.3693 ], [ -16.8803, 28.3689 ], [ -16.8805, 28.3691 ] ] ], [ [ [ -16.8849, 28.3691 ], [ -16.8847, 28.3693 ], [ -16.8846, 28.3691 ], [ -16.8849, 28.3691 ] ] ], [ [ [ -16.8839, 28.3698 ], [ -16.884, 28.37 ], [ -16.8839, 28.37 ], [ -16.8839, 28.3698 ] ] ], [ [ [ -16.7484, 28.3734 ], [ -16.7484, 28.3733 ], [ -16.7486, 28.3733 ], [ -16.7484, 28.3734 ] ] ], [ [ [ -16.7468, 28.374 ], [ -16.7469, 28.3739 ], [ -16.7469, 28.3742 ], [ -16.7468, 28.374 ] ] ], [ [ [ -16.778, 28.3742 ], [ -16.7788, 28.3742 ], [ -16.7786, 28.3744 ], [ -16.778, 28.3742 ] ] ], [ [ [ -16.7816, 28.3759 ], [ -16.782, 28.3755 ], [ -16.7821, 28.3758 ], [ -16.7816, 28.3759 ] ] ], [ [ [ -16.7453, 28.376 ], [ -16.7453, 28.3761 ], [ -16.7452, 28.376 ], [ -16.7453, 28.376 ] ] ], [ [ [ -16.7438, 28.3764 ], [ -16.7438, 28.3769 ], [ -16.7435, 28.3765 ], [ -16.7438, 28.3764 ] ] ], [ [ [ -16.7436, 28.377 ], [ -16.7436, 28.3769 ], [ -16.7437, 28.3769 ], [ -16.7436, 28.377 ] ] ], [ [ [ -16.7304, 28.3782 ], [ -16.7306, 28.3779 ], [ -16.7307, 28.378 ], [ -16.7304, 28.3782 ] ] ], [ [ [ -16.7414, 28.3787 ], [ -16.7412, 28.3786 ], [ -16.7413, 28.3785 ], [ -16.7414, 28.3787 ] ] ], [ [ [ -16.86, 28.3794 ], [ -16.8597, 28.3796 ], [ -16.8598, 28.3793 ], [ -16.86, 28.3794 ] ] ], [ [ [ -16.763, 28.3805 ], [ -16.7617, 28.3801 ], [ -16.762, 28.3783 ], [ -16.763, 28.3805 ] ] ], [ [ [ -16.741, 28.3802 ], [ -16.7409, 28.3802 ], [ -16.741, 28.3801 ], [ -16.741, 28.3802 ] ] ], [ [ [ -16.8575, 28.3803 ], [ -16.8573, 28.38 ], [ -16.8574, 28.38 ], [ -16.8575, 28.3803 ] ] ], [ [ [ -16.7261, 28.38 ], [ -16.7261, 28.3803 ], [ -16.726, 28.3802 ], [ -16.7261, 28.38 ] ] ], [ [ [ -16.8572, 28.3803 ], [ -16.8573, 28.3804 ], [ -16.8571, 28.3804 ], [ -16.8572, 28.3803 ] ] ], [ [ [ -16.8579, 28.3805 ], [ -16.8578, 28.3806 ], [ -16.8577, 28.3802 ], [ -16.8579, 28.3805 ] ] ], [ [ [ -16.8558, 28.3811 ], [ -16.856, 28.3815 ], [ -16.8558, 28.3815 ], [ -16.8558, 28.3811 ] ] ], [ [ [ -16.7242, 28.3833 ], [ -16.7243, 28.3833 ], [ -16.7243, 28.3834 ], [ -16.7242, 28.3833 ] ] ], [ [ [ -16.7238, 28.384 ], [ -16.7237, 28.3837 ], [ -16.7239, 28.3838 ], [ -16.7238, 28.384 ] ] ], [ [ [ -16.7235, 28.3842 ], [ -16.7238, 28.3842 ], [ -16.7237, 28.3843 ], [ -16.7235, 28.3842 ] ] ], [ [ [ -16.8535, 28.385 ], [ -16.8533, 28.3851 ], [ -16.8533, 28.3848 ], [ -16.8535, 28.385 ] ] ], [ [ [ -16.7133, 28.3849 ], [ -16.7134, 28.3848 ], [ -16.7136, 28.385 ], [ -16.7133, 28.3849 ] ] ], [ [ [ -16.7194, 28.3881 ], [ -16.7193, 28.3879 ], [ -16.7197, 28.3879 ], [ -16.7194, 28.3881 ] ] ], [ [ [ -16.8476, 28.3885 ], [ -16.8477, 28.3889 ], [ -16.8475, 28.3888 ], [ -16.8476, 28.3885 ] ] ], [ [ [ -16.8257, 28.3924 ], [ -16.826, 28.3925 ], [ -16.8259, 28.3926 ], [ -16.8257, 28.3924 ] ] ], [ [ [ -16.6941, 28.3962 ], [ -16.6941, 28.396 ], [ -16.6942, 28.3962 ], [ -16.6941, 28.3962 ] ] ], [ [ [ -16.6938, 28.3963 ], [ -16.6938, 28.3964 ], [ -16.6936, 28.3963 ], [ -16.6938, 28.3963 ] ] ], [ [ [ -16.6342, 28.3964 ], [ -16.6342, 28.3963 ], [ -16.6343, 28.3964 ], [ -16.6342, 28.3964 ] ] ], [ [ [ -16.6952, 28.3966 ], [ -16.695, 28.3965 ], [ -16.6952, 28.3964 ], [ -16.6952, 28.3966 ] ] ], [ [ [ -16.6492, 28.3966 ], [ -16.6492, 28.3968 ], [ -16.6489, 28.3965 ], [ -16.6492, 28.3966 ] ] ], [ [ [ -16.6487, 28.3971 ], [ -16.6482, 28.3968 ], [ -16.6485, 28.3965 ], [ -16.6487, 28.3971 ] ] ], [ [ [ -16.6323, 28.3969 ], [ -16.6323, 28.3971 ], [ -16.6322, 28.3971 ], [ -16.6323, 28.3969 ] ] ], [ [ [ -16.6777, 28.3983 ], [ -16.6778, 28.3985 ], [ -16.6777, 28.3985 ], [ -16.6777, 28.3983 ] ] ], [ [ [ -16.6234, 28.0177 ], [ -16.6235, 28.0179 ], [ -16.6234, 28.0179 ], [ -16.6234, 28.0177 ] ] ], [ [ [ -16.6223, 28.0183 ], [ -16.6222, 28.0182 ], [ -16.6224, 28.0182 ], [ -16.6223, 28.0183 ] ] ], [ [ [ -16.5823, 28.0287 ], [ -16.5823, 28.0288 ], [ -16.5822, 28.0288 ], [ -16.5823, 28.0287 ] ] ], [ [ [ -16.5412, 28.0356 ], [ -16.541, 28.0355 ], [ -16.5412, 28.0353 ], [ -16.5412, 28.0356 ] ] ], [ [ [ -16.4871, 28.0915 ], [ -16.487, 28.0916 ], [ -16.487, 28.0915 ], [ -16.4871, 28.0915 ] ] ], [ [ [ -16.4864, 28.0924 ], [ -16.4865, 28.0924 ], [ -16.4864, 28.0925 ], [ -16.4864, 28.0924 ] ] ], [ [ [ -16.4624, 28.1134 ], [ -16.4624, 28.1132 ], [ -16.4626, 28.1134 ], [ -16.4624, 28.1134 ] ] ], [ [ [ -16.4609, 28.1212 ], [ -16.4608, 28.1212 ], [ -16.4608, 28.1211 ], [ -16.4609, 28.1212 ] ] ], [ [ [ -16.4457, 28.1344 ], [ -16.4459, 28.1344 ], [ -16.4458, 28.1345 ], [ -16.4457, 28.1344 ] ] ], [ [ [ -16.432, 28.1425 ], [ -16.4322, 28.1425 ], [ -16.432, 28.1426 ], [ -16.432, 28.1425 ] ] ], [ [ [ -16.4294, 28.1441 ], [ -16.4295, 28.1439 ], [ -16.4296, 28.144 ], [ -16.4294, 28.1441 ] ] ], [ [ [ -16.4282, 28.1526 ], [ -16.4281, 28.1525 ], [ -16.4283, 28.1524 ], [ -16.4282, 28.1526 ] ] ], [ [ [ -16.428, 28.1527 ], [ -16.4278, 28.1527 ], [ -16.4278, 28.1526 ], [ -16.428, 28.1527 ] ] ], [ [ [ -16.4319, 28.16 ], [ -16.4322, 28.16 ], [ -16.4321, 28.1601 ], [ -16.4319, 28.16 ] ] ], [ [ [ -16.6162, 28.3959 ], [ -16.6163, 28.3958 ], [ -16.6164, 28.396 ], [ -16.6162, 28.3959 ] ] ], [ [ [ -16.6219, 28.3971 ], [ -16.6218, 28.3971 ], [ -16.6218, 28.397 ], [ -16.6219, 28.3971 ] ] ], [ [ [ -16.5943, 28.3999 ], [ -16.5943, 28.3997 ], [ -16.5945, 28.3998 ], [ -16.5943, 28.3999 ] ] ], [ [ [ -16.5951, 28.4004 ], [ -16.5949, 28.4001 ], [ -16.5951, 28.4002 ], [ -16.5951, 28.4004 ] ] ], [ [ [ -16.5959, 28.4005 ], [ -16.5962, 28.4007 ], [ -16.5958, 28.4008 ], [ -16.5959, 28.4005 ] ] ], [ [ [ -16.5802, 28.4037 ], [ -16.5801, 28.4038 ], [ -16.5801, 28.4036 ], [ -16.5802, 28.4037 ] ] ], [ [ [ -16.5731, 28.4042 ], [ -16.5732, 28.4041 ], [ -16.5733, 28.4044 ], [ -16.5731, 28.4042 ] ] ], [ [ [ -16.5747, 28.4046 ], [ -16.5745, 28.4045 ], [ -16.5746, 28.4043 ], [ -16.5747, 28.4046 ] ] ], [ [ [ -16.5739, 28.4043 ], [ -16.574, 28.4044 ], [ -16.5736, 28.4047 ], [ -16.5739, 28.4043 ] ] ], [ [ [ -16.5761, 28.4059 ], [ -16.5761, 28.4057 ], [ -16.5762, 28.4058 ], [ -16.5761, 28.4059 ] ] ], [ [ [ -16.5665, 28.412 ], [ -16.5666, 28.4118 ], [ -16.5668, 28.4119 ], [ -16.5665, 28.412 ] ] ], [ [ [ -16.5312, 28.418 ], [ -16.5312, 28.4178 ], [ -16.5313, 28.418 ], [ -16.5312, 28.418 ] ] ], [ [ [ -16.521, 28.4179 ], [ -16.5211, 28.4181 ], [ -16.521, 28.418 ], [ -16.521, 28.4179 ] ] ], [ [ [ -16.5298, 28.4182 ], [ -16.5297, 28.4181 ], [ -16.5298, 28.4181 ], [ -16.5298, 28.4182 ] ] ], [ [ [ -16.5277, 28.4183 ], [ -16.5277, 28.4182 ], [ -16.5278, 28.4182 ], [ -16.5277, 28.4183 ] ] ], [ [ [ -16.522, 28.4183 ], [ -16.522, 28.4184 ], [ -16.5219, 28.4183 ], [ -16.522, 28.4183 ] ] ], [ [ [ -16.5224, 28.4187 ], [ -16.5222, 28.4188 ], [ -16.522, 28.4187 ], [ -16.5224, 28.4187 ] ] ], [ [ [ -16.5139, 28.4195 ], [ -16.5139, 28.4193 ], [ -16.514, 28.4193 ], [ -16.5139, 28.4195 ] ] ], [ [ [ -16.5188, 28.4205 ], [ -16.5189, 28.4204 ], [ -16.5189, 28.4205 ], [ -16.5188, 28.4205 ] ] ], [ [ [ -16.4869, 28.4401 ], [ -16.4865, 28.4394 ], [ -16.4872, 28.4396 ], [ -16.4869, 28.4401 ] ] ], [ [ [ -16.4952, 28.4415 ], [ -16.4951, 28.4411 ], [ -16.4953, 28.4412 ], [ -16.4952, 28.4415 ] ] ], [ [ [ -16.4756, 28.4429 ], [ -16.4756, 28.443 ], [ -16.4754, 28.4428 ], [ -16.4756, 28.4429 ] ] ], [ [ [ -16.4752, 28.4442 ], [ -16.475, 28.4441 ], [ -16.4751, 28.444 ], [ -16.4752, 28.4442 ] ] ], [ [ [ -16.459, 28.4603 ], [ -16.4591, 28.4603 ], [ -16.4591, 28.4606 ], [ -16.459, 28.4603 ] ] ], [ [ [ -16.4477, 28.4753 ], [ -16.4478, 28.4757 ], [ -16.4477, 28.4757 ], [ -16.4477, 28.4753 ] ] ], [ [ [ -16.4516, 28.4771 ], [ -16.4516, 28.4774 ], [ -16.4514, 28.4772 ], [ -16.4516, 28.4771 ] ] ], [ [ [ -16.445, 28.4793 ], [ -16.4456, 28.4798 ], [ -16.4454, 28.4798 ], [ -16.445, 28.4793 ] ] ], [ [ [ -16.4274, 28.4944 ], [ -16.4272, 28.4942 ], [ -16.4274, 28.4942 ], [ -16.4274, 28.4944 ] ] ], [ [ [ -16.4272, 28.4991 ], [ -16.4273, 28.4992 ], [ -16.4272, 28.4993 ], [ -16.4272, 28.4991 ] ] ], [ [ [ -16.4293, 28.5004 ], [ -16.4289, 28.5004 ], [ -16.4292, 28.5002 ], [ -16.4293, 28.5004 ] ] ], [ [ [ -16.4133, 28.2175 ], [ -16.4137, 28.2178 ], [ -16.4134, 28.2181 ], [ -16.4133, 28.2175 ] ] ], [ [ [ -16.4085, 28.2296 ], [ -16.4085, 28.2294 ], [ -16.4087, 28.2296 ], [ -16.4085, 28.2296 ] ] ], [ [ [ -16.3961, 28.2522 ], [ -16.3959, 28.2523 ], [ -16.3959, 28.2521 ], [ -16.3961, 28.2522 ] ] ], [ [ [ -16.3777, 28.2886 ], [ -16.3781, 28.2883 ], [ -16.3778, 28.2888 ], [ -16.3777, 28.2886 ] ] ], [ [ [ -16.3765, 28.2905 ], [ -16.3772, 28.2896 ], [ -16.3772, 28.2898 ], [ -16.3765, 28.2905 ] ] ], [ [ [ -16.3758, 28.2913 ], [ -16.3761, 28.2911 ], [ -16.3755, 28.2921 ], [ -16.3758, 28.2913 ] ] ], [ [ [ -16.4267, 28.4965 ], [ -16.4267, 28.4966 ], [ -16.4266, 28.4965 ], [ -16.4267, 28.4965 ] ] ], [ [ [ -16.4266, 28.5003 ], [ -16.4264, 28.5005 ], [ -16.4264, 28.5003 ], [ -16.4266, 28.5003 ] ] ], [ [ [ -16.4254, 28.5044 ], [ -16.4251, 28.5043 ], [ -16.4252, 28.5041 ], [ -16.4254, 28.5044 ] ] ], [ [ [ -16.4237, 28.5061 ], [ -16.4238, 28.5062 ], [ -16.4236, 28.5061 ], [ -16.4237, 28.5061 ] ] ], [ [ [ -16.4236, 28.5079 ], [ -16.4235, 28.5077 ], [ -16.4237, 28.5077 ], [ -16.4236, 28.5079 ] ] ], [ [ [ -16.4225, 28.5098 ], [ -16.4224, 28.5095 ], [ -16.4232, 28.5098 ], [ -16.4225, 28.5098 ] ] ], [ [ [ -16.4215, 28.5118 ], [ -16.4214, 28.5116 ], [ -16.4216, 28.5116 ], [ -16.4215, 28.5118 ] ] ], [ [ [ -16.422, 28.5174 ], [ -16.4223, 28.5174 ], [ -16.4222, 28.5175 ], [ -16.422, 28.5174 ] ] ], [ [ [ -16.4213, 28.5181 ], [ -16.4212, 28.5178 ], [ -16.4215, 28.5178 ], [ -16.4213, 28.5181 ] ] ], [ [ [ -16.422, 28.5179 ], [ -16.4221, 28.5179 ], [ -16.422, 28.5182 ], [ -16.422, 28.5179 ] ] ], [ [ [ -16.4203, 28.5188 ], [ -16.4204, 28.5189 ], [ -16.4203, 28.519 ], [ -16.4203, 28.5188 ] ] ], [ [ [ -16.419, 28.5193 ], [ -16.4189, 28.5192 ], [ -16.419, 28.5192 ], [ -16.419, 28.5193 ] ] ], [ [ [ -16.4186, 28.5199 ], [ -16.4185, 28.5197 ], [ -16.419, 28.5198 ], [ -16.4186, 28.5199 ] ] ], [ [ [ -16.3985, 28.5341 ], [ -16.3985, 28.534 ], [ -16.3986, 28.534 ], [ -16.3985, 28.5341 ] ] ], [ [ [ -16.3843, 28.5462 ], [ -16.3843, 28.5461 ], [ -16.3844, 28.5461 ], [ -16.3843, 28.5462 ] ] ], [ [ [ -16.3681, 28.5468 ], [ -16.368, 28.5468 ], [ -16.3681, 28.5467 ], [ -16.3681, 28.5468 ] ] ], [ [ [ -16.3645, 28.5479 ], [ -16.3644, 28.5476 ], [ -16.3645, 28.5476 ], [ -16.3645, 28.5479 ] ] ], [ [ [ -16.3636, 28.5481 ], [ -16.3636, 28.548 ], [ -16.3637, 28.5481 ], [ -16.3636, 28.5481 ] ] ], [ [ [ -16.3715, 28.5481 ], [ -16.3715, 28.5482 ], [ -16.3714, 28.5482 ], [ -16.3715, 28.5481 ] ] ], [ [ [ -16.3585, 28.5489 ], [ -16.3586, 28.5488 ], [ -16.3586, 28.549 ], [ -16.3585, 28.5489 ] ] ], [ [ [ -16.362, 28.5492 ], [ -16.362, 28.5493 ], [ -16.3617, 28.5493 ], [ -16.362, 28.5492 ] ] ], [ [ [ -16.3586, 28.5492 ], [ -16.3588, 28.5493 ], [ -16.3587, 28.5494 ], [ -16.3586, 28.5492 ] ] ], [ [ [ -16.3571, 28.5498 ], [ -16.3572, 28.5497 ], [ -16.3574, 28.5499 ], [ -16.3571, 28.5498 ] ] ], [ [ [ -16.3534, 28.5533 ], [ -16.3533, 28.5533 ], [ -16.3533, 28.5531 ], [ -16.3534, 28.5533 ] ] ], [ [ [ -16.3469, 28.5548 ], [ -16.3468, 28.5549 ], [ -16.3468, 28.5547 ], [ -16.3469, 28.5548 ] ] ], [ [ [ -16.3465, 28.5549 ], [ -16.3466, 28.5549 ], [ -16.3466, 28.5551 ], [ -16.3465, 28.5549 ] ] ], [ [ [ -16.3163, 28.5717 ], [ -16.3161, 28.5719 ], [ -16.3161, 28.5718 ], [ -16.3163, 28.5717 ] ] ], [ [ [ -16.3108, 28.572 ], [ -16.3107, 28.572 ], [ -16.3107, 28.5719 ], [ -16.3108, 28.572 ] ] ], [ [ [ -16.316, 28.5727 ], [ -16.3162, 28.5726 ], [ -16.3162, 28.5728 ], [ -16.316, 28.5727 ] ] ], [ [ [ -16.3097, 28.5728 ], [ -16.31, 28.573 ], [ -16.3099, 28.573 ], [ -16.3097, 28.5728 ] ] ], [ [ [ -16.3162, 28.5728 ], [ -16.3164, 28.573 ], [ -16.3162, 28.5733 ], [ -16.3162, 28.5728 ] ] ], [ [ [ -16.3087, 28.5739 ], [ -16.3085, 28.574 ], [ -16.3085, 28.5738 ], [ -16.3087, 28.5739 ] ] ], [ [ [ -16.3162, 28.5741 ], [ -16.316, 28.5741 ], [ -16.316, 28.574 ], [ -16.3162, 28.5741 ] ] ], [ [ [ -16.3322, 28.5743 ], [ -16.332, 28.5745 ], [ -16.332, 28.5744 ], [ -16.3322, 28.5743 ] ] ], [ [ [ -16.3162, 28.5745 ], [ -16.3164, 28.5744 ], [ -16.3164, 28.5745 ], [ -16.3162, 28.5745 ] ] ], [ [ [ -16.3167, 28.5747 ], [ -16.3168, 28.5748 ], [ -16.3167, 28.5749 ], [ -16.3167, 28.5747 ] ] ], [ [ [ -16.3301, 28.5764 ], [ -16.3302, 28.5764 ], [ -16.3303, 28.5765 ], [ -16.3301, 28.5764 ] ] ], [ [ [ -16.3178, 28.5771 ], [ -16.3176, 28.5769 ], [ -16.3178, 28.5769 ], [ -16.3178, 28.5771 ] ] ], [ [ [ -16.2248, 28.5659 ], [ -16.2247, 28.5659 ], [ -16.2248, 28.5658 ], [ -16.2248, 28.5659 ] ] ], [ [ [ -16.2272, 28.5664 ], [ -16.2271, 28.5664 ], [ -16.2272, 28.5663 ], [ -16.2272, 28.5664 ] ] ], [ [ [ -16.2319, 28.5667 ], [ -16.2318, 28.5668 ], [ -16.2318, 28.5667 ], [ -16.2319, 28.5667 ] ] ], [ [ [ -16.2312, 28.5671 ], [ -16.2313, 28.5672 ], [ -16.2312, 28.5672 ], [ -16.2312, 28.5671 ] ] ], [ [ [ -16.2306, 28.5672 ], [ -16.2305, 28.5672 ], [ -16.2305, 28.5671 ], [ -16.2306, 28.5672 ] ] ], [ [ [ -16.2175, 28.568 ], [ -16.2174, 28.5681 ], [ -16.2174, 28.568 ], [ -16.2175, 28.568 ] ] ], [ [ [ -16.2358, 28.5695 ], [ -16.2358, 28.5696 ], [ -16.2356, 28.5696 ], [ -16.2358, 28.5695 ] ] ], [ [ [ -16.2358, 28.5699 ], [ -16.2358, 28.57 ], [ -16.2357, 28.57 ], [ -16.2358, 28.5699 ] ] ], [ [ [ -16.237, 28.5699 ], [ -16.2371, 28.5699 ], [ -16.2371, 28.57 ], [ -16.237, 28.5699 ] ] ], [ [ [ -16.2367, 28.5699 ], [ -16.2367, 28.57 ], [ -16.2366, 28.57 ], [ -16.2367, 28.5699 ] ] ], [ [ [ -16.2363, 28.5699 ], [ -16.2363, 28.5701 ], [ -16.2362, 28.57 ], [ -16.2363, 28.5699 ] ] ], [ [ [ -16.2383, 28.5703 ], [ -16.2383, 28.5705 ], [ -16.2382, 28.5704 ], [ -16.2383, 28.5703 ] ] ], [ [ [ -16.2982, 28.5706 ], [ -16.2981, 28.5706 ], [ -16.2981, 28.5705 ], [ -16.2982, 28.5706 ] ] ], [ [ [ -16.2405, 28.5711 ], [ -16.2406, 28.5711 ], [ -16.2406, 28.5712 ], [ -16.2405, 28.5711 ] ] ], [ [ [ -16.302, 28.5713 ], [ -16.3022, 28.5712 ], [ -16.3022, 28.5714 ], [ -16.302, 28.5713 ] ] ], [ [ [ -16.2451, 28.5715 ], [ -16.2449, 28.5715 ], [ -16.2454, 28.5713 ], [ -16.2451, 28.5715 ] ] ], [ [ [ -16.2941, 28.5718 ], [ -16.2941, 28.5717 ], [ -16.2942, 28.572 ], [ -16.2941, 28.5718 ] ] ], [ [ [ -16.2606, 28.5725 ], [ -16.2606, 28.5723 ], [ -16.2609, 28.5727 ], [ -16.2606, 28.5725 ] ] ], [ [ [ -16.2929, 28.5727 ], [ -16.2927, 28.5724 ], [ -16.2928, 28.5724 ], [ -16.2929, 28.5727 ] ] ], [ [ [ -16.276, 28.5726 ], [ -16.2759, 28.5728 ], [ -16.2756, 28.5726 ], [ -16.276, 28.5726 ] ] ], [ [ [ -16.2767, 28.5734 ], [ -16.276, 28.5733 ], [ -16.2762, 28.5729 ], [ -16.2767, 28.5734 ] ] ], [ [ [ -16.2801, 28.5731 ], [ -16.2801, 28.5732 ], [ -16.2799, 28.5731 ], [ -16.2801, 28.5731 ] ] ], [ [ [ -16.2629, 28.5736 ], [ -16.2631, 28.5737 ], [ -16.263, 28.5739 ], [ -16.2629, 28.5736 ] ] ], [ [ [ -16.2645, 28.5744 ], [ -16.2647, 28.5746 ], [ -16.2646, 28.5747 ], [ -16.2645, 28.5744 ] ] ], [ [ [ -16.2868, 28.5749 ], [ -16.2868, 28.5752 ], [ -16.2866, 28.5751 ], [ -16.2868, 28.5749 ] ] ], [ [ [ -16.2727, 28.5757 ], [ -16.2724, 28.5755 ], [ -16.2726, 28.5754 ], [ -16.2727, 28.5757 ] ] ], [ [ [ -16.2696, 28.5763 ], [ -16.2696, 28.5764 ], [ -16.2695, 28.5764 ], [ -16.2696, 28.5763 ] ] ], [ [ [ -16.2104, 28.5691 ], [ -16.2105, 28.5692 ], [ -16.2104, 28.5692 ], [ -16.2104, 28.5691 ] ] ], [ [ [ -16.2128, 28.5692 ], [ -16.2127, 28.5692 ], [ -16.2128, 28.5691 ], [ -16.2128, 28.5692 ] ] ], [ [ [ -16.2084, 28.5692 ], [ -16.2084, 28.5693 ], [ -16.2083, 28.5693 ], [ -16.2084, 28.5692 ] ] ], [ [ [ -16.2065, 28.5727 ], [ -16.2064, 28.5725 ], [ -16.2067, 28.5725 ], [ -16.2065, 28.5727 ] ] ], [ [ [ -16.2044, 28.5725 ], [ -16.2047, 28.5725 ], [ -16.2046, 28.5726 ], [ -16.2044, 28.5725 ] ] ], [ [ [ -16.2056, 28.5726 ], [ -16.2052, 28.5728 ], [ -16.2052, 28.5726 ], [ -16.2056, 28.5726 ] ] ], [ [ [ -16.2057, 28.5728 ], [ -16.2057, 28.5726 ], [ -16.2058, 28.5726 ], [ -16.2057, 28.5728 ] ] ], [ [ [ -16.1938, 28.5732 ], [ -16.1937, 28.5731 ], [ -16.1939, 28.5731 ], [ -16.1938, 28.5732 ] ] ], [ [ [ -16.2009, 28.5733 ], [ -16.2009, 28.5731 ], [ -16.2012, 28.5733 ], [ -16.2009, 28.5733 ] ] ], [ [ [ -16.2025, 28.5739 ], [ -16.2027, 28.5742 ], [ -16.2025, 28.5741 ], [ -16.2025, 28.5739 ] ] ], [ [ [ -16.1905, 28.5754 ], [ -16.1904, 28.5755 ], [ -16.1904, 28.5754 ], [ -16.1905, 28.5754 ] ] ], [ [ [ -16.1906, 28.5756 ], [ -16.1906, 28.5757 ], [ -16.1905, 28.5756 ], [ -16.1906, 28.5756 ] ] ], [ [ [ -16.1901, 28.5757 ], [ -16.1901, 28.5756 ], [ -16.1903, 28.5757 ], [ -16.1901, 28.5757 ] ] ], [ [ [ -16.2042, 28.5761 ], [ -16.204, 28.5758 ], [ -16.2041, 28.5757 ], [ -16.2042, 28.5761 ] ] ], [ [ [ -16.1912, 28.576 ], [ -16.1912, 28.5761 ], [ -16.1911, 28.5761 ], [ -16.1912, 28.576 ] ] ], [ [ [ -16.1874, 28.5764 ], [ -16.1876, 28.5766 ], [ -16.1875, 28.5767 ], [ -16.1874, 28.5764 ] ] ], [ [ [ -16.1888, 28.5767 ], [ -16.1888, 28.5766 ], [ -16.1889, 28.5766 ], [ -16.1888, 28.5767 ] ] ], [ [ [ -16.1874, 28.577 ], [ -16.1872, 28.5768 ], [ -16.1875, 28.5768 ], [ -16.1874, 28.577 ] ] ], [ [ [ -16.1845, 28.5777 ], [ -16.1845, 28.5779 ], [ -16.1843, 28.5779 ], [ -16.1845, 28.5777 ] ] ], [ [ [ -16.1821, 28.5784 ], [ -16.1823, 28.5784 ], [ -16.1823, 28.5785 ], [ -16.1821, 28.5784 ] ] ], [ [ [ -16.1813, 28.5794 ], [ -16.1814, 28.5795 ], [ -16.1812, 28.5795 ], [ -16.1813, 28.5794 ] ] ], [ [ [ -16.1756, 28.5822 ], [ -16.1755, 28.5821 ], [ -16.1757, 28.5821 ], [ -16.1756, 28.5822 ] ] ], [ [ [ -16.1734, 28.5838 ], [ -16.1734, 28.5837 ], [ -16.1735, 28.5837 ], [ -16.1734, 28.5838 ] ] ], [ [ [ -16.1735, 28.5849 ], [ -16.1737, 28.585 ], [ -16.1734, 28.5853 ], [ -16.1735, 28.5849 ] ] ], [ [ [ -16.173, 28.5853 ], [ -16.1732, 28.585 ], [ -16.1734, 28.5851 ], [ -16.173, 28.5853 ] ] ], [ [ [ -16.1717, 28.5854 ], [ -16.1715, 28.5854 ], [ -16.1715, 28.5853 ], [ -16.1717, 28.5854 ] ] ], [ [ [ -16.1722, 28.5858 ], [ -16.172, 28.5858 ], [ -16.1724, 28.5853 ], [ -16.1722, 28.5858 ] ] ], [ [ [ -16.1717, 28.5857 ], [ -16.1722, 28.5853 ], [ -16.1721, 28.5855 ], [ -16.1717, 28.5857 ] ] ], [ [ [ -16.1523, 28.5869 ], [ -16.1522, 28.5869 ], [ -16.1523, 28.5868 ], [ -16.1523, 28.5869 ] ] ], [ [ [ -16.1525, 28.5869 ], [ -16.1525, 28.5868 ], [ -16.1526, 28.5868 ], [ -16.1525, 28.5869 ] ] ], [ [ [ -16.1664, 28.5876 ], [ -16.1661, 28.5876 ], [ -16.1661, 28.5875 ], [ -16.1664, 28.5876 ] ] ], [ [ [ -16.1658, 28.588 ], [ -16.1657, 28.5881 ], [ -16.1657, 28.5877 ], [ -16.1658, 28.588 ] ] ], [ [ [ -16.1664, 28.5877 ], [ -16.1665, 28.5878 ], [ -16.166, 28.588 ], [ -16.1664, 28.5877 ] ] ], [ [ [ -16.1605, 28.594 ], [ -16.1586, 28.5944 ], [ -16.1587, 28.5911 ], [ -16.1605, 28.594 ] ] ], [ [ [ -16.1555, 28.6038 ], [ -16.1576, 28.6019 ], [ -16.1573, 28.604 ], [ -16.1555, 28.6038 ] ] ], [ [ [ -16.1448, 28.5206 ], [ -16.1449, 28.5205 ], [ -16.1449, 28.5206 ], [ -16.1448, 28.5206 ] ] ], [ [ [ -16.1407, 28.5254 ], [ -16.141, 28.5256 ], [ -16.141, 28.5259 ], [ -16.1407, 28.5254 ] ] ], [ [ [ -16.138, 28.5318 ], [ -16.1379, 28.5318 ], [ -16.138, 28.5317 ], [ -16.138, 28.5318 ] ] ], [ [ [ -16.1281, 28.5376 ], [ -16.1283, 28.5377 ], [ -16.1279, 28.5378 ], [ -16.1281, 28.5376 ] ] ], [ [ [ -16.1282, 28.5382 ], [ -16.128, 28.5384 ], [ -16.1282, 28.538 ], [ -16.1282, 28.5382 ] ] ], [ [ [ -16.1254, 28.5436 ], [ -16.1257, 28.5436 ], [ -16.1256, 28.5437 ], [ -16.1254, 28.5436 ] ] ], [ [ [ -16.1258, 28.5475 ], [ -16.1258, 28.5473 ], [ -16.126, 28.5474 ], [ -16.1258, 28.5475 ] ] ], [ [ [ -16.1239, 28.5492 ], [ -16.1238, 28.5492 ], [ -16.1238, 28.5491 ], [ -16.1239, 28.5492 ] ] ], [ [ [ -16.1221, 28.5505 ], [ -16.1221, 28.5504 ], [ -16.1222, 28.5504 ], [ -16.1221, 28.5505 ] ] ], [ [ [ -16.1204, 28.5512 ], [ -16.1201, 28.5511 ], [ -16.1202, 28.551 ], [ -16.1204, 28.5512 ] ] ], [ [ [ -16.1208, 28.5512 ], [ -16.1209, 28.5512 ], [ -16.1209, 28.5513 ], [ -16.1208, 28.5512 ] ] ], [ [ [ -16.1195, 28.5513 ], [ -16.1196, 28.5513 ], [ -16.1196, 28.5514 ], [ -16.1195, 28.5513 ] ] ], [ [ [ -16.1217, 28.5599 ], [ -16.1218, 28.5599 ], [ -16.1216, 28.56 ], [ -16.1217, 28.5599 ] ] ], [ [ [ -16.123, 28.5603 ], [ -16.1231, 28.5604 ], [ -16.1227, 28.5604 ], [ -16.123, 28.5603 ] ] ], [ [ [ -16.1238, 28.5609 ], [ -16.1237, 28.5609 ], [ -16.1238, 28.5608 ], [ -16.1238, 28.5609 ] ] ], [ [ [ -16.123, 28.561 ], [ -16.1228, 28.5608 ], [ -16.1229, 28.5608 ], [ -16.123, 28.561 ] ] ], [ [ [ -16.1247, 28.562 ], [ -16.1248, 28.5621 ], [ -16.1245, 28.5621 ], [ -16.1247, 28.562 ] ] ], [ [ [ -16.1267, 28.5656 ], [ -16.1267, 28.5657 ], [ -16.1266, 28.5656 ], [ -16.1267, 28.5656 ] ] ], [ [ [ -16.1257, 28.5664 ], [ -16.1256, 28.5663 ], [ -16.1257, 28.5663 ], [ -16.1257, 28.5664 ] ] ], [ [ [ -16.1255, 28.5679 ], [ -16.1254, 28.5678 ], [ -16.1255, 28.5678 ], [ -16.1255, 28.5679 ] ] ], [ [ [ -16.1238, 28.5684 ], [ -16.1237, 28.5685 ], [ -16.1237, 28.5684 ], [ -16.1238, 28.5684 ] ] ], [ [ [ -16.1262, 28.5689 ], [ -16.1261, 28.569 ], [ -16.1261, 28.5689 ], [ -16.1262, 28.5689 ] ] ], [ [ [ -16.1268, 28.5713 ], [ -16.1266, 28.5713 ], [ -16.1266, 28.5712 ], [ -16.1267, 28.5712 ], [ -16.1268, 28.5713 ] ] ], [ [ [ -16.1267, 28.5715 ], [ -16.1265, 28.5714 ], [ -16.1266, 28.5713 ], [ -16.1267, 28.5715 ] ] ], [ [ [ -16.1297, 28.5738 ], [ -16.1298, 28.5737 ], [ -16.1298, 28.5739 ], [ -16.1297, 28.5738 ] ] ], [ [ [ -16.1306, 28.574 ], [ -16.1305, 28.5738 ], [ -16.1306, 28.5738 ], [ -16.1306, 28.574 ] ] ], [ [ [ -16.1309, 28.574 ], [ -16.1309, 28.5741 ], [ -16.1308, 28.574 ], [ -16.1309, 28.574 ] ] ], [ [ [ -16.1339, 28.5763 ], [ -16.134, 28.5763 ], [ -16.1339, 28.5764 ], [ -16.1339, 28.5763 ] ] ], [ [ [ -16.134, 28.5766 ], [ -16.134, 28.5768 ], [ -16.1338, 28.5767 ], [ -16.134, 28.5766 ] ] ], [ [ [ -16.1343, 28.5786 ], [ -16.1344, 28.5788 ], [ -16.1342, 28.5786 ], [ -16.1343, 28.5786 ] ] ], [ [ [ -16.1335, 28.5803 ], [ -16.1333, 28.5801 ], [ -16.1335, 28.58 ], [ -16.1335, 28.5803 ] ] ], [ [ [ -16.1335, 28.5808 ], [ -16.1334, 28.5812 ], [ -16.1324, 28.5812 ], [ -16.1335, 28.5808 ] ] ], [ [ [ -16.1319, 28.5815 ], [ -16.132, 28.5816 ], [ -16.1318, 28.5816 ], [ -16.1319, 28.5815 ] ] ], [ [ [ -16.1349, 28.582 ], [ -16.1348, 28.5821 ], [ -16.1348, 28.582 ], [ -16.1349, 28.582 ] ] ], [ [ [ -16.135, 28.5827 ], [ -16.1352, 28.5826 ], [ -16.1352, 28.5828 ], [ -16.135, 28.5827 ] ] ], [ [ [ -16.1366, 28.5833 ], [ -16.1365, 28.5834 ], [ -16.1363, 28.5831 ], [ -16.1366, 28.5833 ] ] ], [ [ [ -16.138, 28.5835 ], [ -16.138, 28.5834 ], [ -16.1382, 28.5834 ], [ -16.138, 28.5835 ] ] ], [ [ [ -16.1386, 28.5836 ], [ -16.1385, 28.5839 ], [ -16.1384, 28.5838 ], [ -16.1386, 28.5836 ] ] ], [ [ [ -16.1389, 28.584 ], [ -16.1391, 28.584 ], [ -16.1391, 28.5841 ], [ -16.1389, 28.584 ] ] ], [ [ [ -16.1383, 28.5842 ], [ -16.1384, 28.5847 ], [ -16.1382, 28.5846 ], [ -16.1383, 28.5842 ] ] ], [ [ [ -16.1402, 28.5851 ], [ -16.1403, 28.585 ], [ -16.1404, 28.5851 ], [ -16.1402, 28.5851 ] ] ], [ [ [ -16.1432, 28.5856 ], [ -16.1435, 28.5856 ], [ -16.1435, 28.5857 ], [ -16.1432, 28.5856 ] ] ], [ [ [ -16.1471, 28.5856 ], [ -16.1472, 28.5857 ], [ -16.1471, 28.5857 ], [ -16.1471, 28.5856 ] ] ], [ [ [ -16.1495, 28.5871 ], [ -16.1495, 28.5872 ], [ -16.1494, 28.5872 ], [ -16.1495, 28.5871 ] ] ] ] } }
]
}
